,catchment,season,Ca_uM,Mg_uM,Na_uM,Cl_uM,Si_uM,Sr_uM,Sr_ratio,norm_uM,F_Ca_bslt_norm,F_Ca_bslt_pct25_norm,F_Ca_bslt_pct75_norm,F_Ca_slct_norm,F_Ca_slct_pct25_norm,F_Ca_slct_pct75_norm,F_Ca_carb_norm,F_Ca_carb_pct25_norm,F_Ca_carb_pct75_norm,F_Ca_prec_norm,F_Ca_prec_pct25_norm,F_Ca_prec_pct75_norm,F_Ca_umfc_norm,F_Ca_umfc_pct25_norm,F_Ca_umfc_pct75_norm,F_Ca_clay_norm,F_Ca_clay_pct25_norm,F_Ca_clay_pct75_norm,F_Mg_bslt_norm,F_Mg_bslt_pct25_norm,F_Mg_bslt_pct75_norm,F_Mg_slct_norm,F_Mg_slct_pct25_norm,F_Mg_slct_pct75_norm,F_Mg_carb_norm,F_Mg_carb_pct25_norm,F_Mg_carb_pct75_norm,F_Mg_prec_norm,F_Mg_prec_pct25_norm,F_Mg_prec_pct75_norm,F_Mg_umfc_norm,F_Mg_umfc_pct25_norm,F_Mg_umfc_pct75_norm,F_Mg_clay_norm,F_Mg_clay_pct25_norm,F_Mg_clay_pct75_norm,F_Na_bslt_norm,F_Na_bslt_pct25_norm,F_Na_bslt_pct75_norm,F_Na_slct_norm,F_Na_slct_pct25_norm,F_Na_slct_pct75_norm,F_Na_carb_norm,F_Na_carb_pct25_norm,F_Na_carb_pct75_norm,F_Na_prec_norm,F_Na_prec_pct25_norm,F_Na_prec_pct75_norm,F_Na_umfc_norm,F_Na_umfc_pct25_norm,F_Na_umfc_pct75_norm,F_Na_clay_norm,F_Na_clay_pct25_norm,F_Na_clay_pct75_norm,F_Cl_bslt_norm,F_Cl_bslt_pct25_norm,F_Cl_bslt_pct75_norm,F_Cl_slct_norm,F_Cl_slct_pct25_norm,F_Cl_slct_pct75_norm,F_Cl_carb_norm,F_Cl_carb_pct25_norm,F_Cl_carb_pct75_norm,F_Cl_prec_norm,F_Cl_prec_pct25_norm,F_Cl_prec_pct75_norm,F_Cl_umfc_norm,F_Cl_umfc_pct25_norm,F_Cl_umfc_pct75_norm,F_Cl_clay_norm,F_Cl_clay_pct25_norm,F_Cl_clay_pct75_norm,F_Si_bslt_norm,F_Si_bslt_pct25_norm,F_Si_bslt_pct75_norm,F_Si_slct_norm,F_Si_slct_pct25_norm,F_Si_slct_pct75_norm,F_Si_carb_norm,F_Si_carb_pct25_norm,F_Si_carb_pct75_norm,F_Si_prec_norm,F_Si_prec_pct25_norm,F_Si_prec_pct75_norm,F_Si_umfc_norm,F_Si_umfc_pct25_norm,F_Si_umfc_pct75_norm,F_Si_clay_norm,F_Si_clay_pct25_norm,F_Si_clay_pct75_norm,F_Sr_bslt_norm,F_Sr_bslt_pct25_norm,F_Sr_bslt_pct75_norm,F_Sr_slct_norm,F_Sr_slct_pct25_norm,F_Sr_slct_pct75_norm,F_Sr_carb_norm,F_Sr_carb_pct25_norm,F_Sr_carb_pct75_norm,F_Sr_prec_norm,F_Sr_prec_pct25_norm,F_Sr_prec_pct75_norm,F_Sr_umfc_norm,F_Sr_umfc_pct25_norm,F_Sr_umfc_pct75_norm,F_Sr_clay_norm,F_Sr_clay_pct25_norm,F_Sr_clay_pct75_norm,F_Sr8786_x_Sr_bslt_norm,F_Sr8786_x_Sr_bslt_pct25_norm,F_Sr8786_x_Sr_bslt_pct75_norm,F_Sr8786_x_Sr_slct_norm,F_Sr8786_x_Sr_slct_pct25_norm,F_Sr8786_x_Sr_slct_pct75_norm,F_Sr8786_x_Sr_carb_norm,F_Sr8786_x_Sr_carb_pct25_norm,F_Sr8786_x_Sr_carb_pct75_norm,F_Sr8786_x_Sr_prec_norm,F_Sr8786_x_Sr_prec_pct25_norm,F_Sr8786_x_Sr_prec_pct75_norm,F_Sr8786_x_Sr_umfc_norm,F_Sr8786_x_Sr_umfc_pct25_norm,F_Sr8786_x_Sr_umfc_pct75_norm,F_Sr8786_x_Sr_clay_norm,F_Sr8786_x_Sr_clay_pct25_norm,F_Sr8786_x_Sr_clay_pct75_norm,F_norm_bslt_norm,F_norm_bslt_pct25_norm,F_norm_bslt_pct75_norm,F_norm_slct_norm,F_norm_slct_pct25_norm,F_norm_slct_pct75_norm,F_norm_carb_norm,F_norm_carb_pct25_norm,F_norm_carb_pct75_norm,F_norm_prec_norm,F_norm_prec_pct25_norm,F_norm_prec_pct75_norm,F_norm_umfc_norm,F_norm_umfc_pct25_norm,F_norm_umfc_pct75_norm,F_norm_clay_norm,F_norm_clay_pct25_norm,F_norm_clay_pct75_norm,Ca_bslt_uM,Ca_slct_uM,Ca_carb_uM,Ca_prec_uM,Ca_umfc_uM,Mg_bslt_uM,Mg_slct_uM,Mg_carb_uM,Mg_prec_uM,Mg_umfc_uM,Na_bslt_uM,Na_slct_uM,Na_carb_uM,Na_prec_uM,Na_umfc_uM,Cl_bslt_uM,Cl_slct_uM,Cl_carb_uM,Cl_prec_uM,Cl_umfc_uM,Si_bslt_uM,Si_slct_uM,Si_carb_uM,Si_prec_uM,Si_umfc_uM,Sr_bslt_uM,Sr_slct_uM,Sr_carb_uM,Sr_prec_uM,Sr_umfc_uM,Sr8786_x_Sr_bslt_uM,Sr8786_x_Sr_slct_uM,Sr8786_x_Sr_carb_uM,Sr8786_x_Sr_prec_uM,Sr8786_x_Sr_umfc_uM,discharge,season_weight,drainage_area_km2,norm_bslt_uM,norm_slct_uM,norm_carb_uM,norm_prec_uM,norm_umfc_uM,Ca_bslt_mol_km2_season,Ca_slct_mol_km2_season,Ca_carb_mol_km2_season,Ca_prec_mol_km2_season,Ca_umfc_mol_km2_season,Mg_bslt_mol_km2_season,Mg_slct_mol_km2_season,Mg_carb_mol_km2_season,Mg_prec_mol_km2_season,Mg_umfc_mol_km2_season,Na_bslt_mol_km2_season,Na_slct_mol_km2_season,Na_carb_mol_km2_season,Na_prec_mol_km2_season,Na_umfc_mol_km2_season,Cl_bslt_mol_km2_season,Cl_slct_mol_km2_season,Cl_carb_mol_km2_season,Cl_prec_mol_km2_season,Cl_umfc_mol_km2_season,Si_bslt_mol_km2_season,Si_slct_mol_km2_season,Si_carb_mol_km2_season,Si_prec_mol_km2_season,Si_umfc_mol_km2_season,Sr_bslt_mol_km2_season,Sr_slct_mol_km2_season,Sr_carb_mol_km2_season,Sr_prec_mol_km2_season,Sr_umfc_mol_km2_season,Sr8786_x_Sr_bslt_mol_km2_season,Sr8786_x_Sr_slct_mol_km2_season,Sr8786_x_Sr_carb_mol_km2_season,Sr8786_x_Sr_prec_mol_km2_season,Sr8786_x_Sr_umfc_mol_km2_season,norm_bslt_mol_km2_season,norm_slct_mol_km2_season,norm_carb_mol_km2_season,norm_prec_mol_km2_season,norm_umfc_mol_km2_season
0,bagsit_river,dry,160.611807,1033.552767,125.9690778,59.09231941,448.0505608,0.40007409130000005,0.706859983,1320.1336517999998,0.34131191797450733,0.34416247347582124,0.33831989005977015,0.033938575023976375,0.019921426517555744,0.055116570703643425,0.47082869394812005,0.4616905076289092,0.43881864080519845,0.04721872689145694,0.0732943778425158,0.03697238322770152,0.10670208616193944,0.10093121453519788,0.13077251520368638,0.8159982333534059,0.8500044895681211,0.7545490327341181,0.19740774089405397,0.14465487379940384,0.26358929440126544,0.018628920194790052,0.00864550113759713,0.02704178574887763,0.01916023142291834,0.013083138286538716,0.02335683522764876,0.008638117591574415,0.00914033740708546,0.008263026568285337,0.7561649898966631,0.8244761493693749,0.6777490580539227,0.16540058979387662,0.23961216056304907,0.07889376924948527,0.32487586239153354,0.23429144785198489,0.3481743605027966,0.468229087068957,0.41954551128926976,0.48576159545781517,0.0,0.0,0.0,0.18632289238611233,0.3212933925017659,0.14549471586540644,0.020572158153397142,0.0248696483569794,0.02056932817398191,0.38889272525060775,0.5377897761306921,0.24506362866078035,0.0,0.0,0.0,0.0,0.0,0.0,0.0,0.0,0.0,1.0,1.0,1.0,0.0,0.0,0.0,0.0,0.0,0.0,0.47604127015975073,0.4503745749906008,0.46667126798770814,0.26752706739320764,0.19322468712776433,0.30586851441852136,0.0013483819299008894,0.0013219579139038043,0.001276379037486221,0.0,0.0,0.0,0.2550832805171408,0.3550787799677311,0.22618383855628438,0.8420017353022091,0.8721443853285983,0.8064559692297305,0.060871244916667906,0.05632480067492844,0.06948011871422814,0.09835755482505752,0.0841871257444062,0.109002451420257,0.19667304038402272,0.1907778857236824,0.18699906862726978,0.2934796207526821,0.28678869063418755,0.2927538742761622,0.3506185391215697,0.3819214972227954,0.341764486962083,0.8560420021689682,0.8864121104214687,0.8121259408930618,0.060653783534860124,0.056033486627259585,0.06916737679006218,0.09798516585721818,0.083704421748819,0.1084946545884185,0.19725971297613693,0.19094265847020672,0.18761538613042555,0.29463349113109844,0.2871787520105596,0.29370642295899757,0.34946784650068635,0.3821406811431551,0.3410161595320962,0.8561349460766048,0.88634057568014,0.8120882625872861,0.26632730112416236,0.21870964367232557,0.30426390608080345,0.06951684639281211,0.045488683076154404,0.08476306866260627,0.17227240149046286,0.1312560411832992,0.18810083136470407,0.036124681551493246,0.04844364625780346,0.03334850229534972,0.4557587694410694,0.5561019858104174,0.3895236915965366,0.45248839041463346,0.49999922849880957,0.38711659761064215,54.818723896521405,5.450935861605914,75.62064732245753,7.5838850502763915,17.137614869138787,204.0313168282685,19.253972013547436,19.803110203517594,8.927950338443113,781.5364176162232,40.92431278494118,58.982386297212415,0.0,23.47092292690721,2.5914557909391887,0.0,0.0,0.0,59.09231941,0.0,213.29055805902064,119.86565257470609,0.6041432798646799,0.0,114.29020688640865,0.02435300799633566,0.03935030936912482,0.0786837879148461,0.11741359258769792,0.14027339343199552,0.0428737323983369,0.06926179267208542,0.139434997360897,0.20826462453215888,0.24702483603652176,33932538.552,0.18494212888751171,89.34661867,351.58763260707866,91.77152829016269,227.42259448396047,47.68940777668486,601.6624886421131,20819.349290212554,2070.1856882976545,28719.61545712165,2880.2485832499397,6508.615389063838,77488.10897546803,7312.376868361543,7520.931518542104,3390.7049148496044,296816.0968520116,15542.45523737315,22400.647351986878,0.0,8913.913127590098,984.1969941429197,0.0,0.0,0.0,22442.398339806394,0.0,81004.63332414225,45523.2211089545,229.44477855011783,0.0,43405.748410166634,9.248916131286025,14.94467176908727,29.88295143769549,44.59196460166254,53.27378250352596,6.514332928959667,10.523795141755501,21.18607230922424,31.644203236662715,37.533518395659854,133527.8388308157,34853.48374719758,86371.77399433029,18111.739336004215,228502.61033992376
1,bagsit_river,wet,122.8180624,671.2246268,98.647549015,19.783657235,427.07937425,0.2000027246,0.7078859399999999,892.690238215,0.33539676545445324,0.3606146812379818,0.33850181557900466,0.029737858751576828,0.017957867478010266,0.04642185777136371,0.4385958392634462,0.41008751688005496,0.4325655195835041,0.03429110204046286,0.06188417415168367,0.026546756885239487,0.16197843449006083,0.14945576025226923,0.15596405018088794,0.7606320031688377,0.8197089192676944,0.680641410623547,0.16535304874734696,0.09531848258086255,0.2612411673175969,0.011427564540654508,0.0048474590808918125,0.019108168916133685,0.015352591713617615,0.008663425328851344,0.02051887244077754,0.005254425344479207,0.005566342854175324,0.00541270909225743,0.8026123696539017,0.8856042901552189,0.6937190822332345,0.12407689168026781,0.2127789194941324,0.057442923258280924,0.3226752941325959,0.2608047213308692,0.3700623381554181,0.4519289251569514,0.41341613732248045,0.4597940198330164,0.0,0.0,0.0,0.1926780249797399,0.2930978969103106,0.13885245139768057,0.032717755730712714,0.03268124443633979,0.031291190613884974,0.5815434921530708,0.6998559643289378,0.37949321451071844,0.0,0.0,0.0,0.0,0.0,0.0,0.0,0.0,0.0,1.0,1.0,1.0,0.0,0.0,0.0,0.0,0.0,0.0,0.45699430066880553,0.4174541297347826,0.47286340170637686,0.20303128514072505,0.15537157393212858,0.2528139713483183,0.0012541965178441538,0.0009254668662741753,0.0012044752820529509,0.0,0.0,0.0,0.3387202176726252,0.42624882946681475,0.2731181516632519,0.7539946611985334,0.8056104410101599,0.6868141863904518,0.06402013216580982,0.06086075501132543,0.07302172588768994,0.07918107798598595,0.06426719710045321,0.09064710597190075,0.19014586658762017,0.17010833018304086,0.19501934844305122,0.25507830397801834,0.25818596323638077,0.23316320558312081,0.4115746192825657,0.4465777544687996,0.4081486141142374,0.872307965499496,0.9023734873408389,0.8200041805217047,0.06371591415555838,0.060536041909502784,0.07270287833510729,0.07884100302200571,0.06393836600979941,0.09024200660989953,0.19052944004735634,0.1704332596678479,0.19543772818230806,0.25588614784986263,0.2587258841029655,0.23393954277320228,0.41102749492521695,0.4463664483098844,0.40767784409948293,0.8724319599162746,0.9022685772133642,0.8201283307806497,0.24168866206213113,0.16590819161374268,0.30176539519167583,0.05041790343369437,0.031895440968722995,0.06956569342090367,0.14985909052424137,0.09563085342600074,0.1751653544610677,0.024717669993679154,0.03171856504502336,0.023303617696231974,0.5333166739862539,0.6748469489465103,0.43019993923012084,0.40685054780531194,0.4786701412481527,0.3166747278321249,41.192780868343206,3.652346191793549,53.86749115503831,4.2115667101703345,19.893877474654605,110.98903843568017,7.670462744033736,10.305037643385756,3.5268996908965176,538.7331882860038,31.831126893874792,44.58168079571663,0.0,19.007214913302285,3.2275264121062794,0.0,0.0,0.0,19.783657235,0.0,195.1728399654498,86.71047421107417,0.5356414640274102,0.0,144.66041860944858,0.012804200862414062,0.01583643133396227,0.03802969138895214,0.051016355781950684,0.08231604523272083,0.045103599784966746,0.055810437534775346,0.13487311176559647,0.18113820630367897,0.2909605846109824,149543983.299,0.8150578711124882,89.34661867,215.75310931010847,45.007570226525495,133.7777472187683,22.065222714777203,476.0865887448205,68946.45400031548,6113.117721052988,90160.76173404089,7049.113566284407,33297.395302784105,185768.00283288688,12838.443911638886,17248.066017248035,5903.1515274318,901705.1580790301,53277.37724678194,74618.62829952351,0.0,31813.34304383452,5402.075232995528,0.0,0.0,0.0,33112.914077602,0.0,326670.7163033552,145131.73414164354,896.5303818225283,0.0,242125.50566081458,21.431042701214402,26.50624117817904,63.65223014136459,85.38867134088349,137.77655468964076,15.098643821393615,18.68280850910205,45.14941346899978,60.636873164543594,97.40043486661854,361116.9606154518,75331.46111710707,223910.6246398852,36931.68634993132,796850.3557934738
2,bancal_river,dry,5377.160113,28437.91216,77682.8668,113848.17443,2232.6361935,17.081722525,0.7090011815,111497.939073,0.3188815666233596,0.25782023382127645,0.30283269085114606,0.03189878389833381,0.009971224495585091,0.05277919301953206,0.06828464966010844,4.356217495254923e-05,0.17341323702602487,0.5522152863315201,0.719949176630761,0.43053125089068456,0.028719713486678095,0.012215802877424922,0.04044362821261238,0.8904321394582253,0.9077650825888537,0.8664467269519419,0.390635515772672,0.37774661460197595,0.3647990183458285,0.028208258898177525,0.011046260340712637,0.04295266698856784,0.005269203220869382,3.7465546029352825e-06,0.014105644648170513,0.21811885471105213,0.3121405374580935,0.18251683714873307,0.35776816739722894,0.2990628410446149,0.39562583286870007,0.2148904400453742,0.33563686722216873,0.11375281544888863,0.07610202049370571,0.03799272994713977,0.11878825541595713,0.09650168734349518,0.026720135023074527,0.15163661232953057,0.0,0.0,0.0,0.8262865012788592,0.9347902067340751,0.7275971365540899,0.0011097908839398751,0.0004969282957106309,0.001977995700422445,0.12153564305044348,0.19783390833574752,0.06222805551381845,0.0,0.0,0.0,0.0,0.0,0.0,0.0,0.0,0.0,1.0,1.0,1.0,0.0,0.0,0.0,0.0,0.0,0.0,0.5798035216221544,0.708632613576422,0.5148240761427847,0.33351091109789593,0.20430855860226801,0.38661288960187007,0.00023146863044433592,2.092894633854391e-07,0.0005526748505651823,0.0,0.0,0.0,0.08645409864950535,0.08705861853184665,0.09801035940478,0.979945153975003,0.9843733402289824,0.9747260254081466,0.05563768003367036,0.06277065231106523,0.06297144330809969,0.09037746498685564,0.04598470173935728,0.10584466843881372,0.03095470936597977,2.4662490280014543e-05,0.07651509872859599,0.6053311367047315,0.7332656846378492,0.5234133781014836,0.2176990089087627,0.15795429882144812,0.23125541142300696,0.9360588609592757,0.9481128184006503,0.9160790723322918,0.055358812674477,0.06240751578552512,0.0626397221111219,0.08991745613358154,0.04570277714989586,0.10528296805590998,0.03100570448336246,2.4663972191574268e-05,0.07653358592364876,0.6064342512426694,0.7342520627782808,0.5241771674469303,0.2172837754659095,0.15761298031410673,0.2313665564623891,0.935949373975266,0.948032514669079,0.9160053402427162,0.2576958795486415,0.19909060993546146,0.27606485453647545,0.0589900416307528,0.02159405671636931,0.08477616049160842,0.02539394810935313,1.4421736432126844e-05,0.07444584909203204,0.5450921679561941,0.7104113447186141,0.42659920987099914,0.1128279627550585,0.06888956689312281,0.1381139260088848,0.48423688776110246,0.49999860624611486,0.4170412802635798,1714.6772408180814,171.5248684313272,367.17749448251413,2969.3500114507237,154.4304978173536,11108.85848411954,802.1839887329108,149.84513834827257,6202.844830712703,10174.179718086572,5911.823121223411,7496.527723879982,0.0,64188.30421748365,86.21173741295559,0.0,0.0,0.0,113848.17443,0.0,1294.4903274923818,744.6085310443233,0.5167852419899004,0.0,193.02054972130512,0.9503874122698898,1.5438027794183709,0.5287597562316851,10.340098512933066,3.7186740641469878,0.03924946359264137,0.06375158263618373,0.02198308111194383,0.4299626006331204,0.15405445352611055,54133430.277,0.20580806173422822,128.6467597,28732.559477277577,6577.268067659409,2831.372879119579,60776.65333194921,12580.085316994227,721521.172238156,72176.1630658378,154505.07531790348,1249476.4904123498,64983.00155972068,4674510.400491223,337551.9999467098,63053.52243647403,2610102.803564325,4281205.758147883,2487643.415885461,3154473.239797073,0.0,27009876.494821783,36277.14438503081,0.0,0.0,0.0,47906315.14576841,0.0,544710.1975282767,313324.75138079416,217.45870576670927,0.0,81221.3575742824,399.91470316255885,649.6186947574023,222.49747653186674,4351.022934526142,1564.7854920234668,282.11883695441276,458.23613117340227,158.01085437353225,3090.5020787915287,1107.3186555492769,12090409.496283343,2767656.8238801835,1191416.921012496,25574283.66860353,5293589.772290382
3,bancal_river,wet,222.92423355,1404.3340385,5952.8747475,17269.2790435,329.72744417,1.4311849435,0.708437965,7580.1330195499995,0.20242892419551425,0.12124279175081724,0.22819441000679827,0.0869516921507555,0.0904678316275746,0.10553082108746047,0.3780843110333681,0.3381845535889049,0.3878866338853517,0.3141359186579043,0.4432363489430973,0.2485388732049798,0.018399153962457778,0.0068684740896057675,0.02984926181540979,0.9506466671945565,0.9563346828159285,0.9436502352384887,0.3124229186586717,0.23647316065686166,0.32024152201307043,0.16838892420638343,0.22715655954290162,0.16103095012130875,0.04256415138811727,0.048719465586593735,0.038195523327324836,0.16345884812160794,0.29692425272274287,0.13531664333579263,0.3131651576252198,0.1907265614909,0.34521536120250323,0.36391305180187344,0.48262627711575795,0.22764906727124568,0.04875240950804211,0.0161868779301545,0.07928330018479786,0.5381771162255383,0.5316255623794325,0.4993330899663641,0.0,0.0,0.0,0.4125314622578874,0.45201908515946543,0.42019767768856825,0.0005390120085321977,0.00016847453094755613,0.0011859321602697924,0.08300907823671819,0.1304085852221174,0.04174783661398148,0.0,0.0,0.0,0.0,0.0,0.0,0.0,0.0,0.0,1.0,1.0,1.0,0.0,0.0,0.0,0.0,0.0,0.0,0.247988757530856,0.1318392825639513,0.30579322650430446,0.7100976863870383,0.8497924408301578,0.6314896473466354,0.0009921733708957979,0.0007386040268649367,0.0011495783358132338,0.0,0.0,0.0,0.04092138271120997,0.01762967257902585,0.061567547813246755,0.9551768993845251,0.9601005421331655,0.9464351369025368,0.03410353121577575,0.017564783931781135,0.04426159471765279,0.296802538519627,0.3738352366214832,0.2617194120204995,0.14440444412025605,0.12092994655034923,0.15553820957891523,0.41832413070785285,0.45056797288762085,0.37252003412633067,0.10636535543648844,0.03710206000876561,0.16596074955660187,0.907484209065733,0.9182134068779098,0.8904526889503893,0.033960868755631764,0.01746718121457502,0.04413007126958802,0.29555967279186635,0.37227560835700824,0.26061131524065406,0.14477257318086356,0.1212177952702849,0.1559515589365582,0.4196395831398671,0.45196983562630855,0.3737362177791082,0.10606730213177121,0.03706957953182328,0.16557083677409146,0.9072863245319208,0.9181125042281381,0.8903523107643826,0.16368238686679829,0.092633347536201,0.20104766474559363,0.29181704597351205,0.33942102199728025,0.26204914062309115,0.14613060265656774,0.12095783991352772,0.15946034043448726,0.32503251117551557,0.4142134546321152,0.27904987624013133,0.07333745332760634,0.03277433592087584,0.09839297795669674,0.4999992087487478,0.4999999004999802,0.4810938756343887,45.12631277463606,19.38363932858272,84.28415525439338,70.02850889733845,4.101617295049346,438.7461390798894,236.47429796942083,59.7742866142001,229.5508243111758,439.78849052531393,290.2169874402028,3203.70096486138,0.0,2455.748124224227,3.208670974190574,0.0,0.0,0.0,17269.2790435,0.0,81.768699203543,234.13869524342834,0.3271467897590049,0.0,13.49290293326969,0.0488084603962005,0.42477932432186893,0.20666946619939755,0.598699197371805,0.15222849521072812,0.02405916875087185,0.20938569312873567,0.10256238713206456,0.29728861231305576,0.07514210367527216,208895285.998,0.7941919382657717,128.6467597,1240.734265407775,2212.012025851359,1107.68940636379,2463.78967038878,555.9076515382958,73275.6428150658,31474.954290872578,136859.74491720012,113711.5729011479,6660.164001811826,712431.4706203345,383984.5342447318,97060.87216435156,372742.2688871636,714124.0301827375,471251.36096839554,5202136.694833415,0.0,3987618.5606629937,5210.20694489378,0.0,0.0,0.0,28041677.79416833,0.0,132775.17323903923,380192.006546703,531.2175943599372,0.0,21909.637085003276,79.25467627294121,689.7523003857983,335.58775479035364,972.1616024640242,247.18706571581237,55.91214641914722,486.60049952325375,238.34918262574854,690.8819083697696,174.6259958703815,2014691.5462486818,3591842.389569607,1798654.6717454463,4000676.3406632645,902677.1302081139
4,bayaoas_river,dry,603.4358002,792.5529726,216.226618,65.86184526,746.0032046,0.3930860116,0.704105325,1612.2153907999998,0.42619503414630944,0.4636226836902911,0.3858120103859485,0.04630230910981332,0.013443075973285264,0.08160794055313578,0.43450366446347644,0.4426511207481772,0.42034302134667534,0.03367843337518809,0.0411093195034415,0.029172159795535977,0.05932055890521262,0.039173800084804825,0.08306486791870454,0.5353153012748881,0.5928877826198814,0.47828063746649685,0.42026187492312095,0.41526736070276776,0.3855436408858517,0.029451867258374235,0.015107494277147322,0.05367895061366667,0.029806697860659637,0.02994771668303048,0.0315699495505106,0.010336634949356967,0.01182924006155917,0.010197729337276666,0.5101429250084881,0.5278481882754953,0.5190097296126943,0.30958254386283546,0.41481409962661564,0.19837727061982843,0.40097275599285803,0.44686550448996126,0.4152522890401636,0.4635247663797074,0.33366522412880195,0.4683448669623674,0.0,0.0,0.0,0.12828476710497594,0.2119038277721975,0.10833362600412993,0.007217710522458533,0.007565443609039152,0.008069217993338984,0.35791560791016946,0.48374619552566644,0.23007154944321098,0.0,0.0,0.0,0.0,0.0,0.0,0.0,0.0,0.0,1.0,1.0,1.0,0.0,0.0,0.0,0.0,0.0,0.0,0.5871024520103171,0.6815675484917704,0.5137781051209559,0.2911675984341612,0.19207792359392534,0.353895785612131,0.001342943424368005,0.0013261478119912537,0.00134550326553393,0.0,0.0,0.0,0.12038700613115375,0.1250283801023129,0.13098060600137926,0.8033678625914473,0.834685691060263,0.7681822602866981,0.10041367278704895,0.1007793098754307,0.09969446122545716,0.1362649594038664,0.07934735667150007,0.16900428579511687,0.2240507964380168,0.2536216828862765,0.20449805325114462,0.09680599968303549,0.07557843090625722,0.11747501860473987,0.44246457168803244,0.4906732196605355,0.4093281811235415,0.8875777455468294,0.9084666031109895,0.8526861539326583,0.10029406979819137,0.10062339880168442,0.09939373559309778,0.135896163975248,0.07914520923349952,0.16852883368678642,0.2250558747891539,0.25483932574060153,0.20546720928979664,0.09731824652390593,0.07593204972925639,0.11807826593963212,0.44143564491350085,0.4894600164949581,0.40853195549068705,0.887795045991164,0.908674196373116,0.8528790307558028,0.43249488030412453,0.45895084785889984,0.38974393725375245,0.09730157238524942,0.056419398626881175,0.12688586187789802,0.20145623014509917,0.20633836314115428,0.2057124150057479,0.03262293714603804,0.043738067736066706,0.03193521104300857,0.236124380019489,0.23455332263699805,0.24572257481959311,0.44951820305544427,0.49997406190450017,0.38471055380052616,257.1813414713446,27.94047094878795,262.19506645535023,20.322772393239013,35.79614893127822,333.07979824076887,23.342164944245113,23.623386992855856,8.192330755793915,404.3152916663361,86.70098293847492,100.22639259352424,0.0,27.738581332026598,1.5606611359742215,0.0,0.0,0.0,65.86184526,0.0,437.9803106282142,217.21196150757018,1.0018400981750295,0.0,89.80909236604055,0.03947121014596853,0.05356384941290176,0.08807123396762352,0.038053084314355286,0.17392663375915096,0.07061758861082822,0.09568521270204529,0.1584630398615765,0.0685222955971449,0.3108171882284051,9936586.5589,0.21781664904391188,63.83787882,697.2749024685132,156.87109254853937,324.79083481247574,52.59520135994355,380.6833596105281,40031.1650089384,4349.0309078390255,40811.56863773948,3163.3097893436984,5571.794346955742,51845.02222532255,3633.2886795096174,3677.0618637059624,1275.1646072642,62933.07307495917,13495.30776451742,15600.584541662993,0.0,4317.606090953289,242.92230182718112,0.0,0.0,0.0,10251.623933184872,0.0,68173.14967375917,33809.79282275636,155.93987516036103,0.0,13979.095743259957,6.143830331609822,8.337398359051294,13.708592074870966,5.9230941427246995,27.072281898947693,4.320751057203725,5.854518570713862,9.695592280598444,4.192550141792751,19.01741083281688,108533.24940922491,24417.52793968812,50554.81640847471,8186.624940490999,59254.68114266
5,bayaoas_river,wet,577.17357615,811.41272,210.85111395,62.968437085,921.4047456000001,0.348825997,0.7040754055,1599.4374101000003,0.4311103307980225,0.47756626563922094,0.3741193150346519,0.04215300967678699,0.015017145291248198,0.08220976660346946,0.4320208299735587,0.42206911127118196,0.4341631507545738,0.03274698270742635,0.04215530309041306,0.028790626439772333,0.061968846844205505,0.04319217470793599,0.08071714116753251,0.546022371360753,0.6136266593948068,0.45457449716953713,0.4073603393207126,0.42838922013208375,0.3892630479012657,0.026826159120904705,0.014829592190462884,0.043767482470010347,0.030945227742195866,0.02878407826025786,0.032760878053737376,0.01071388341283361,0.012724459063433472,0.00982481373321341,0.5241543904033533,0.5152726503537621,0.5243837778417733,0.2721425378012254,0.37344017461199497,0.17034235953388027,0.4184296437051329,0.41923010457506327,0.41946233540726174,0.4405785221551458,0.3346827550767377,0.46490602824943666,0.0,0.0,0.0,0.13228485571985743,0.236320011364044,0.10590024473576647,0.008706978419863782,0.009767128984155063,0.009731391607535105,0.43246692465597936,0.5449577274743549,0.2828731226845506,0.0,0.0,0.0,0.0,0.0,0.0,0.0,0.0,0.0,1.0,1.0,1.0,0.0,0.0,0.0,0.0,0.0,0.0,0.6056296116874338,0.7214442513521818,0.5396480092866479,0.26784080081715855,0.15521685889727044,0.3201218274046816,0.0014389649801241644,0.0013133255645756939,0.0014256879819869142,0.0,0.0,0.0,0.12509062251528352,0.12202556418597194,0.13880447532668358,0.746902915154273,0.789440560311558,0.691342272932209,0.10256654401123631,0.10810683285368441,0.10687208381136094,0.12245491483652649,0.07492937675918726,0.1570646509070082,0.23680071879324813,0.2584910518310696,0.2221197658439347,0.09426699018828791,0.06938062201003875,0.11379794725322892,0.44391083217070115,0.4890921165460201,0.40014555218446723,0.8939943260295993,0.9155259644811464,0.8572998426027936,0.10232806606328584,0.10786758885516923,0.10662284590960086,0.1221171388421275,0.074801426710008,0.1567060401592646,0.23800414304390377,0.259651010470652,0.22313092966156045,0.09478001264268963,0.06977556605420823,0.1144230924538151,0.4427706394079932,0.4879044079099625,0.39911709181575894,0.894161236515187,0.915723130040221,0.8575614580186703,0.42777489890670983,0.4672797547914378,0.38879760652525625,0.08635598775482858,0.047550469780111626,0.11535688875993494,0.20743161088824313,0.19487439668542522,0.21706264509900702,0.032721816933190255,0.04429856063724889,0.029886615912374834,0.24571568551702822,0.24599681810577645,0.2488962437034269,0.4465804179397467,0.499978532841722,0.36948039966655855,248.82549134190415,24.329603340636705,249.35100740712997,18.900693117367474,35.76678094296174,330.5373609483424,21.767086739446096,25.109351413314606,8.693381281770202,425.30553961712684,88.22635648492889,92.89647217885725,0.0,27.89240918724697,1.8358760989668892,0.0,0.0,0.0,62.968437085,0.0,558.0299982846867,246.78978493823428,1.3258691614386149,0.0,115.25909321564046,0.03577787697356389,0.04271545775540144,0.08260224682337142,0.03288277683661875,0.1548476386110445,0.07204667460753877,0.08597967404877073,0.16757286352431655,0.06673227583469683,0.3117439174846771,35682454.054,0.7821833509560882,63.83787882,684.1991764131375,138.12099740121036,331.77387849196265,52.336498129388154,393.00685966430177,139082.06736170294,13599.135331582029,139375.80680290415,10564.62285739241,19991.994427873677,184755.2646356811,12166.805771534842,14034.978835334341,4859.202465597664,237726.34142638955,49314.49743970831,51924.878482370026,0.0,15590.580822486472,1026.1707588206918,0.0,0.0,0.0,35196.47589596559,0.0,311913.2424605055,137944.20060361092,741.1002105512765,0.0,64424.560683935226,19.99819660140233,23.87598690505315,46.1708774087384,18.379968058603232,86.55274661754483,14.047500353731127,16.764125592097944,32.672984179442764,13.011310702397049,60.78313558529318,382436.0415386749,77203.31932641339,185446.42137918135,29253.708368268577,219672.85680684014
6,bucao_river,dry,827.6984879,850.6274429,1024.085975,476.8284771,773.0995193,2.081245672,0.704422364,2702.4119058,0.24555925465469786,0.21729443051911598,0.2853001742924759,0.11948410561207554,0.11078758583426748,0.1453991584105499,0.4406527213576615,0.40909485102447796,0.3918091150251062,0.15910452455818,0.23811608373552356,0.1291213030103829,0.03519939381738517,0.02470704888661502,0.048370249261485115,0.6255641371932656,0.6800015798194006,0.5650627970358231,0.3338209618394714,0.2858053319145956,0.3413563067703942,0.115195151918476,0.10942730840505181,0.12257187614174202,0.04082655877176869,0.03915270937128471,0.03870614044533207,0.0666012754109443,0.09703151824833428,0.055877202584550964,0.4435560520593397,0.4685831320607336,0.44148847405798086,0.4041160946526093,0.5048618599298388,0.2618706940387315,0.10822328997071823,0.040256568508459115,0.1810408175903949,0.5938104246299004,0.6153235521113634,0.5356277484749854,0.0,0.0,0.0,0.2955728867762659,0.3433820460140025,0.2800823207232849,0.002393398623115383,0.0010378333661750924,0.003249113211334701,0.14315925364297283,0.2281089712775458,0.07603292704499207,0.0,0.0,0.0,0.0,0.0,0.0,0.0,0.0,0.0,1.0,1.0,1.0,0.0,0.0,0.0,0.0,0.0,0.0,0.36078877949710714,0.2720715234046451,0.38023930626881003,0.5603162351118732,0.657889387772202,0.530579339532068,0.0012651240727366627,0.0010599865498965104,0.0013714465951480616,0.0,0.0,0.0,0.07762986131828299,0.06897910227325647,0.08780990760397386,0.8806844987177687,0.8991500569508201,0.8529015615848278,0.046875303706581425,0.0377616974419713,0.06176203349775863,0.3036453626292246,0.37630606970277036,0.2833277814945045,0.1885221885262528,0.19052051496770248,0.18149857460722554,0.14699797470637377,0.12468961737618964,0.15940473374559042,0.3139591704315674,0.27072210051136625,0.3140068766549209,0.6800326662586206,0.7421849481768298,0.6073095255688239,0.046762073403783216,0.03765171118039703,0.06155295785511271,0.3022889408623373,0.3752947718539593,0.28241663693396457,0.18917891772985795,0.19131749204318135,0.18210461660168298,0.147647550055536,0.12532736337881414,0.16010073613596273,0.3141225179484855,0.2704086615436482,0.31382505247327697,0.6805379131242617,0.7425381232580341,0.6077119438218397,0.23854586740681294,0.18149148747644786,0.2831422438552297,0.2523202719426897,0.2842980512353095,0.22085995002913736,0.1993923657457565,0.17330482952004256,0.19578018876251493,0.16236556438506627,0.21837027631920014,0.14517095319122067,0.14737593051967468,0.142535355449,0.15504666416189736,0.46908579606664613,0.49999976774989213,0.4099005017303281,203.24902376754446,98.89681354319883,364.72759115675643,131.690574394854,29.134485037646314,283.957271155928,97.98815751089028,34.728191290436165,56.652872596690194,377.3009503460554,110.8299534273707,608.1129276722755,0.0,302.6920479378369,2.451045962516775,0.0,0.0,0.0,476.8284771,0.0,278.9256319980472,433.180212020975,0.9780668124875721,0.0,60.01560846849024,0.09755902296300815,0.6319605967949442,0.3923609889462317,0.3059388986504059,0.65342616464541,0.032940250292634504,0.21293909033330385,0.13326186044622806,0.104006236248929,0.22127492667890458,264163551.01,0.19810851736190635,650.8452432,644.6491921595594,681.8733069726184,538.8403031169605,438.77863428613955,398.27046926472246,82494.2402494468,40140.00827707864,148034.78497834745,53450.26353062114,11825.03691131281,115251.91567023406,39771.2050836173,14095.397373315505,22994.135943096957,153138.03071344574,44983.40329215633,246819.45833878007,0.0,122855.94322332159,994.824824967169,0.0,0.0,0.0,193534.03139910425,0.0,113209.68569124301,175818.17525792654,396.97547921135174,0.0,24358.99534444382,39.59702895309471,256.4986947234268,159.2505640945152,124.17376742622204,265.21108939338774,27.825655332799524,179.87628150534283,112.57044390502122,87.857306991123,186.91782208268245,261648.71224889214,276757.1492467176,218703.24687145388,178090.44984404478,161649.09019863314
7,bucao_river,wet,575.16437075,890.3850922,554.1171573,1592.71006705,725.25106355,1.1441002855,0.7046891445,2019.66662025,0.3955981356388926,0.3986494519950921,0.35837153683328266,0.06640686063397859,0.04138790832632365,0.0973474619625667,0.4217293876789269,0.4248292679378067,0.41957360223802254,0.06276022977887474,0.09264619636018462,0.05539275911653754,0.05350538626932722,0.04248717538059298,0.06931463984959063,0.6512014636948293,0.7007737484275619,0.58063990822348,0.3914735910011067,0.364284292455233,0.36686948753642984,0.05581903907000443,0.0389536907831694,0.0705780763019907,0.03294223222893104,0.030881121828266078,0.032672847850109,0.021117754604223948,0.02487006057806647,0.018516128427190415,0.498647383095734,0.541010834355265,0.5113634598842801,0.24871417807219967,0.370665910646786,0.14802775535072074,0.2802751917448378,0.17244742225963164,0.3376771774183505,0.5456345616371224,0.5781536915958466,0.5094404802820107,0.0,0.0,0.0,0.16902473467346732,0.24487604253258374,0.14694874904274974,0.005065511944572428,0.004522843611937903,0.005933593256889064,0.2428410435160498,0.35158215319539887,0.1357704576467737,0.0,0.0,0.0,0.0,0.0,0.0,0.0,0.0,0.0,1.0,1.0,1.0,0.0,0.0,0.0,0.0,0.0,0.0,0.5048462820737605,0.5199211747537885,0.46300819033525675,0.38089422083413566,0.36580280517173797,0.4088716637156829,0.0012928915731732387,0.0012337111965588302,0.0013767770573389262,0.0,0.0,0.0,0.11296660551893063,0.11304230887791462,0.12674336889172147,0.8520556047524176,0.8752310886804137,0.822513736610144,0.08087082180281138,0.07661439531535988,0.08851170457034054,0.19236591618030527,0.18968221075846667,0.19715586360706747,0.21366021498704263,0.2107123598653153,0.20020682430783407,0.14296652726297643,0.12059399926172594,0.16347327227153274,0.3701365197668642,0.4023970347991322,0.3506523352432251,0.7699540551640853,0.8051865549339582,0.699740294992153,0.08062694974186957,0.07637646400803069,0.08839496762525845,0.19202430537988685,0.18887084273625118,0.1966179070478745,0.21462456837189836,0.21144896970316251,0.20114945068870702,0.14374230731962642,0.1210457945336091,0.16435256045890545,0.36898186918671877,0.4022579290189466,0.34948511417925465,0.770316611091494,0.8054416942901798,0.7001629007464317,0.38776415388664076,0.3564309469087072,0.36589257382900187,0.1485311669682091,0.13792477974088554,0.1551565370228113,0.19535702160403912,0.18048511071711443,0.20144865898069242,0.06134681062490463,0.08486155499998656,0.056828341053418954,0.20700084691620643,0.24029760763330635,0.2206738891140756,0.4620141058341291,0.499999502999506,0.4054015822340005,227.53395275461682,38.19486021002524,242.5637178911328,36.0974480688919,30.774391825333282,348.5622494173855,49.7004402488613,29.331272480430577,18.802933880338916,443.9881961729838,155.30529251136196,302.3454722189939,0.0,93.65950549064846,2.8068870789956692,0.0,0.0,0.0,1592.71006705,0.0,366.1403030032581,276.24393876000545,0.9376709884987241,0.0,81.92915079823774,0.09252433031321612,0.22008589962235633,0.24444871296666684,0.16356804465851485,0.4234732979392457,0.05681693623724256,0.1353174434813592,0.1512436034746748,0.10129364357352363,0.26001751773319975,1069264988.7,0.8018914826380936,650.8452432,783.1543181343327,299.9834399924713,394.5560555651359,123.90010567791792,418.0727008801423,373812.50299200416,62749.82754743858,398504.7041208706,59304.01705282453,50558.838788735826,572648.2809524009,81652.19187866639,48187.95722181629,30891.089845315535,729422.2989626343,255148.9982868045,496719.35273927293,0.0,153871.95516358936,4611.397428439376,0.0,0.0,0.0,2616642.1736038807,0.0,601527.0312624655,453837.4907748896,1540.4871886162168,0.0,134600.31154527195,152.00699097133096,361.5761956186149,401.6015374452269,268.7237638298652,695.7186456636906,106.79465499549278,254.34633840730294,284.28158086365863,190.3942809147829,488.7359815241096,1286633.8071598022,492838.8014278982,648210.8929936966,203553.83477377117,686846.0766256452
8,bulsa_river_ds,dry,490.60581865,596.0226291,342.3770222,49.129453080000005,579.3167171,0.6,0.704376384,1429.0054699500001,0.3593124207523069,0.3358395531184581,0.3272355558992434,0.08356868976075427,0.05877183386341076,0.11840068108258188,0.49517548480375795,0.5518203594833724,0.48032939064763586,0.021618435224880817,0.02754332360306857,0.01914850191070622,0.04032496945829996,0.026024929931690147,0.054885870459832495,0.6059230243902819,0.6560065366160782,0.5438168799865155,0.4377623115658001,0.45858223242023227,0.39363803498539424,0.07823066846343785,0.06774012466255226,0.0956495554192769,0.043125590572368734,0.04697122159212152,0.04100796309675359,0.008366306618458514,0.010222355743354556,0.007117057059677082,0.4325151227799348,0.4164840655817394,0.46258738943889816,0.33313942183612,0.44053599283604994,0.22514284574935756,0.2322048956161929,0.12279958968282735,0.3050702299117163,0.7097271276609964,0.804323300668646,0.6412630024952983,0.0,0.0,0.0,0.05464233068234515,0.070569018579517,0.04902940300009955,0.0034256460404654627,0.0023080910690095988,0.00463736459288595,0.23052166887338305,0.3587844264000668,0.12724600208543171,0.0,0.0,0.0,0.0,0.0,0.0,0.0,0.0,0.0,1.0,1.0,1.0,0.0,0.0,0.0,0.0,0.0,0.0,0.46003646641182044,0.45567240369457135,0.43567238663416186,0.4539229746729875,0.47597749115179644,0.4647573710916007,0.0014582824071099941,0.0014936646879467159,0.0015253771050577289,0.0,0.0,0.0,0.08458227650808214,0.06685644046568548,0.09804486516917976,0.8353611031477289,0.8568805203224553,0.8069066602803233,0.07855407167200569,0.07348453286252608,0.08878251796830715,0.2605028888300971,0.29315246700584696,0.252206046752191,0.23754853580766466,0.28271725907765527,0.22694838788059785,0.11072866944929732,0.07681088248464285,0.12147602868411392,0.31266583424093525,0.2738348585693288,0.31058701871478983,0.8317848703947458,0.8577297353781514,0.7899726857629594,0.07828440666938566,0.07326978718105456,0.08854372780695191,0.25981836651198004,0.29233029282636025,0.2514739000081914,0.23848787276687144,0.2836216209676944,0.22804274815732506,0.11131113184358848,0.07714185465958202,0.1221363191555914,0.31209822220817435,0.27363644436530876,0.3098033048719403,0.8321275068658972,0.8579542015584392,0.7902796839341776,0.3649127632449119,0.35414125296585663,0.35035886005610745,0.20532945702999367,0.2162768421632637,0.19629220747185006,0.2383381294696733,0.25022730870253496,0.23972760488375228,0.021303534253476673,0.028645382878269877,0.01928044648327621,0.17011611600194435,0.150709213290075,0.19434088110501407,0.4761596525513651,0.49999969499981395,0.4265033521409552,176.28076433429877,40.99928545358272,242.9359740975583,10.60613011143465,19.783664653125502,260.9162438603415,46.62724869382868,25.703827874433387,4.986508066590374,257.78880060480606,79.50162070133396,242.99426054313122,0.0,18.708278465089027,1.1728624904457858,0.0,0.0,0.0,49.129453080000005,0.0,266.50681546798023,262.96516750382153,0.8448073766916475,0.0,48.9999267515066,0.04713244300320341,0.15630173329805824,0.1425291214845988,0.0664372016695784,0.18759950054456115,0.05514168729336735,0.1830099215004952,0.16798522544738098,0.07840493254693412,0.21983461721182235,66818497.678,0.3251087687743849,144.3594834,521.4623347315485,293.4169172377245,340.5864907098145,30.44286697748536,243.09686029342723,81593.64085357627,18977.005149631037,112445.79461511406,4909.173014008321,9157.103638452043,120768.17555676232,21581.974631672314,11897.321344553517,2308.0643531091855,119320.60138299607,36798.267305446185,112472.77318719294,0.0,8659.348397051195,542.8733031505503,0.0,0.0,0.0,22740.149585125146,0.0,123355.83787852772,121716.54414668665,391.02910600903505,0.0,22680.196788981542,21.81580980476143,72.34610956943672,65.97129297406481,30.751246131790616,86.8326520454334,15.313790064613942,50.824986596613726,46.652371422219154,21.77439131788025,61.05183468554378,241365.02141586656,135811.49739092798,157644.49347324215,14090.841755165,112520.26269751434
9,bulsa_river_ds,wet,425.4778532,518.4370512,344.4746391,60.925309565,690.069097,1.5107384479,0.70447,1288.3895435,0.3593124207523069,0.3358395531184581,0.3272355558992434,0.08356868976075427,0.05877183386341076,0.11840068108258188,0.49517548480375795,0.5518203594833724,0.48032939064763586,0.021618435224880817,0.02754332360306857,0.01914850191070622,0.04032496945829996,0.026024929931690147,0.054885870459832495,0.6059230243902819,0.6560065366160782,0.5438168799865155,0.4377623115658001,0.45858223242023227,0.39363803498539424,0.07823066846343785,0.06774012466255226,0.0956495554192769,0.043125590572368734,0.04697122159212152,0.04100796309675359,0.008366306618458514,0.010222355743354556,0.007117057059677082,0.4325151227799348,0.4164840655817394,0.46258738943889816,0.33313942183612,0.44053599283604994,0.22514284574935756,0.2322048956161929,0.12279958968282735,0.3050702299117163,0.7097271276609964,0.804323300668646,0.6412630024952983,0.0,0.0,0.0,0.05464233068234515,0.070569018579517,0.04902940300009955,0.0034256460404654627,0.0023080910690095988,0.00463736459288595,0.23052166887338305,0.3587844264000668,0.12724600208543171,0.0,0.0,0.0,0.0,0.0,0.0,0.0,0.0,0.0,1.0,1.0,1.0,0.0,0.0,0.0,0.0,0.0,0.0,0.46003646641182044,0.45567240369457135,0.43567238663416186,0.4539229746729875,0.47597749115179644,0.4647573710916007,0.0014582824071099941,0.0014936646879467159,0.0015253771050577289,0.0,0.0,0.0,0.08458227650808214,0.06685644046568548,0.09804486516917976,0.8353611031477289,0.8568805203224553,0.8069066602803233,0.07855407167200569,0.07348453286252608,0.08878251796830715,0.2605028888300971,0.29315246700584696,0.252206046752191,0.23754853580766466,0.28271725907765527,0.22694838788059785,0.11072866944929732,0.07681088248464285,0.12147602868411392,0.31266583424093525,0.2738348585693288,0.31058701871478983,0.8317848703947458,0.8577297353781514,0.7899726857629594,0.07828440666938566,0.07326978718105456,0.08854372780695191,0.25981836651198004,0.29233029282636025,0.2514739000081914,0.23848787276687144,0.2836216209676944,0.22804274815732506,0.11131113184358848,0.07714185465958202,0.1221363191555914,0.31209822220817435,0.27363644436530876,0.3098033048719403,0.8321275068658972,0.8579542015584392,0.7902796839341776,0.3649127632449119,0.35414125296585663,0.35035886005610745,0.20532945702999367,0.2162768421632637,0.19629220747185006,0.2383381294696733,0.25022730870253496,0.23972760488375228,0.021303534253476673,0.028645382878269877,0.01928044648327621,0.17011611600194435,0.150709213290075,0.19434088110501407,0.4761596525513651,0.49999969499981395,0.4265033521409552,152.8794774097867,35.55662671414255,210.68620223157217,9.19816540902555,17.157381435473035,226.95220193466906,40.55767707158956,22.35790400759737,4.337403332708676,224.23186485343538,79.98869761464121,244.48299616050136,0.0,18.822897141383702,1.1800481834736842,0.0,0.0,0.0,60.925309565,0.0,317.4569489638758,313.2382172401424,1.00631562384538,0.0,58.36761517213656,0.11867465631399123,0.3935517299446471,0.35887370628698884,0.16728205822186357,0.47235629713250915,,,,,,138708095.56,0.6748912312256151,144.3594834,470.1497884544356,264.5443254099764,307.07235382607627,27.447250771773422,219.17582503773812,146894.5486799903,34164.65520585629,202438.25472369624,8838.07545221378,16485.7039361708,218067.47275673956,38969.92434746871,21482.63635035371,4167.602583396454,215453.63148402155,76857.29853790539,234911.97111215163,0.0,18086.018001108347,1133.8516344307743,0.0,0.0,0.0,58540.204371253676,0.0,305029.13820393546,300975.5614710776,966.9203603970918,0.0,56082.63864780514,114.02877858006558,378.14495923144483,344.82451151267435,160.73329698069378,453.8644837033536,80.05409263566088,265.6917828992133,243.8790950998806,113.82741517886022,319.1534694462842,451744.35546955996,254187.9390573016,295051.07939684915,26372.74526926183,210595.52561253082
10,bulsa_river_us,dry,471.25490295,633.7848179499999,302.82707174999996,53.552068935,636.9506854,0.4979930978,0.704344723,1407.8667926499998,0.3490576849737993,0.321700593517802,0.3335487076597522,0.09205448933256752,0.06347584695744238,0.12668057757203227,0.49723029819784687,0.561843387026211,0.46336377153758024,0.020835021374938142,0.027689647754065325,0.01685464516860659,0.0408225061208483,0.02529052474447949,0.05955229806202881,0.6032759494819115,0.6563187381104048,0.5349991527405562,0.4007968531245759,0.4138333129475545,0.37081173645033894,0.07696507508143273,0.07312415373038147,0.08491587614270496,0.04185708255435856,0.05172483866239053,0.039573161432659876,0.0074914652560764605,0.01015441768582084,0.0064033811573224325,0.4728895239835564,0.4511632769738527,0.4982958448169739,0.3205758900940949,0.42389603445328006,0.20188433321149668,0.21916593559635553,0.13235453646052198,0.31965082285967883,0.7203926714446854,0.7900362732258145,0.6270843393024826,0.0,0.0,0.0,0.056406025452216756,0.07488107843817136,0.04770383048616738,0.004035367506742328,0.002728111875492266,0.00556100735167109,0.25805123807038577,0.37900043803694505,0.1311774853361352,0.0,0.0,0.0,0.0,0.0,0.0,0.0,0.0,0.0,1.0,1.0,1.0,0.0,0.0,0.0,0.0,0.0,0.0,0.45751544808004335,0.41673811454392734,0.43411084887657836,0.44822797712528506,0.5118013596523995,0.4568796741875642,0.0015078956138490363,0.0016208072912208737,0.0015737314084714417,0.0,0.0,0.0,0.09274867918082257,0.06983971851245235,0.10743574552738609,0.833227475613091,0.8561994915004071,0.8035869217963766,0.07358728602148387,0.0636837870422863,0.08589090899323182,0.27339389834211375,0.3004749624422457,0.2518737760149941,0.24402269463697415,0.29644643720860775,0.22379442871565172,0.10431076009635465,0.07565611582872517,0.11978863112637482,0.3046853609030735,0.2637386974781352,0.31865225514974765,0.8454072208482426,0.8673989023569942,0.806583043518623,0.07341838862618819,0.0635741568510761,0.08568135727619527,0.2727739594801517,0.2996749962180172,0.2510697594537802,0.24507919816310825,0.29785714589147627,0.22487150660868985,0.10481355802753964,0.07602906914523073,0.12038586022083189,0.30391489570301217,0.2628646318941998,0.3179915164405028,0.8456245791434643,0.8676100857217242,0.80692656161601,0.3544370815096704,0.3276096307327028,0.3423991989436886,0.20347305585365966,0.2151422876631109,0.19390970898971122,0.23608964970067017,0.26387787008355856,0.23515464934268474,0.020308402582049575,0.029284722739294576,0.01825277862906163,0.18569181035395016,0.16408548878133317,0.2102836640948539,0.472385790556019,0.4999995927496683,0.42029228144332054,164.49514545627946,43.38112943653091,234.32221592102587,9.81860597600765,19.237806160156143,254.01896059249222,48.77929609899392,26.52838344663226,4.747976943501169,299.7102008683804,66.36937850399343,218.1544032037539,0.0,17.081271516750768,1.2220185255018776,0.0,0.0,0.0,53.552068935,0.0,291.41477823567175,285.49911724540584,0.9604551447527974,0.0,59.076334774169645,0.036645960524533394,0.1361482743550075,0.12152161763577021,0.05194603855425628,0.15173120673043258,0.05171185460001886,0.19212689893166066,0.17262023994325656,0.07382487649555183,0.21406085302951197,149828200.09,0.3104218029832484,296.6062032,499.0001971412462,286.46295853538606,332.3827779019445,28.59152560703511,261.4293334643878,83093.37869996743,21913.62308415383,118365.9528147982,4959.788584685082,9717.820597005333,128315.60245097989,24640.462867330272,13400.596144734516,2398.4017590957783,151396.1591505979,33525.949272342375,110198.91432171698,0.0,8628.4647421135,617.2926735086642,0.0,0.0,0.0,27051.390068927103,0.0,147205.79418642857,144217.5463718118,485.16606885817157,0.0,29841.927820908484,18.511407538761926,68.77418837466269,61.38565224178916,26.24011694435784,76.64577934189478,13.008486476953056,48.330894065642774,43.423854632926385,18.57117511996495,53.848536924808464,252065.87244507123,144704.4229242647,167900.44448390207,14442.775549912083,132058.89175987954
11,bulsa_river_us,wet,400.766908,514.4414871500001,309.19045689999996,45.646066625,694.56662205,0.41275683165,0.7043970055,1224.3988520500002,0.40350107203883334,0.40748238235807677,0.35579143492036486,0.08095943723375965,0.050904471118324655,0.12378399040213989,0.4492253296545369,0.4782118287678499,0.4427795063676314,0.029757439156487646,0.03837860124830609,0.026862641570900164,0.03655672191638239,0.025022716507442533,0.05078242673896363,0.5890633241244552,0.6473182669147883,0.5200830876008554,0.4581446944699309,0.47223304635735175,0.4102024783716743,0.06781036643652806,0.057368976892477844,0.08014837238228245,0.038274863301289354,0.04128309819081283,0.03744920443497292,0.011329443736884874,0.014222729634260616,0.009844900316059519,0.42444063205536686,0.41489214892509707,0.46235504449501086,0.3093626788324941,0.4173705890369954,0.17317832145515216,0.26833136006228053,0.18980899150154068,0.32748882714537264,0.6459980345449252,0.6866487198307885,0.59085802559556,0.0,0.0,0.0,0.08167267826695344,0.1205712971650654,0.07623919886134908,0.00399792712584083,0.0029709915026053177,0.005413948397718108,0.24404607256512983,0.3631083768325789,0.1319993272102303,0.0,0.0,0.0,0.0,0.0,0.0,0.0,0.0,0.0,1.0,1.0,1.0,0.0,0.0,0.0,0.0,0.0,0.0,0.49958696992231133,0.5300722002507496,0.46135214753458836,0.42060328253746637,0.3988598698743701,0.4350461988129014,0.001339217962793894,0.001293877886862865,0.0013599179107507448,0.0,0.0,0.0,0.07847052957742831,0.0697740519880174,0.10224173574175938,0.7734670349999715,0.8055953581905468,0.7241757378272167,0.09145981410117421,0.08273207123957113,0.09437683105744743,0.24718204684486209,0.25212672692514615,0.24252744897379852,0.23708433746821916,0.28849120899121566,0.2191370342556552,0.11559466071806698,0.09394530624894001,0.1287904234558226,0.30867914086767756,0.282704686595127,0.31516826225727634,0.8429943643827333,0.8693009039954862,0.7989643937480139,0.09120495964170892,0.08246821115105021,0.09421349230193451,0.24650723411861158,0.25131568899695345,0.24181790026527816,0.23822017902640868,0.28987951923297317,0.22012344619388036,0.11619387543917895,0.09440517474605747,0.12948977026917846,0.30787375177409204,0.28193140587296583,0.31435539096972853,0.8433273690042911,0.8694720261961462,0.799232411911502,0.40426991012929836,0.3997067980432917,0.37814100929377226,0.17878531761140773,0.17464305745387967,0.18017564636801026,0.21758475054342302,0.22193129852142035,0.22017464908688628,0.030266901919426176,0.04044308271742458,0.028613733025620015,0.16909311979644476,0.16327576326398371,0.1928949622257113,0.45673178151463767,0.49999942362399874,0.39670559929514615,161.7098770156885,32.44586333359393,180.03464636092946,11.925796880743682,14.650724409044404,235.68863795299364,34.88446575379395,19.690177597178256,5.828335884585308,218.34986996144892,82.96549581825492,199.73642745744738,0.0,25.25241270960603,1.2361209146916299,0.0,0.0,0.0,45.646066625,0.0,346.99643411913473,292.13700117518977,0.9301760966064375,0.0,54.50301065906899,0.03775066309169866,0.10202607849644715,0.09785817996722153,0.04771248591364604,0.1274094241809866,0.06424450045836812,0.17363895754723743,0.16780158075587617,0.08184661791679763,0.21686534882172073,332831840.7,0.6895781970167517,296.6062032,494.98761388066964,218.9045376468023,266.4105187889528,37.058759965255355,207.03742176832012,181460.11595789247,36408.59934793401,202022.95869610357,13382.339562722396,16440.072797003013,264474.18279069476,39145.037505646316,22095.01346456918,6540.172591658025,245017.76548102443,93098.38563679082,224130.99283927665,0.0,28336.585390248678,1387.0930375895214,0.0,0.0,0.0,51220.99339665323,0.0,389376.4211206757,327816.7981272904,1043.7820216453977,0.0,61159.669506701845,42.36129436572626,114.48690937349618,109.80996963195747,53.53979228918443,142.97041907815657,29.75602150563553,80.42407549483455,77.72038711526965,37.90876581683405,100.44517331951228,555442.3234382448,245640.17682880227,298948.2431376509,41584.886493349666,232323.68520110656
12,camiling_river_ds,dry,499.48305805,913.55821845,240.1335289,92.816165065,532.7224497,0.7482349906,0.704019175,1653.1748054,0.42400836705888817,0.4524612688516413,0.3723812675330208,0.04497319850049344,0.02057616948021525,0.08245825333148955,0.4167084696037236,0.41236202083955753,0.41407690019082305,0.04785970746943236,0.06427187824010282,0.042364111173234166,0.06645025736746238,0.050328662588483127,0.08871946777143233,0.6130248266379762,0.6635605955066548,0.5455900853980232,0.40158000433986857,0.3919088114145899,0.38009544445723287,0.03327434826232051,0.020735398471890237,0.050249945728750786,0.028214570760323042,0.027331053588895548,0.029278605715515067,0.01360161051641602,0.017590209460580722,0.01207206743836764,0.5233294661210718,0.5424345270640436,0.5283039366601336,0.26714021730444615,0.3579831804844514,0.17937311521186716,0.3500399260774077,0.29017413343409826,0.37117887877257066,0.4901397355473049,0.4177640217800942,0.489923449823435,0.0,0.0,0.0,0.1523837777620973,0.2842130424703517,0.13077036815239892,0.007436560613190032,0.007848802315455984,0.008127303251595532,0.32114160360716515,0.4559780000810887,0.1921122911176437,0.0,0.0,0.0,0.0,0.0,0.0,0.0,0.0,0.0,1.0,1.0,1.0,0.0,0.0,0.0,0.0,0.0,0.0,0.5733730724125203,0.6362039738402525,0.5044192225645404,0.29949230985072095,0.22647660303704514,0.35834799148131324,0.001346730393525019,0.0013138910886016865,0.0014176892276194497,0.0,0.0,0.0,0.1257878873432338,0.13600553203410068,0.1358150967265268,0.8792867328463281,0.8976814722393179,0.8552949489794496,0.08293722556660899,0.08425307002629617,0.09331390174373622,0.14251073462065753,0.08881478757070808,0.18094556930434091,0.20256627799508709,0.21071354728631905,0.18976775672777435,0.09666641339662947,0.08498256457640456,0.1107665980997983,0.47531934842101703,0.5312360305402721,0.42520617412435024,0.8014994999323792,0.8340815610337575,0.7542954146255235,0.08274202391853426,0.08407114523783708,0.09299180079802584,0.14226258329761252,0.08878579619413267,0.1806618294560515,0.20366232952411936,0.2117786936484748,0.19069897230759456,0.09722420633863979,0.08550672806800556,0.11131359048125136,0.47410885692109417,0.5298576368515499,0.4243338069570767,0.8017731839463776,0.8344259098416296,0.7543174242493708,0.4128603288950659,0.4179774878418825,0.3845875427983748,0.10753383011636139,0.06937554787793808,0.12593122640666093,0.18801547984615644,0.190285953079868,0.19509461787872648,0.044647666499865145,0.06316904927571387,0.04236894434990119,0.24694269464255095,0.2591919619245975,0.25201766856633656,0.45601155868380866,0.4999975007375074,0.39027006803240977,211.78499581736034,22.463350717316136,208.13882071300333,23.905113044210506,33.190777758109654,366.8667133298736,30.398054318610377,25.77565299813218,12.425863071427804,478.091934731956,84.05632270486304,117.69898435108709,0.0,36.59245430112577,1.78576754292407,0.0,0.0,0.0,92.816165065,0.0,305.4487077276133,159.5462769699875,0.7174335143240931,0.0,67.01003148807513,0.06205653419222175,0.10663151817928677,0.15156717711153098,0.07232919291916276,0.3556505681977978,0.05825197141695676,0.10015558652655394,0.14338218521014864,0.06844770553655896,0.33378172630978176,11902654.983,0.2991727627924286,41.81983372,682.5302938784806,177.7722186765324,310.8224543068573,73.81039737747867,408.23944116065076,60277.708244080946,6393.461895150251,59239.9431356556,6803.812631105086,9446.67496569399,104416.673264397,8651.817105046883,7336.200967522566,3536.6176249159375,136073.313618843,23923.897330495984,33499.18634206625,0.0,10414.851513845148,508.26062785370743,0.0,0.0,0.0,26417.101440686285,0.0,86936.03631776915,45409.656607212346,204.19410683015187,0.0,19072.225168152203,17.662373334055378,30.349192196681525,43.138665447228554,20.586151400786605,101.22436249051394,12.405383223058303,21.329208309513152,30.53477696333631,14.576674355657778,71.0824050586806,194260.04077094045,50597.077899361706,88465.49843679782,21007.72805612811,116192.0741034442
13,camiling_river_ds,wet,381.67342395000003,702.2369926,191.59438775,62.38682199,584.9381275000001,0.32410805600000003,0.7045146605,1275.5048043000002,0.41521048906946734,0.4346084637248281,0.36055648152124575,0.04123901234165446,0.019574156411682732,0.07581169793291528,0.43923874099538573,0.4481764317452662,0.4448490009934697,0.042277066002003955,0.056898215002545105,0.037070179311897024,0.06203469159148846,0.04074273311567776,0.08171264024047217,0.6054973638079528,0.6724291082725574,0.5328188751654426,0.40158023503545476,0.4006743131325575,0.38910878679090377,0.03030188453083713,0.01778981957896162,0.043164990089837596,0.030098764321372717,0.02863337192327254,0.03015946559083333,0.012285357849530639,0.01568573674453745,0.011388634291558118,0.5257337582628047,0.537216758620671,0.5261781232368672,0.22434267479176084,0.33544986027899704,0.12443837941494615,0.35941603755501794,0.2979354607722048,0.37963045668257284,0.4740053326006559,0.42934027902712657,0.4823724354724872,0.0,0.0,0.0,0.15826080906139275,0.2650588702104867,0.12837756360510222,0.008317820782933385,0.007665389990182009,0.009619544239837886,0.3700236974572094,0.5151058421613275,0.21125673582868493,0.0,0.0,0.0,0.0,0.0,0.0,0.0,0.0,0.0,1.0,1.0,1.0,0.0,0.0,0.0,0.0,0.0,0.0,0.5669421204929777,0.6629748542970326,0.5050579012560558,0.29693220951971167,0.20217219647068035,0.349674814351955,0.0014072020304566552,0.0013892758157674778,0.001423417194185794,0.0,0.0,0.0,0.13471846795685402,0.1334636734165196,0.1438438671978034,0.7978573734239955,0.8310882943703539,0.7469997356214333,0.10132929927987791,0.10576318110042851,0.1019167636990917,0.13712301174256847,0.10269816390058575,0.1608613553924837,0.23770953505063416,0.25138385920896045,0.22219093675991108,0.1301788481645712,0.10309138809380855,0.1429032351135458,0.3936593057623483,0.43706340769621677,0.37212770903496767,0.8736580775706733,0.8977761906622233,0.8379239848716566,0.10108526002139524,0.10543427441502111,0.10169024885176495,0.13672027420388405,0.10244497336626103,0.16031681086272503,0.23871281403825423,0.2524110189512113,0.22314973340520433,0.13079532414140227,0.10355382058854504,0.14357902179265006,0.39268632759506417,0.4361559126789615,0.37126418508765563,0.873866370544053,0.8979830257614383,0.8381895807927421,0.4079535660386007,0.420051615996685,0.37691243931472557,0.09162771603932428,0.069580545309223,0.1152302863648917,0.20394662391836074,0.19744021934227923,0.21263116383975098,0.04142368955532452,0.05570819966261201,0.03776506163034897,0.2550484044483897,0.2572194196892008,0.25746104885028276,0.4506809885353492,0.4994212973087626,0.3766859698460824,158.47480902309766,15.739835040755565,167.64575420719612,16.136032535544988,23.676993143405678,282.00449653889893,21.27910426304753,21.136465738016955,8.627232749269199,369.1896933107673,68.86209566288467,90.8167614898578,0.0,30.321882816937197,1.5936477803203477,0.0,0.0,0.0,62.38682199,0.0,331.62606236204175,173.68697063089783,0.823126120709514,0.0,78.80196838635095,0.03284164220544343,0.044442672768749046,0.07704357529792491,0.042192013410938346,0.12758815231694431,0.0712160476455275,0.09632143756421628,0.16817667713916032,0.09214722338246747,0.2766532747686284,27882567.682,0.7008272372075713,41.81983372,520.3467334135526,116.8715920151943,260.13489862863446,52.83611503964816,325.31546520297064,105660.02289878414,10494.231487522573,111774.57374840278,10758.388526928062,15786.17859285115,188021.05991190881,14187.432422597338,14092.330936664754,5752.041068609619,246150.10858618718,45912.47435129067,60550.32441915245,0.0,20216.530643080812,1062.533925733915,0.0,0.0,0.0,41595.21049862895,0.0,221105.28202561164,115802.43830050205,548.8034678753171,0.0,52539.69280983681,21.89653162449983,29.6312950391048,51.36731812686066,28.130711313845467,85.06694015612946,15.389274874338774,20.8143687830769,36.3417684287904,19.912351168352814,59.78277973936079,346931.1501727078,77921.88023235272,173439.92723706862,35227.46081466074,216897.81306292446
14,camiling_river_us,dry,447.27007334999996,838.79469245,213.83035205,43.225523935,536.86585365,0.4221210693,0.70394,1499.8951178499997,0.4210505106053826,0.485474028577177,0.3741677245328199,0.04937500909332531,0.021651188590745312,0.08385375170973583,0.44362324352873445,0.4249516416559691,0.43320268283551044,0.018069985148960445,0.02239143797522696,0.015635226157593878,0.0678812516235972,0.045531703200881735,0.09314061476434,0.6132844550304594,0.67552208631781,0.5560169782304202,0.3886382510260079,0.39633326731579394,0.35894020785524106,0.03735309347253644,0.02238671998204378,0.049901338997122166,0.028598832406394856,0.027959675690912504,0.029646974238159002,0.00516715163997968,0.006329199116702812,0.004740074328961647,0.5402426714550811,0.5469911378945469,0.5567714045805161,0.2665894903187792,0.37145118866207666,0.16411167788295888,0.39442408964748726,0.3846996244507002,0.4176431558292165,0.5350672876223473,0.5052721495466598,0.5188996607295802,0.0,0.0,0.0,0.06220082142648572,0.10154574802156595,0.05398872603901666,0.008307801303679637,0.00848247798107406,0.009468457402186855,0.3460133856253706,0.4674694585879675,0.20349323208557732,0.0,0.0,0.0,0.0,0.0,0.0,0.0,0.0,0.0,1.0,1.0,1.0,0.0,0.0,0.0,0.0,0.0,0.0,0.547967274837752,0.6300876519956872,0.49681737414524246,0.31218439356972244,0.2406360937627013,0.3477564771890546,0.0013449301586880354,0.001226163800908084,0.0013510507630995871,0.0,0.0,0.0,0.13850340143383755,0.1280500904407035,0.15407509790260343,0.8368027705427025,0.8603227954723064,0.8051774889272426,0.08673177766826448,0.08444118251166391,0.09456803076095227,0.1511268232140382,0.11849062999131156,0.17276853974020906,0.2210160489104814,0.2139546144080233,0.20895755379808545,0.07786063933831945,0.059687939417547776,0.09711772583510704,0.4632647108688964,0.5234256336714536,0.42658814986564614,0.8765152776628405,0.8965520339503207,0.8441715335324971,0.08649530670007632,0.08435845232572649,0.09434700185075527,0.15075901040439477,0.11831696244058425,0.17240784676072698,0.2219739783432072,0.21505354557144735,0.20998132978137207,0.07828358820934588,0.060021685043200046,0.09767478649733284,0.46248811634297576,0.522249354619042,0.42558903510981283,0.8767537899942418,0.8967033179494945,0.8444245163243856,0.40599078926332316,0.44803686242789664,0.37538130338739434,0.11068611040169167,0.08391860771002595,0.12639723410576728,0.20015877239905014,0.1874180113861318,0.2053877678214758,0.016754939050420938,0.022411251251392733,0.015792655702666705,0.26640938888551396,0.25821526722455285,0.27704103898269583,0.46090752885925074,0.49999794049151686,0.40474228357942726,188.32329276252443,22.083963938828525,198.41940067286194,8.082163583008947,30.361252392776127,325.9877022436662,31.331576551352303,23.988548832751064,4.334179370699269,453.1526854515311,84.33984194632296,114.41362648272514,0.0,13.300423543424623,1.7764600775272656,0.0,0.0,0.0,43.225523935,0.0,294.1849187780339,167.6011409500166,0.722047077743682,0.0,74.35774684420582,0.03661131073161766,0.06379381621502186,0.09329553089855351,0.03286661633387305,0.19555379512093388,0.06088750619845173,0.10612529778406965,0.15625636231491727,0.055106949084086934,0.32556388461847435,83865726.61,0.30972699899357636,257.0657116,608.9436027081265,166.0175566053034,300.2171655161846,25.130651281600674,399.58614173878436,61439.03707271735,7204.724701055355,64732.81522991839,2636.7441898459956,9905.126890947718,106351.00007864834,10221.687742644861,7826.08098783928,1413.992943358249,147837.6053893974,27515.229794656643,37326.57249127613,0.0,4339.161678729529,579.5565432207609,0.0,0.0,0.0,14101.997307783779,0.0,95975.58467623983,54678.59318519152,235.56234880451888,0.0,24258.647446047627,11.944160726613243,20.81224569701659,30.436954969893762,10.722482757021094,63.797933287498736,8.385048477371072,14.614915639581453,21.518653903114796,7.58898612145554,44.834632348213425,198663.20322444823,54161.960877868296,97943.55913941131,8198.683195810423,130361.9292967176
15,camiling_river_us,wet,365.8661621,673.04971345,193.8022616,43.5363721,599.1622672,0.28123471805,0.704217,1232.71813715,0.4045096326236138,0.4119345164187438,0.3632871648756399,0.04679937954905491,0.022011218497180893,0.08803760815411167,0.4512075455502831,0.46900997866084176,0.42036225589768766,0.02265287362181727,0.030128054230463025,0.01929238974528534,0.07483056865523094,0.06691623219277049,0.10902058132727536,0.6163060209099198,0.6692719139951058,0.5401322321898352,0.3428733873063566,0.3260392578074339,0.3489640010491872,0.03098395340813945,0.01728367418606273,0.04458019548104076,0.02794445962600039,0.0283189020433387,0.027222741708543198,0.006157005757447064,0.007379546151122097,0.005363672755645954,0.5920411939020566,0.6209786198120426,0.5738693890055829,0.24568840356789204,0.3373211148547476,0.13677011009118667,0.3632379312810735,0.29114146936706714,0.3706661685555765,0.5439318769656764,0.5539045604250987,0.5436694449751961,0.0,0.0,0.0,0.08324902699969665,0.14483964585832526,0.07298854389859213,0.009581164753553412,0.010114324349508876,0.012675842570635155,0.3804734727271902,0.5199677641072438,0.22654003078848675,0.0,0.0,0.0,0.0,0.0,0.0,0.0,0.0,0.0,1.0,1.0,1.0,0.0,0.0,0.0,0.0,0.0,0.0,0.5298463246059907,0.5914125030648943,0.4892923784296272,0.3090759868801245,0.2504165501811511,0.3425038718853341,0.0013331660952620044,0.0013848279143172351,0.0012807191463495877,0.0,0.0,0.0,0.15974452241862286,0.15678611883963736,0.1669230305386892,0.8014323998297738,0.8335427631981308,0.7473238502352145,0.08388039714671991,0.08028867800254295,0.09103895466367505,0.14270628934738036,0.10904989460322621,0.16547060825987037,0.22482722625558152,0.24646125317198023,0.21013801547168884,0.10074572098358009,0.07412446231941086,0.12924817128885713,0.4478403662667381,0.4900757119028399,0.4041042503159086,0.8831818920086322,0.9047690426486644,0.8477036198817616,0.0836709980169426,0.07997892724528952,0.09073588098457351,0.14232785503153586,0.10863753326851125,0.16506169538459126,0.22581553113235053,0.24725225570974954,0.21104315930139914,0.10130961578137633,0.0744192171470751,0.1299086079614371,0.44687600003779465,0.48971206662937455,0.40325065636799895,0.8834075570502323,0.9049453506211071,0.8479845839001834,0.3813407583156937,0.3789041049946666,0.36573351681773064,0.10240243612466167,0.07538366170331348,0.12043270880508937,0.1966557684824901,0.19950616061371917,0.19606695455218826,0.020759633974816467,0.029524477346603583,0.019172263832381436,0.29884140310233803,0.31668159534169715,0.2985945559926105,0.4442566837863451,0.49671723321921546,0.38180830088933987,147.9963868204825,17.122309384273947,165.081573001043,8.287919932550611,27.377972961649903,230.77083507617417,20.85374096289641,18.808010543794655,4.143970960759747,398.47315590637504,70.39633258117743,105.41522791228103,0.0,16.133849708540673,1.856851398000858,0.0,0.0,0.0,43.5363721,0.0,317.4639251185125,185.18666903617284,0.7987828201913537,0.0,95.71289022512329,0.0235900798414798,0.04013396304857223,0.06322922158595203,0.028333194435561114,0.12594825913843483,0.05892253921049726,0.10022969508674309,0.1590231358874305,0.0713439536967135,0.31469767611861565,186907331.22,0.6902730010064236,257.0657116,470.08566921029035,126.2333402992148,242.42113258353692,25.590777321351606,368.3872177356064,107605.20926206312,12449.288282824435,120027.5060068515,6025.980619182964,19905.975902526017,167788.8530486478,15162.337462543801,13674.927840116816,3012.998303460957,289721.85232218093,51183.7637486905,76645.30129825568,0.0,11730.599046286467,1350.0794684453997,0.0,0.0,0.0,31654.42434762998,0.0,230821.662808363,134645.51873386634,580.7789931107679,0.0,69590.92585310244,17.151874666577314,29.1806008588301,45.97270086388413,20.600498308106843,91.5744571333559,12.048488585565266,20.494981264693532,32.517071790401744,14.588421057231203,64.34942229956654,341789.8767206225,91781.73393667144,176259.55107160498,18606.541740664914,267846.96914251253
16,dapya_river,dry,335.3710265,1739.456902,6029.421174,6874.594534,674.0786897,79.87164585000001,0.704407,8104.2491025,0.4789999435848978,0.5434152237037333,0.4299685660706209,0.039533097209393096,0.024018928414707298,0.05485617202820145,0.30035858222931233,0.21194705742914496,0.335789267902141,0.03939442801779179,0.06882930096409966,0.0323515639901963,0.14171394895860487,0.15178948948831492,0.1470344300088404,0.8122934994917133,0.850368158954963,0.7499166486569766,0.2613733597896067,0.19056671677056075,0.2970764421678903,0.013713343611588009,0.007025981128964132,0.0231596678938871,0.01099771773760912,0.0050693662606654,0.015933623408603412,0.006315735383271795,0.006682043837926168,0.006713388730196654,0.7075998434779245,0.7906558920018836,0.6571168777994226,0.13832578229833978,0.22332781025170198,0.07022193381250433,0.3486379301892371,0.31948146431342767,0.4048590231537361,0.46581086830925356,0.39769109087058646,0.45716950867269507,0.0,0.0,0.0,0.1620251791594408,0.2598115861033092,0.11772463028109188,0.023526022342068652,0.02301585871267673,0.02024683789247691,0.5500817201868845,0.6663557346786333,0.3793854046960067,0.0,0.0,0.0,0.0,0.0,0.0,0.0,0.0,0.0,1.0,1.0,1.0,0.0,0.0,0.0,0.0,0.0,0.0,0.5497800982243113,0.5392793329522028,0.5185473375373382,0.21267855769233895,0.1648423415311195,0.2470989439780667,0.0007157240527471349,0.0003998290883919281,0.0009369012926107802,0.0,0.0,0.0,0.23682562003060262,0.2954784964282857,0.23341681719198432,0.7646477363888243,0.809465709013299,0.6991704766079021,0.08992739492940735,0.07737063138651042,0.09458417095598252,0.0964535627605674,0.07505915991015158,0.11358053919013618,0.1346009259631331,0.08040723616220735,0.1550790275218146,0.1427841152712989,0.1273350733386694,0.16779980196981625,0.5362340010755933,0.6398278992024613,0.4689564603622505,0.919732829696224,0.9394339307656812,0.8919555271545965,0.08984879033509079,0.07720926108670936,0.09425137770940008,0.09636881853631869,0.07493923750119404,0.1132282505405556,0.13542623983591925,0.08079593887741572,0.1556913401235092,0.14368371263524493,0.12798146081931064,0.16862348522591308,0.5346724386574263,0.6390741017153703,0.46820554640062206,0.919790502610461,0.9394967730619039,0.892195223020354,0.3496237280765294,0.3076753806831929,0.3597069736806789,0.06376185716139553,0.04251762805125471,0.07810290171477662,0.10417792065677335,0.05270616632717779,0.13112504893757176,0.028119037307296486,0.038532969576237544,0.0270787314476427,0.4543174567980052,0.558567855362137,0.40398634421932994,0.437511779944704,0.4993608778386598,0.3647637619700296,160.64270277350928,13.25825539183845,100.73156604032914,13.211749762707194,47.52675253161593,454.6476946849606,23.853770194674368,19.130056024932006,10.985949503637737,1230.8394315917953,2102.0849183425203,2808.569912463139,0.0,976.918045945076,141.8482972492658,0.0,0.0,0.0,6874.594534,0.0,370.5950482341811,143.3620834965377,0.48245433166256246,0.0,159.6391036376187,7.18264904001471,7.703904805782788,10.75079748960944,11.404402287954763,42.82989222663831,,,,,,24381155.567,0.16577766590388457,77.79265072,2833.4377844769174,516.7419736739729,844.2838199829716,227.88368286082155,3681.9018415053165,50347.36174656823,4155.297245480335,31570.488463962178,4140.721820062946,14895.457814368188,142492.07437589092,7476.059455399203,5995.590427019363,3443.129157064904,385759.93210014404,658818.7821703459,880239.7054578651,0.0,306177.9054184227,44456.96823722281,0.0,0.0,0.0,2154580.89218202,0.0,116148.96059885075,44931.40711606709,151.2070099857622,0.0,50032.82166556334,2251.1288920861944,2414.496739791117,3369.429677964325,3574.2773097175136,13423.40511128829,1584.3248961501129,1699.2940901067711,2388.0028052002176,2533.608769247845,9428.005126068107,888033.5966619386,161953.17078846743,264608.73832151963,71421.49639570196,1153952.4717221889
17,dapya_river,wet,143.5497202,878.2127138,95.643364525,130.852114075,593.58974205,0.22526922954999998,0.704407,1117.405798525,0.4789999435848978,0.5434152237037333,0.4299685660706209,0.039533097209393096,0.024018928414707298,0.05485617202820145,0.30035858222931233,0.21194705742914496,0.335789267902141,0.03939442801779179,0.06882930096409966,0.0323515639901963,0.14171394895860487,0.15178948948831492,0.1470344300088404,0.8122934994917133,0.850368158954963,0.7499166486569766,0.2613733597896067,0.19056671677056075,0.2970764421678903,0.013713343611588009,0.007025981128964132,0.0231596678938871,0.01099771773760912,0.0050693662606654,0.015933623408603412,0.006315735383271795,0.006682043837926168,0.006713388730196654,0.7075998434779245,0.7906558920018836,0.6571168777994226,0.13832578229833978,0.22332781025170198,0.07022193381250433,0.3486379301892371,0.31948146431342767,0.4048590231537361,0.46581086830925356,0.39769109087058646,0.45716950867269507,0.0,0.0,0.0,0.1620251791594408,0.2598115861033092,0.11772463028109188,0.023526022342068652,0.02301585871267673,0.02024683789247691,0.5500817201868845,0.6663557346786333,0.3793854046960067,0.0,0.0,0.0,0.0,0.0,0.0,0.0,0.0,0.0,1.0,1.0,1.0,0.0,0.0,0.0,0.0,0.0,0.0,0.5497800982243113,0.5392793329522028,0.5185473375373382,0.21267855769233895,0.1648423415311195,0.2470989439780667,0.0007157240527471349,0.0003998290883919281,0.0009369012926107802,0.0,0.0,0.0,0.23682562003060262,0.2954784964282857,0.23341681719198432,0.7646477363888243,0.809465709013299,0.6991704766079021,0.08992739492940735,0.07737063138651042,0.09458417095598252,0.0964535627605674,0.07505915991015158,0.11358053919013618,0.1346009259631331,0.08040723616220735,0.1550790275218146,0.1427841152712989,0.1273350733386694,0.16779980196981625,0.5362340010755933,0.6398278992024613,0.4689564603622505,0.919732829696224,0.9394339307656812,0.8919555271545965,0.08984879033509079,0.07720926108670936,0.09425137770940008,0.09636881853631869,0.07493923750119404,0.1132282505405556,0.13542623983591925,0.08079593887741572,0.1556913401235092,0.14368371263524493,0.12798146081931064,0.16862348522591308,0.5346724386574263,0.6390741017153703,0.46820554640062206,0.919790502610461,0.9394967730619039,0.892195223020354,0.3496237280765294,0.3076753806831929,0.3597069736806789,0.06376185716139553,0.04251762805125471,0.07810290171477662,0.10417792065677335,0.05270616632717779,0.13112504893757176,0.028119037307296486,0.038532969576237544,0.0270787314476427,0.4543174567980052,0.558567855362137,0.40398634421932994,0.437511779944704,0.4993608778386598,0.3647637619700296,68.76030787742786,5.67496504304778,43.11639043868647,5.655059119393052,20.34299772144481,229.54140761585427,12.043232708404597,9.658335539952102,5.546559110585806,621.4231788252033,33.344904644330704,44.55171867740871,0.0,15.49663327257483,2.250107930685766,0.0,0.0,0.0,130.852114075,0.0,326.3438266891926,126.24381020016153,0.4248464558491524,0.0,140.57725870479672,0.02025787497118617,0.021728019770425586,0.030321446888431584,0.03216486763914388,0.12079702028081275,0.06329011685357029,0.06788287035871264,0.09539519132410038,0.10121181296625498,0.3766270084973617,122690257.425,0.8342223340961156,77.79265072,390.67158105464176,71.24786891686615,116.4090126201559,31.420375336113892,507.65696059722217,108444.94686867612,8950.24035773605,68000.78147741065,8918.845838139701,32083.84859160706,362019.9868423511,18993.919188351574,15232.591545940188,8747.725637349917,980074.1981957497,52589.73562104392,70264.50162922866,0.0,24440.431169730244,3548.7455266631728,0.0,0.0,0.0,206372.7024581226,0.0,514691.3973875272,199104.74098022428,670.0442850552015,0.0,221710.66159798714,31.949597707425895,34.268228608948014,47.82130560931908,50.72864665444601,190.51436578205676,22.485848432670398,24.11757174650436,33.89220813546831,35.95874994543655,133.8088512036616,616145.5665104729,112368.1902787457,183593.84328428758,49554.47465407994,800648.4237623914
18,dumoloc_river,dry,727.18129645,904.5361037,341.81491965,55.8154458,827.1270251000001,0.53833513245,0.704376289,1973.5323198,0.38575841944101624,0.39569692282044566,0.3568108345263712,0.061973674817292726,0.03832434631715831,0.09789492437080718,0.48370937642914313,0.5066645596744531,0.4645219899509097,0.020663609126172225,0.025994855700820725,0.0192374708392311,0.04789492018637577,0.033319315487122136,0.06153478031268084,0.5777925188844921,0.6313971740015603,0.5138710161789071,0.43139520458561675,0.463548936123374,0.39812370520095963,0.05078328774520666,0.03601243463447009,0.06562047770973714,0.042155956066888184,0.042633265373990495,0.04056729017676157,0.007848242294787805,0.009112106992480742,0.007129331415044309,0.46781730930750054,0.4486932568756846,0.4885591954974974,0.30816527753683753,0.4094457000839119,0.1923481180619689,0.34940448807673463,0.294338523396135,0.38848705529964617,0.5771864781636288,0.59580020666931,0.545479439505278,0.0,0.0,0.0,0.06829604688610526,0.1053077504322407,0.059565955257997134,0.0051129868735312976,0.004553519502314323,0.006467549937078784,0.3095923732561999,0.43539335672390866,0.1747855273275526,0.0,0.0,0.0,0.0,0.0,0.0,0.0,0.0,0.0,1.0,1.0,1.0,0.0,0.0,0.0,0.0,0.0,0.0,0.5371115496885093,0.588076603898509,0.49178006672524255,0.36028034025284106,0.3156311499692207,0.3923169372839914,0.0015680496059638392,0.001636020901315872,0.0015739973954643294,0.0,0.0,0.0,0.10104006045268588,0.09465622523095438,0.11432899859530171,0.8313900622377135,0.8554229881892615,0.7957585149884183,0.09383880068696293,0.09111387570858684,0.09996875430646335,0.19473045196626304,0.18021637123455206,0.20160389443953103,0.26574814292189414,0.3010191976552403,0.2404519548270055,0.09364790342215634,0.07115523708525537,0.11811548240809246,0.3520347010027236,0.35649531831636544,0.3398599140189077,0.8765224287460394,0.8979332863662766,0.84653965271176,0.09366503079253749,0.09081107604905905,0.09973545388688788,0.19422805367255688,0.1796814612136205,0.201149204340141,0.2669791618548972,0.3021413965587328,0.24154673242388647,0.0941797983909211,0.07148679551843579,0.11871483543406455,0.3509479552890873,0.3558792706601519,0.33885377391502003,0.87674759931933,0.8980678449220063,0.8466756603875643,0.40133011161921167,0.4116986717362452,0.3814288894957922,0.14058492415753887,0.12241661034477228,0.15157411287238315,0.24317412674329586,0.2526419228210427,0.2365444292302935,0.02151407851811097,0.028860658660799905,0.020140822789756166,0.19339675896184258,0.18438213643713985,0.21031174561177501,0.4633280423568382,0.4999984396189565,0.4036273550227222,280.51630756562105,45.06609719940964,351.74441145676536,15.02619007370597,34.828290154498006,390.2125375107382,45.935317230125186,38.131584248491414,7.099018506220909,423.1576462044243,119.43166701729842,197.29094965656725,0.0,23.3446077787867,1.7476951973476051,0.0,0.0,0.0,55.8154458,0.0,444.25947824070755,297.9976060353482,1.2969762057900978,0.0,83.57296461815423,0.05051672319676534,0.10483024365130657,0.1430615617181994,0.05041395649243134,0.18951264739129736,0.06597542679871829,0.13680963566556845,0.18805379126768285,0.06633801688936518,0.24719941837866524,5772755.7358,0.21659492720928172,38.12540304,792.0379461894557,277.4488915015348,479.9119984670359,42.45872928620689,381.67475435576665,42474.36077687891,6823.680547719458,53259.360081839994,2275.189716530985,5273.523575515885,59084.009203334215,6955.29344929904,5773.6916631326385,1074.8974838991526,64072.39096492492,18083.739077772254,29872.79793623337,0.0,3534.7224608643032,264.62716903827646,0.0,0.0,0.0,8451.292555520851,0.0,67267.52366412648,45121.29059174465,196.38157853218348,0.0,12654.195690760105,7.648986773516559,15.872865388163289,21.66165824174435,7.633426358816918,28.695046740540757,5.377787900806118,11.151624765393414,15.328637531446951,5.4073433382932,20.149714912779032,119926.38063496343,42009.908147762806,72665.84798915275,6428.8860832389055,57791.261251865515
19,dumoloc_river,wet,684.92880085,928.07440855,292.50847065,88.624375945,958.0749594,0.42157589910000004,0.7044205345,1905.51168005,0.43114246599221207,0.4600803537337485,0.37669319236187254,0.04323878800386323,0.018842719590764903,0.0816522766060429,0.43362679503599844,0.43763546407754395,0.4340502898668277,0.03890846145017944,0.04918323785633981,0.03449299833718832,0.05308348951774687,0.034258224741602936,0.0731112428280685,0.5460729155735861,0.614844432293262,0.47415221828265186,0.4427753703835038,0.47308164125338986,0.4059213277048733,0.032725940824649254,0.02073254027871514,0.047927592592333756,0.0322548044322456,0.03224322329941019,0.03267891576824751,0.01280430297502701,0.015072924912873039,0.011783763560599982,0.47943958138457443,0.4588696702556117,0.5016884003739455,0.27821785070179167,0.3801673360668635,0.16828757796887778,0.3702715734590527,0.33893106491653413,0.3917930668450975,0.4773375427242945,0.4232000118232965,0.4806459387038199,0.0,0.0,0.0,0.1455470205591186,0.23300444166778225,0.11903815838736409,0.006843863257534059,0.004864481592387206,0.008522836063718415,0.38958492153912466,0.5031200361757436,0.2358952187011959,0.0,0.0,0.0,0.0,0.0,0.0,0.0,0.0,0.0,1.0,1.0,1.0,0.0,0.0,0.0,0.0,0.0,0.0,0.5903467974823846,0.6835965603757705,0.5222817718384668,0.29133333703777725,0.20565237109246484,0.35030115858780086,0.0014604174306209173,0.0014324808695095597,0.001452148987299429,0.0,0.0,0.0,0.11685944804921722,0.10931858766225502,0.12596492058643294,0.7797622510043705,0.813842841806774,0.7286213848706071,0.10270181326968289,0.1084520316628872,0.10532197839394651,0.14206353391856755,0.10482885689115352,0.16957751695806056,0.2425646113441129,0.281329646470989,0.2245719370906457,0.10512197758784503,0.09124637814932174,0.12890538094474888,0.40754806387979164,0.4141430868256486,0.3716231866125983,0.889634757797765,0.9123733784985527,0.8539559210235538,0.10238118441149921,0.10813963097522834,0.10508246135868635,0.14172077765184013,0.10462935384358507,0.16908477635275915,0.24361833667634142,0.2825978680282012,0.22544522983722043,0.10564268895741466,0.09173291965751854,0.12952283493058778,0.40663701230290455,0.4129002274954668,0.3708646975207463,0.8897495298749425,0.9125524658396963,0.8542374435068525,0.4367927688920476,0.46166469061506005,0.3958693741720386,0.09460016652334555,0.07144667161319333,0.11861066151490612,0.20701107799344232,0.20930682938783873,0.21698316910887444,0.0392473443505146,0.05211757263867749,0.03683838682482048,0.22234864224065,0.2054642357452304,0.23169840837936043,0.44498358328608295,0.4999184021983476,0.37763556385577707,295.30189222755774,29.615491217693407,297.0034807404351,26.649525843989856,36.35841082032391,410.9284899891775,30.372108175078658,29.934858546352253,11.883345910443198,444.9556059289485,108.30757167767663,139.6252746061124,0.0,42.57373639141189,2.0018879747990144,0.0,0.0,0.0,88.624375945,0.0,565.5964840298557,279.11917505433496,1.3991893705491876,0.0,111.9601109452602,0.04329660926836688,0.05989056204104347,0.10225939411723646,0.044316892216765824,0.17181244145658742,0.07211940864589134,0.09983102594326487,0.17160975893554936,0.07441687942139928,0.2864434615538951,20879556.994599998,0.7834050727907184,38.12540304,832.313722885177,180.26172224490995,394.4620270162458,74.78627307084996,423.6879348328174,161723.4756288236,16219.063603187162,162655.35861242653,14594.738661644107,19911.855362146864,225046.92785626603,16633.428452477583,16393.966628709266,6507.970498392547,243682.03856921787,59315.15303374413,76466.44091778761,0.0,23315.707758549655,1096.3434018721493,0.0,0.0,0.0,48535.557951034956,0.0,309751.5851007968,152860.934157687,766.2726654448569,0.0,61315.48341012106,23.711592502860338,32.7993490918016,56.00284003460865,24.270355277102063,94.09389482415271,16.650787117732825,23.048790775420006,39.620923368789576,17.1812226483405,66.13350260564171,455820.5403398867,98721.18334351781,216028.99165813377,40957.05557153713,232034.69807216967
21,lawis_river,dry,97.94904935,907.8211273333333,67.42197943333333,39.340121663333335,479.49418431666663,0.107674881825,0.70474376475,1073.1921561166666,0.4509264642003916,0.47862402245590707,0.40033905511920315,0.03558039413231854,0.021049416079430103,0.05590227960631459,0.3298288574347807,0.29301722312309897,0.35217932595205614,0.04292810383111389,0.07048539688282907,0.03465639023897121,0.14073618040139535,0.13682394145873483,0.1569229490834549,0.8711304181077184,0.8953789008455133,0.833781383542974,0.2380730472336352,0.1624111820645703,0.29319880107417107,0.013822674868785642,0.0075825669445948665,0.02358098868676815,0.011771626148326527,0.0077896051972350016,0.01576961254047076,0.006472280780492998,0.007200301548653799,0.0067319680518165585,0.7298603709687596,0.815016344244946,0.6607186296467734,0.1312209322888777,0.20731631291894698,0.06642155961497609,0.33486407112776007,0.2805954747997995,0.36100284755385226,0.46038094308502886,0.38378487224943614,0.48463878268671245,0.0,0.0,0.0,0.17939230672931306,0.30799263372906577,0.13112553116505288,0.025362679057898047,0.027627019221698558,0.023232838594382382,0.594130012403955,0.701110643806411,0.44221578860874566,0.0,0.0,0.0,0.0,0.0,0.0,0.0,0.0,0.0,1.0,1.0,1.0,0.0,0.0,0.0,0.0,0.0,0.0,0.522244008656117,0.5022489780424582,0.4910665971313681,0.21909955658217717,0.1547913268680744,0.2632390882337279,0.00079429632617193,0.0006374173900895166,0.000932251947940717,0.0,0.0,0.0,0.2578621384355339,0.34232227769937784,0.24476206268696343,0.8093370610922419,0.8412336216321163,0.7531772548687303,0.07850946596083619,0.0745008094178264,0.08999474555764118,0.09826438862285748,0.06979702293551693,0.11676152627417884,0.1425194901074205,0.11563365120606227,0.15393039329604852,0.15788436178573706,0.13441162731872214,0.17986561903206633,0.5228222935231488,0.6056568891218723,0.45944771584006516,0.9505560809393432,0.9608689531067669,0.9324463319920978,0.07834384400242433,0.07436445903615219,0.08976082980486023,0.0980708184859876,0.06968872872321936,0.11644236380175912,0.14322263134137517,0.11611321792288104,0.15457144500842362,0.1587700418437315,0.1351278349015877,0.18071439460806127,0.5215926643264814,0.6047057594161597,0.4585109667768958,0.9506374817517401,0.9609045101371367,0.9325378368178506,0.3197861395980286,0.25239909742246847,0.3410788633185676,0.06070511270644578,0.03736704667711915,0.08214081439448295,0.10892028271852594,0.07839901296954699,0.13696964635588138,0.029387094738663536,0.04056635225950091,0.028176818082622356,0.48120137023833603,0.5912684906713644,0.41163385784844575,0.4478433710824612,0.49607945705692214,0.37669101615771505,44.167818495185166,3.485065780758919,32.30642303393345,4.204766960655698,13.784975079466776,216.1277421273206,12.548516282143117,10.686530920520331,5.87567323456502,662.5826647687841,22.57719851653811,31.03979447617742,0.0,12.09498441480197,1.7100020258158362,0.0,0.0,0.0,39.340121663333335,0.0,250.412964944831,105.05696316751438,0.38086046902353454,0.0,123.6433957352977,0.008453497469476897,0.010580606432572054,0.015345769255075758,0.017000179997294782,0.056294828670580506,0.05521233556725523,0.0691147978319288,0.10093525640892208,0.11189219701846637,0.36758917792342755,106123905.62,0.21608583372183,410.1649181,343.19197665143366,65.14825079273581,116.89239305553176,31.53799956459107,516.4215360523742,11427.748192451567,901.7075222083726,8358.793347940762,1087.9192061421684,3566.65168021688,55919.75104460664,3246.7368583495368,2764.976595433775,1520.2406746227725,171433.14086220125,5841.505157564314,8031.072561527415,0.0,3129.3924172200313,442.4368969396961,0.0,0.0,0.0,10178.655399926325,0.0,64790.5286023281,27181.884046930907,98.54182716618472,0.0,31990.839490446033,2.1872133086500436,2.737570252604794,3.9704833256726966,4.398536827364814,14.565426785901307,1.538173183022204,1.925485083773989,2.811978573892309,3.117230507910536,10.240751637145465,88795.68030442433,16856.114487955238,30244.120696097132,8159.975516044172,133616.18201290432
22,lawis_river,wet,193.91262185,892.9700433999999,109.94683861499999,422.211237405,595.5601177000001,0.16100693295000001,0.7047491555000001,1196.8295038649999,0.39250176940859915,0.39644271504399264,0.3479939587077345,0.027402169654602168,0.005214663244640679,0.0609155285477941,0.1879058797867313,0.12804418852733032,0.23937510891476832,0.29065809047282243,0.38403184072107655,0.23392506690412052,0.10153209067724493,0.08626659246295984,0.11779033692558252,0.7674482695575677,0.8015133250569133,0.7192285502115247,0.29775196705719176,0.2354188922749766,0.3277082135029094,0.011704294374613726,0.001733085317860532,0.025796296404622682,0.007882969004518599,0.003288257403363907,0.012820854507695816,0.06822303919607715,0.08413830505501654,0.05842354415722638,0.6144377303675987,0.6754214599487824,0.5752510914275457,0.14006351069272363,0.2196689871899828,0.061807547673902195,0.21430953529561758,0.1753269172452125,0.24631394049351185,0.22551439599333079,0.08884068381020457,0.30253762361631964,0.0,0.0,0.0,0.5444132965681037,0.7214727385920544,0.436471065549621,0.015762772142947898,0.014359660352528478,0.014677370340547561,0.6704188437200462,0.7291825318329754,0.5658492425609116,0.0,0.0,0.0,0.0,0.0,0.0,0.0,0.0,0.0,1.0,1.0,1.0,0.0,0.0,0.0,0.0,0.0,0.0,0.5887151048581487,0.6770110625465815,0.5243512285413828,0.1997041751786724,0.0423315175281433,0.27457555586378973,0.0005247992389675424,0.0002867389552346929,0.0006794665605813934,0.0,0.0,0.0,0.21105592072421128,0.2803706809700405,0.2003937490342461,0.7725617070554873,0.8126897411905225,0.7216187735790827,0.08228416330400928,0.07913133849511808,0.08862577958372274,0.06859668110243114,0.016517337517490318,0.09811280435907599,0.08922719866681438,0.054843919411728295,0.11080593520307662,0.18368039280350495,0.142701465116027,0.212976919026243,0.5762115641232403,0.7068059394596362,0.48947856182788174,0.9340072695323586,0.9471283459426292,0.9122293924605493,0.08207026780728208,0.0789869567951671,0.08840885509177224,0.06849048680953451,0.016493794924133057,0.09786931081248504,0.08968812398792471,0.05506290642112028,0.11125072736839516,0.18467087806900662,0.14358088259019713,0.21404065074139128,0.5750802433262521,0.7058754592693823,0.4884304559859562,0.9341208958037612,0.9471327323301358,0.9123416920103362,0.32523206088827983,0.27239529988423655,0.32475435963466337,0.045449805264685415,0.008917876634735988,0.07177733000330504,0.06938202110926181,0.03404496141009191,0.10015947041976428,0.207498477026832,0.2808734690832102,0.17550795037565547,0.352437635710941,0.4037683929877253,0.3278008895666119,0.4720550216614111,0.4998962183615691,0.4199367034958882,76.11104718678558,5.3136265621024155,36.43732181047598,56.3622723854995,19.688353905136506,265.88358694549584,10.451584255665194,7.039255174085827,60.92113027180091,548.6744867529521,23.562655890802912,24.79459490163794,0.0,59.85652085763342,1.73306696492571,0.0,0.0,0.0,422.211237405,0.0,350.61523714108694,118.93584207459156,0.31254949652838004,0.0,125.69648898779316,0.013248320763935475,0.011044541234851664,0.014366197593064112,0.029573816688343586,0.09277405666980518,0.057838951928840886,0.04826861273880334,0.06320762963886924,0.1301466453645759,0.4052873158289107,384995312.11,0.78391416627817,410.1649181,389.2473260739114,54.39566788569431,83.03844990134876,248.3402993127664,421.8077606912791,71440.52324716713,4987.557995425269,34201.36014522961,52903.624105155315,18480.185949965005,249567.747078873,9810.226972099941,6607.2940984883935,57182.72950239905,515005.29653476196,22116.74294535478,23273.08451199574,0.0,56183.44941871639,1626.7180044550576,0.0,0.0,0.0,396302.4138535832,0.0,329099.8734824621,111637.39174155628,293.37002180286424,0.0,117983.17426354902,12.435342864211504,10.366797383648498,13.484621629261785,27.759031267117933,87.08101382428413,8.741016123411667,7.294681320015564,9.552367243371338,19.66864695161319,61.249777946066956,365361.31974425056,51057.69950315207,77942.82866753142,233100.99626828454,395923.6963268682
23,malabobo_river,dry,569.1080393249999,802.5473668,211.79379185,34.8819281875,575.521052175,0.70091930575,0.7038332995000001,1583.4491979749998,0.41235223366432266,0.42726916720110575,0.3696116815147264,0.04640849681524427,0.021945420962785397,0.08319294948204697,0.4635967397232112,0.4861583133754791,0.45027180745669987,0.01794370263459038,0.022663174030701408,0.016215378475214856,0.05969882716263149,0.041963924429928384,0.0807081830713119,0.5541631195756098,0.6169515342756935,0.4894376274081045,0.38956287035845794,0.38918954066860867,0.36773620146553054,0.033818066592473627,0.019458559631030485,0.05051445518509403,0.0329068385679311,0.03342439549827003,0.03276567784851697,0.0055461731116730455,0.0064994714970256565,0.005205552449342677,0.5381660513694643,0.5514280327050651,0.5437781130515158,0.30499246011692044,0.39869516496636576,0.20118355639483718,0.3905183615709016,0.3684750931199837,0.4074626883595371,0.5373720502428477,0.5039721760608658,0.5300460668406229,0.0,0.0,0.0,0.06452944697124745,0.11955116330892963,0.05377022426949989,0.007580141215003243,0.008001567510220652,0.008721020530340219,0.3604292675895616,0.4840869643289056,0.223610285602862,0.0,0.0,0.0,0.0,0.0,0.0,0.0,0.0,0.0,1.0,1.0,1.0,0.0,0.0,0.0,0.0,0.0,0.0,0.5546470615620569,0.6475104856852276,0.5006944219939818,0.31612045340302647,0.2191890158623259,0.3532282564329843,0.001498931154630561,0.0015782099515097498,0.0014861586277776552,0.0,0.0,0.0,0.12773355388028598,0.13172228850093665,0.1445911629452562,0.8458355530972967,0.8694677077972677,0.8100373314793177,0.0870449764707695,0.0778785597241425,0.09544861424125813,0.14197083565587307,0.09428956963162169,0.16414367586347994,0.22215515230247873,0.2472765414111935,0.2098689877650294,0.08142846348240503,0.061379976707119616,0.10255133508992058,0.46740057208847363,0.5191753525259227,0.427987387040312,0.8147711735440978,0.8489546979506148,0.7656211039493223,0.08689650260896896,0.07778671939279361,0.09526061191685775,0.14162593104731147,0.0941301619800584,0.16376135820611712,0.22330213557514408,0.24856096297290578,0.21086236941472952,0.08188876804321733,0.06173525345958622,0.10313194572938603,0.4662866627253582,0.517786902194656,0.4269837147329096,0.8150412597992256,0.8491979711162259,0.7658985009309727,0.40851895183302156,0.4243881508377949,0.3775347854236809,0.11164450824412261,0.07381973687114059,0.13082046596324648,0.21658413112726083,0.224165905609786,0.21924170395545062,0.0173437731632756,0.023375236618589822,0.016445432695123476,0.2459086356323194,0.2542509700626886,0.2559576119624985,0.45357944409669687,0.49952848374271835,0.3898912962186262,234.67297121198692,26.411448630544168,263.836631581339,10.211905424602566,33.975082476527255,312.6426558092302,27.140600294056757,26.409296642405785,4.451066626590165,431.90374742771706,82.70936458415056,113.81206415514143,0.0,13.666936260023995,1.6054268506840028,0.0,0.0,0.0,34.8819281875,0.0,319.211060455967,181.93397595654787,0.8626664352508681,0.0,73.51334932723425,0.06101150447691685,0.0995100995646619,0.1557128351206389,0.05707478209237656,0.3276100844954058,0.06116065214628098,0.09968104634378873,0.15716747886725,0.05763604180384782,0.32818808033883257,5330600.9099,0.24806638168806225,26.30259549,646.8690066375856,176.7834070374692,342.9499687275734,27.462983705249076,389.38383186712264,47559.86740347175,5352.66157118534,53470.30443847794,2069.5901424973476,6885.541224711421,63361.55023803071,5500.434688194003,5352.2254397042125,902.072946327589,87531.53314860976,16762.247447296457,23065.65878540962,0.0,2769.802048277982,325.3629412461468,0.0,0.0,0.0,7069.326607180164,0.0,64692.73231851393,36871.548214487586,174.83181408605793,0.0,14898.542121538421,12.364862676866604,20.167159073152988,31.5574552668295,11.56702902075337,66.39491586172836,8.687957601669574,14.159834369548282,22.325863849425897,8.187281690885856,46.619583462542984,131097.34804230236,35827.71102446648,69503.76498184055,5565.770343212984,78914.25807161788
24,malabobo_river,wet,423.7257141,579.4976918499999,161.1671809,49.275237634999996,584.7163151,0.30152853174999994,0.7037857055,1164.3905868499999,0.4436434082535673,0.5043129136752833,0.3865300803125175,0.0410100433003623,0.016351881968567076,0.08055055521796664,0.41550452151054174,0.3844140314661717,0.4155650860178578,0.03526854169185318,0.04671973646565747,0.0315680256822244,0.0645734852436756,0.04820143642432047,0.08578625276943376,0.5318200721432127,0.5977714834857621,0.4603000361352567,0.4095892612287091,0.4289207741025909,0.38522015761294304,0.02744317504428833,0.0167371443257915,0.046043792504867176,0.02788913216127956,0.02589138601193432,0.029775927894905428,0.010735776432836415,0.013369891402633994,0.01015217564068148,0.5243426551328866,0.5150808041570494,0.528807946346603,0.3071864162340522,0.39612383899519343,0.2028324723582607,0.40339766122401877,0.37493326820614997,0.40892693380856926,0.44783811355930725,0.383756296655523,0.4677207192206627,0.0,0.0,0.0,0.14111805202757408,0.23347708735240008,0.11399065990823685,0.0076461731890999345,0.007833347785926991,0.009361687062531165,0.40944332194273947,0.5422202840134271,0.26969998379432647,0.0,0.0,0.0,0.0,0.0,0.0,0.0,0.0,0.0,1.0,1.0,1.0,0.0,0.0,0.0,0.0,0.0,0.0,0.5890216260125675,0.7049786226718308,0.5042844678648032,0.27564748856652366,0.16992001442636712,0.3515791384347203,0.001300365622658283,0.0011430916252034588,0.0013706398956338031,0.0,0.0,0.0,0.13403051979825048,0.12395827127659861,0.1427657538048428,0.7825435081729066,0.8172588631871698,0.7345049221846938,0.09706730288926921,0.0978372778967262,0.10011790042884972,0.1212834501133587,0.08075285111030654,0.15524687983264757,0.21321514766508903,0.2054404718508101,0.20578573655633586,0.08668463389604772,0.06882595394763885,0.10036243176497393,0.4817494654362353,0.5471434451945183,0.4384870514171929,0.8781013519329137,0.8983756538835846,0.8380513235678662,0.09688668077642928,0.0976997098948539,0.09996337932638688,0.12105007226492687,0.08063109827443066,0.1548771255527736,0.21424113717813292,0.20652579346699107,0.20688148477681484,0.0872118823260348,0.06923616247631162,0.10093898376595603,0.48061022745447607,0.5459072358874127,0.43733902657806856,0.8783381431801882,0.898574394676409,0.8383129286475373,0.42800719530980186,0.4739095643091722,0.38887600243172504,0.09084118704513383,0.057484163672405934,0.11861603816084598,0.19470479723207262,0.1753554636073194,0.20325206445014418,0.03454243155757821,0.04690822004525112,0.03249641643035934,0.2519043888554136,0.24634258836585138,0.25675947852692554,0.44843051341275264,0.4991570977383902,0.37526736599505683,187.98311996800064,17.377009882717935,176.05995008883312,14.94418801364611,27.361446146802255,237.35603148858357,15.903256595200606,16.161687715161104,6.221357663046328,303.85535838800826,65.01446384112835,72.17680626192762,0.0,22.743598619383643,1.2323121775603991,0.0,0.0,0.0,49.275237634999996,0.0,344.41055467627876,161.1755837811871,0.7603449951634682,0.0,78.36983164737062,0.02926856132113387,0.03657042063825541,0.06429045042231372,0.026137890383961547,0.14526120898433537,0.06818746098379257,0.08519331050979753,0.15077984987603454,0.061378476130811384,0.3382466079995639,16158005.7833,0.7519336183119377,26.30259549,498.3675493228027,105.77462309363399,226.71243311156329,40.220882152554445,293.3150991694456,115480.32743614732,10674.909488995741,108155.77849814983,9180.39728980436,16808.470679160426,145810.71023777014,9769.564837669759,9928.322232258215,3821.856027010676,186662.05926281124,39939.1795057827,44339.09396674335,0.0,13971.67052068194,757.0244274722693,0.0,0.0,0.0,30270.380540297458,0.0,211575.6118594695,99012.13041326268,467.08922067502505,0.0,48143.54512944918,17.980034832514992,22.465656227549907,39.49440921636995,16.056825424239232,89.23573552847277,12.630544860486518,15.780583624650843,27.929352852269133,11.36929847589986,62.65431935149125,306153.27476820396,64978.643355675755,139272.21770776864,24708.179338327438,180187.04924048219
25,maloma_river,dry,280.7899596,860.4813824,304.8747467,91.95272614,761.1180345,0.5921336548,0.704554582,1446.1460887,0.4332972232835833,0.474134995208519,0.37412867415508705,0.07656794495872983,0.048623510568498514,0.10031294878309027,0.35141923811967013,0.33000057813217415,0.3729421684059826,0.05601697643035705,0.08266932103132268,0.04831209112915424,0.08269861720765985,0.06457159505948562,0.10430411752668599,0.7362148019180458,0.7757700003364212,0.681647689280056,0.3481398275519402,0.3259764953250511,0.34266921037422743,0.0426956520915654,0.03559674468819683,0.05577256833378806,0.020216368983008364,0.017410382351230984,0.023119590975021188,0.014029667700424086,0.017589701405032326,0.013483759359855088,0.574918483673062,0.6034266762304887,0.5649548709571082,0.22316262624394842,0.3336502146410612,0.10670465589731834,0.26049763925845937,0.18906206222599042,0.34420414004049227,0.5830238061565557,0.593663683179994,0.5213804968832931,0.0,0.0,0.0,0.14973470774896633,0.21110244030385084,0.1259719292612386,0.006743846836018569,0.006171814290164877,0.00844343381497602,0.2304311834591409,0.3578733261826064,0.13319486878371967,0.0,0.0,0.0,0.0,0.0,0.0,0.0,0.0,0.0,1.0,1.0,1.0,0.0,0.0,0.0,0.0,0.0,0.0,0.4890605667017624,0.4954959030674501,0.4481382778952158,0.37202605749836265,0.36566922411085206,0.39632489070673227,0.0008745587391353887,0.0007581264083175469,0.0010587351219352452,0.0,0.0,0.0,0.13803881706073967,0.13807674641338039,0.15447809627611656,0.7974453072138701,0.8267445327026988,0.7587641767062305,0.08528749988351436,0.079444582034613,0.0965073078451228,0.19522513664141167,0.18289120590980226,0.19529109940403885,0.1604100952963407,0.146069802832679,0.16922841740054315,0.1551112433209647,0.12661192393819315,0.16973999226666103,0.4039660248577685,0.46498248528471253,0.3692331830836341,0.8216006446472123,0.850136912795907,0.7706776819422305,0.08504892857391537,0.0792296984997243,0.09612924524678575,0.19471279772405511,0.18246519034394645,0.1948318888188267,0.1609677601566921,0.14653904096323594,0.16977706069910742,0.15580564062659158,0.12718071558863278,0.17049027420220147,0.4034648729187459,0.4645853546044605,0.36877153103307875,0.8217731330702138,0.8503295506067976,0.7707575023985872,0.38414752723827966,0.3688796129808947,0.3618150081814076,0.14465685785535476,0.14650263247050546,0.1468716185949225,0.14261217493353698,0.122149820692129,0.16559457356889562,0.04935154919016096,0.06868654489246019,0.045374585172360746,0.2792318907826677,0.2937813889640105,0.28034421448241353,0.4695838367513139,0.49999959724967563,0.40829073064068866,121.66550982058952,21.49951017161677,98.67499367428495,15.729004548794107,23.22094138471467,299.5678400803911,36.73881373421965,17.39580912960752,12.072267857473546,494.7066515983082,79.41915178487078,177.7492352220498,0.0,45.65033109716464,2.0560285959147575,0.0,0.0,0.0,91.95272614,0.0,372.23281727950155,283.1557416659378,0.6656424285855254,0.0,105.06383312597525,0.050501599014779935,0.1155993736683085,0.09498421599463851,0.09184658740821493,0.23920187871405812,0.0599216123209428,0.1371857938105222,0.11341057297267444,0.10977357800491044,0.2842630248909501,5001486.5514,0.1617592413082008,17.16000489,555.5334439994149,209.19494919115317,206.23803898113468,71.36954983263692,403.81010669566047,35460.85301476293,6266.286733268454,28759.9949408532,4584.404562935014,6768.018237231289,87312.59303236843,10707.962147095237,5070.214488292803,3518.6053687687754,144188.10954412635,23147.65188715669,51807.11865663793,0.0,13305.329369834823,599.2538718770426,0.0,0.0,0.0,26800.7104952391,0.0,108491.66078606872,82529.09267637631,194.00936514603404,0.0,30622.0978249441,14.719288829795742,33.6928058271846,27.6842740976898,26.76977510547618,69.71821902889769,10.341533285694204,23.676122822216733,19.572891481370455,18.94520302202825,49.059353043717095,161916.79820762563,60972.34422177131,60110.5177395584,20801.5001135239,117695.23557272977
26,maloma_river,wet,225.21915805,774.57764655,317.46450325,114.97898627999999,785.5000137,0.47607866935,0.7049139255,1317.26130785,0.44491360184372836,0.4627523017755469,0.37739613362388647,0.07385550733816668,0.054382394521825125,0.10323319570632383,0.32343483721621646,0.28255073259136304,0.35478037215654745,0.08421639693175542,0.13651720466742162,0.07110979138092137,0.07357965667013316,0.06379736644384332,0.09348050713232085,0.7535549043013253,0.7924135015845233,0.6869080141247339,0.3585857922865491,0.3130461991200659,0.3554230089881639,0.04486376036453908,0.0341088823443169,0.05696192982982767,0.01821514169296311,0.01292064893707491,0.022195007589319762,0.021294141072475806,0.02670080249620435,0.019700039025163707,0.557041164583473,0.613223467102338,0.545720014567525,0.18955171417319627,0.30041001614499174,0.09611245376123764,0.25408137173872564,0.1704110860486775,0.32012848404480676,0.5319502584023017,0.530752166217401,0.4903327193381263,0.0,0.0,0.0,0.20768458011767899,0.29429494257311684,0.18179930051725807,0.006283789741293793,0.0045418051608047145,0.007739496099808901,0.2587807445836955,0.38597240436687996,0.1474134825296211,0.0,0.0,0.0,0.0,0.0,0.0,0.0,0.0,0.0,1.0,1.0,1.0,0.0,0.0,0.0,0.0,0.0,0.0,0.49804343892433933,0.4939500461006991,0.4705634087376514,0.3707205787449326,0.3653504435134847,0.39057160818420333,0.000833239477148895,0.000598168012746522,0.0009542550677131012,0.0,0.0,0.0,0.1304027428535791,0.14010134237306957,0.13791072801043214,0.7609309308815883,0.7958261479870226,0.7005982178088312,0.08294300238312731,0.08510942997054202,0.09081046835186278,0.18608935622767936,0.19872034966037688,0.18594831914119353,0.15197702370338922,0.12169165147377123,0.15624748320605625,0.17067853025299157,0.15418690073420985,0.18669654193915525,0.40831208743281255,0.4402916681611,0.3802971873617321,0.8312113665620505,0.8622028873046678,0.7775325067782755,0.08274710171374733,0.08494092214851695,0.0905956768995731,0.1856190133431157,0.19830239612435974,0.1854468953861601,0.15269131648176246,0.12223326407336857,0.15684431759498504,0.17155197134496214,0.15497136733077232,0.18755272058943168,0.40739059711641235,0.43955205032298234,0.37956038952985005,0.8313496367630293,0.8623778339829427,0.7778668513036223,0.3877377576214087,0.34592458383030344,0.3647501062070433,0.13739847782552975,0.1412019406137999,0.14698010137993084,0.12950880195189626,0.09504312172822227,0.15466157514413426,0.07170217517439789,0.10505161468676111,0.06561941876606096,0.27365278742676735,0.31277873914091336,0.2679887985028307,0.4657482608721504,0.4999997229998324,0.39621082027676013,100.20306681223742,16.633675180057494,72.84372172187508,18.96714601097456,16.57154832485546,277.7525390755823,34.75046591854785,14.10904158411015,16.493965677222004,431.47163429453775,80.66181646411313,168.87532453739584,0.0,65.93248205974379,1.9948801887472802,0.0,0.0,0.0,114.97898627999999,0.0,391.2131280982636,291.20101968301645,0.6545096207158378,0.0,102.43135629800396,0.03948739420645313,0.08859317309307173,0.07235301921648295,0.08125640756945794,0.19438867526453424,0.058329584292785404,0.13084542734313256,0.10763423529092202,0.12092937354804077,0.2871753050251192,25917838.434,0.8382407586917993,17.16000489,510.75194570720316,180.98969859705656,170.59693383724152,94.45050104591718,360.47222866258164,151343.01609344568,25122.88945392987,110020.4704264985,28647.277726185206,25029.05534340014,419507.1900352014,52485.82194216069,21309.77599246793,24911.87737407348,651678.841479617,121828.63235243781,255063.06116498675,0.0,99581.98896393455,3012.9934553380795,0.0,0.0,0.0,173660.01984339423,0.0,590873.8786676734,439819.2790934848,988.5471893482487,0.0,154708.5423416307,59.640303705211814,133.80786085438166,109.27933146206128,122.72668082628184,293.59748503576856,41.941984522713014,94.08462198096306,77.39457576151923,86.9544670202741,206.4938803302719,771420.8995595707,273360.1649024279,257663.31634940545,142654.55294508542,544443.9580471877
27,mapita_river,dry,761.2031538,840.5266406,297.6758923,35.68104251,852.9642158,0.5900790034000001,0.704229512,1899.4056867,0.39519282857381766,0.3803706753684758,0.3575530980248,0.062183176503932826,0.028621565721940904,0.09916131444404701,0.4825229904285421,0.545131523288229,0.4643317039399936,0.01476585858124218,0.017764498729704745,0.01300792251429099,0.045335145912465256,0.02811173689164945,0.06594596107686841,0.5320889027453793,0.5919949397384563,0.4644115688637193,0.41041581321086545,0.4359031407544024,0.39368621554478284,0.04760571575595505,0.02755599136462932,0.06603908262858628,0.039543934572212294,0.04577986439241222,0.03946632414489815,0.005228194232266086,0.0064805715428855,0.005046896291690458,0.49720634222870114,0.48428043194567066,0.4957614813900423,0.33727715369380884,0.42000230902880753,0.21717658916019492,0.3451754139718878,0.29362851966408937,0.3997469745420429,0.6008096571262299,0.6195105647391147,0.5548453065205577,0.0,0.0,0.0,0.04883693232313918,0.0812410748598632,0.03954012460781622,0.005177996578743238,0.0056198407369328785,0.005867594329583228,0.31535855791026357,0.452817580305771,0.18971651992605704,0.0,0.0,0.0,0.0,0.0,0.0,0.0,0.0,0.0,1.0,1.0,1.0,0.0,0.0,0.0,0.0,0.0,0.0,0.5218146681948697,0.595897301185767,0.47153516220064595,0.36738863656087656,0.30035186408118686,0.4062001638482741,0.00158809055738877,0.0017655325003753809,0.0016037028137165822,0.0,0.0,0.0,0.10920860468686501,0.1019853022326709,0.12066097113736331,0.814012689534407,0.8398574308358057,0.7678024122354452,0.08493715269934198,0.0849813237668879,0.09484972361306224,0.1973024741018202,0.14739421303225275,0.20433776689581498,0.271940309066605,0.32888377072932207,0.23710008988398612,0.08398915702324967,0.07171457114362562,0.09558548460608349,0.3618309071089831,0.3670261213279116,0.3681269350010532,0.8581585206946003,0.8840780453772974,0.8210203763082528,0.08473372611800707,0.08465746430575548,0.09472738050043117,0.19682547622379792,0.14690679802404819,0.20389664154848602,0.27307775696326203,0.3298274272125014,0.23838468907535373,0.08442548283886149,0.07193973587369305,0.0960980344710045,0.3609375578560714,0.36666857458400187,0.3668932544047246,0.8584405483091606,0.8842457371785339,0.821271479783012,0.4081219978936171,0.3957281685620408,0.3768590996474878,0.13629862434306272,0.10577906953398251,0.15505728090916984,0.2369368794402933,0.2734375134685134,0.23738087893822707,0.014683904675349546,0.020144606304444947,0.014259920870359698,0.20395859364767732,0.20491064213101834,0.2164428196347556,0.45663005254671574,0.4999994724994435,0.39125836999424507,300.82202746953277,47.33403006809572,367.2980220952134,11.23981812060634,34.509256046551734,344.9654247272458,40.01387233771138,33.2377304820878,4.394436534450909,417.91517651850404,102.75039935410358,178.84655078750754,0.0,14.537577406485168,1.5413647519037406,0.0,0.0,0.0,35.68104251,0.0,445.0892392497742,313.3693602779793,1.3545844169024972,0.0,93.15103185534402,0.050119630416461336,0.11642404728635639,0.16046626655831028,0.04956023807268529,0.21350882106618674,0.05967199059402577,0.1386103090702528,0.19230941552429262,0.0594549165799758,0.2541828802314529,1685633.7216,0.21506580008280432,11.27224703,775.1892436665017,258.88638216660036,450.03925619784536,27.890692043319646,387.4001126257328,44984.4429733657,7078.254854570063,54925.156472610906,1680.7843545587007,5160.458739467165,51585.575720505825,5983.610221168452,4970.316848180306,657.1369834414897,62494.36447171322,15365.129738391106,26744.42604007319,0.0,2173.925983126868,230.49321010972935,0.0,0.0,0.0,5335.685805734076,0.0,66557.93018055511,46860.75097493507,202.56237871720256,0.0,13929.655735836343,7.494809057969721,17.409865095108305,23.995867848714287,7.41115842506891,31.927766282125628,5.265424627480515,12.230899752726954,16.96928026898054,5.246270132244366,22.42896179817769,115920.55481646542,38713.453908669915,67298.14776698253,4170.729305511006,57931.19081365386
28,mapita_river,wet,763.87472125,847.0440957000001,304.47721425,62.09573238,1057.067228,0.51995024835,0.7041736555,1915.3960312,0.40734707150405164,0.439425321547095,0.3641490655690651,0.05141283346751374,0.021979940290083648,0.09519517123425927,0.4695670960283821,0.4805326088884887,0.4517934493198499,0.024768038123944902,0.03031953839591566,0.022778608218963825,0.046904960876107626,0.02774259087841706,0.0660837056578619,0.5169907148071622,0.5839533074183318,0.4448695147553974,0.45303304983390036,0.4825169292503233,0.41245243778410884,0.04194982300819175,0.025310023091572792,0.057819847633667314,0.03963709170615176,0.03974213644525838,0.03771391455621464,0.009568878747724049,0.01143852860300849,0.008585281509865981,0.45581115670403205,0.440992382609837,0.4834285185161432,0.31020688543084796,0.42444675507217366,0.19645658355908957,0.3845040457530977,0.38872156336599484,0.40145908880208325,0.5099627351511896,0.4442128499135462,0.510566885773782,0.0,0.0,0.0,0.09918473097593888,0.161046608176664,0.08059532270008377,0.006348488119773665,0.006018978543794958,0.0073787027240510335,0.3716552864081155,0.49904208421839336,0.2184530154804273,0.0,0.0,0.0,0.0,0.0,0.0,0.0,0.0,0.0,1.0,1.0,1.0,0.0,0.0,0.0,0.0,0.0,0.0,0.578503284924518,0.6791866286088781,0.5139987253134218,0.3220529061814615,0.2275370434379696,0.364620427166404,0.0015505869787537166,0.0015859199383716563,0.0015131018344305964,0.0,0.0,0.0,0.09789322191526681,0.09169040801478073,0.11986774568574349,0.7631635044777698,0.8046792348893161,0.705626837963546,0.10090584633900214,0.09967987852044022,0.1035955277526735,0.15647334108854632,0.119221980436689,0.18065988251879195,0.2667379539932991,0.2973015657076329,0.23491010254021036,0.09205588254475086,0.07828423170025306,0.10538564903062869,0.38382697603440147,0.40551234363498484,0.3754488381576956,0.8706400045005694,0.894441397310459,0.8305955237148003,0.10068766253887824,0.09935066287107064,0.10337924151817504,0.1561952047841417,0.11882923692859082,0.1800781313500257,0.2680101241188283,0.2984116056605697,0.23606504023601704,0.09257138485513614,0.07865928767353023,0.10592863825418188,0.38253562370301564,0.4047492068662386,0.3745489486416003,0.8708358083129661,0.8945682250718623,0.8307801849437739,0.43084971071198835,0.4607627680574102,0.39013525831531704,0.11170396353711132,0.07719225938155352,0.13761157408940106,0.23803949494448284,0.24384351073687097,0.23359679447848733,0.026412967426179573,0.035361067373134984,0.025103699249502266,0.19299386338023788,0.18284039445103034,0.21355267386729226,0.4504965645966038,0.49856968334988394,0.3762058493908146,311.1621306971613,39.27296383366973,358.69043458685235,18.919678217837784,35.829513914478866,383.7389700187692,35.53334989474884,33.57436450041529,8.105262245728866,386.09214904033786,117.07272071875772,155.27203297014475,0.0,30.199490583689553,1.9329699774079057,0.0,0.0,0.0,62.09573238,0.0,611.5168637840543,340.4315728065815,1.639074679404086,0.0,103.47971672995993,0.0524660198639311,0.08135835255914392,0.13869046542318675,0.04786447899122164,0.19957093151251656,0.0709015993937523,0.10998854832442015,0.18872566881176403,0.06518633046813856,0.269371508501925,6152124.4015,0.7849341999171957,11.27224703,825.2478259414106,213.95732842829253,455.93990388551487,50.59129298031923,369.65967996446267,169824.89223222228,21434.249841874385,195764.71038413837,10325.910505927568,19554.896753105415,209435.60542772687,19393.257473219317,18324.08982504886,4423.659409680736,210719.91458464667,63895.50725485332,84743.78359202264,0.0,16482.1638878496,1054.9690521977566,0.0,0.0,0.0,33890.374242801845,0.0,333751.36382321024,185799.45777717698,894.5679866849641,0.0,56476.768887373655,28.634706123404943,44.40345431685853,75.69395829549869,26.12329452887963,108.92106909302167,20.120206469491276,31.21216334312984,53.5559064259998,18.498347558052547,76.4412991300537,450400.64095002157,116772.82245503164,248841.15836411368,27611.52476691753,201751.46368842936
29,masinloc_river,dry,383.9359083,1522.8090241999998,4782.140101433333,6773.155890756666,553.2884101999999,1.8448460503333333,0.70832288,6688.885033933333,0.33929328254300717,0.25588040319892247,0.3253945106697311,0.05778558950665095,0.04502524293033931,0.08006524915508367,0.4914534925499723,0.5728435866399779,0.4708821768504553,0.06363093691844093,0.0877407073571853,0.05521739617536832,0.04783669848192853,0.03851005987357497,0.06844066714936169,0.7829096707229417,0.8110008335099491,0.7350965882263629,0.32318774981911963,0.2649183790744634,0.3430574348287012,0.0508297261953302,0.05204980239844859,0.06164875708712779,0.0355320841551669,0.041760805006089474,0.034405340569636705,0.019185320649855075,0.02741717208553034,0.017994848245408136,0.5712651191805281,0.6138538414354682,0.5428936192691263,0.22423897230331744,0.31879439526344716,0.10575308565710398,0.219035570998279,0.11333160869079785,0.3031234002372051,0.6292422217440198,0.6817404693517329,0.558133312172903,0.0,0.0,0.0,0.1467740442594659,0.20150742003560163,0.13272940228040458,0.0049481629982353025,0.0034205019218675192,0.006013885309487292,0.1678521735853509,0.26209868166845623,0.09095212936732244,0.0,0.0,0.0,0.0,0.0,0.0,0.0,0.0,0.0,1.0,1.0,1.0,0.0,0.0,0.0,0.0,0.0,0.0,0.4556149661648642,0.37845187844301525,0.441900487868876,0.4249347864228917,0.4970555043963842,0.4269437472907423,0.001403637375755873,0.0016498408188614039,0.0014206064371537312,0.0,0.0,0.0,0.11804661003648821,0.12284277634173901,0.12973515840322813,0.8722680460245202,0.8878007128576773,0.8452688275530547,0.051560341661577636,0.04007830913877319,0.06311849806998586,0.17882112374730375,0.20658562559716315,0.1612138436308322,0.2011785943886581,0.2429491676724889,0.18170754097118932,0.33405820119617935,0.30410805328109675,0.34163731854072776,0.23438173900628126,0.20627884431047797,0.2523227987872648,0.7065618929394623,0.7523652496397399,0.6555564656021635,0.05134303738426605,0.03990419001315212,0.06281765604150669,0.17803878950179444,0.2058404406724995,0.16037650135972695,0.20153940063692574,0.24373592848398878,0.182199612695237,0.33502007161356206,0.305136743572945,0.3425092942333527,0.23405870086345146,0.20538269725741456,0.2520969356701768,0.7063042144578092,0.7523015337700563,0.6554312246282252,0.31570165359978186,0.2347761616877105,0.3445726907172346,0.16745241580351009,0.1898119192598356,0.1572015231437257,0.2187905659372434,0.24310291871201709,0.21414481174925581,0.05902903811991294,0.08454085313059424,0.05474805996553367,0.23902632653955186,0.2477681472098425,0.22933291442425027,0.48878052198127175,0.4999998972499789,0.4419293387190865,130.266874613238,22.18596279388698,188.68664304938088,24.430201561761624,18.36622628173246,492.1532219354472,77.40396574786395,54.10857840012198,29.215579417769913,869.9276786987966,1047.458787711218,3009.1244621170827,0.0,701.8940429027429,23.662808702289635,0.0,0.0,0.0,6773.155890756666,0.0,252.08648029268446,235.11149241859826,0.7766162921292669,0.0,65.31382119658792,0.09512089266819872,0.32989744386138153,0.3711435352695276,0.6162859530582294,0.43239822547599616,0.036367448107971,0.1261089481316248,0.14275496869262108,0.23730238198312453,0.16578913308465842,11934107.636,0.19499536599440576,40.11631544,2111.6920659515863,1120.0699579640802,1463.4649420634314,394.83844964776586,1598.8196183064704,38752.78389823375,6600.049508199263,56131.94240120928,7267.68278216626,5463.725142982054,146409.4959759301,23026.722383561595,16096.63279330322,8691.273502952901,258792.72408889656,311606.03309932863,895177.3069671991,0.0,208804.79588402933,7039.392898521938,0.0,0.0,0.0,2014930.0988669638,0.0,74992.60977476471,69942.76084952804,231.03374077322513,0.0,19430.0539251752,28.297288997852355,98.14040897577992,110.41061098785957,183.33744806030353,128.6331236517452,19.959142163569712,69.21097175651592,78.3466221284706,130.23602766114334,90.98820644735888,628202.2696437706,333206.95810625347,435362.71834882884,117459.55492785416,475629.0602998073
30,masinloc_river,wet,193.12616680000002,715.31391795,121.58887565999999,394.62104758,522.0272712999999,0.49512488914999997,0.7073805550000001,1030.02896041,0.34105878427270186,0.313025171284705,0.32610531976518886,0.02198457015941546,0.005252599517353695,0.04843499763946767,0.2381599753656653,0.23414205723853193,0.2749593359595989,0.3109765031746248,0.3874616204723738,0.24933077136655052,0.08782016702759257,0.06011855148703549,0.10116957526919397,0.7370534085086244,0.7768211063145101,0.6701000821602107,0.30347633175301886,0.24510219250490722,0.32825653195114407,0.010771762146794883,0.0020755940316638855,0.020752127408880997,0.010723785271513178,0.007149845680987753,0.015637025849720362,0.07851435267294929,0.108956602691943,0.06676429136285326,0.5965137681557239,0.6367157650904981,0.5685900234274013,0.11576235331410599,0.20516739958406677,0.05233222265356609,0.23319100496324935,0.1759205740541381,0.2655533155906206,0.2284481584002458,0.12291138209946403,0.28271622158817555,0.0,0.0,0.0,0.5237690821679182,0.6871558659030453,0.43677673800619654,0.014591754468586607,0.014012177943352504,0.0149537248150072,0.5411499367789173,0.6284731878445275,0.4100004719793895,0.0,0.0,0.0,0.0,0.0,0.0,0.0,0.0,0.0,1.0,1.0,1.0,0.0,0.0,0.0,0.0,0.0,0.0,0.6034168810438052,0.6785538379752396,0.5370955724470632,0.18633106937794558,0.05973692189044413,0.2629829016953702,0.0007799359525667559,0.0006895122990700775,0.0008798873058368925,0.0,0.0,0.0,0.2094721136256824,0.2610197278352461,0.19904163855172957,0.744424755500272,0.7945619116214233,0.6876459496986931,0.06822296459158358,0.07424299429188023,0.07105729823449819,0.05221572003459747,0.021766749462801997,0.07321920772101387,0.10820152009485416,0.11601044829070431,0.12387925389023345,0.38645464917903616,0.38728440332153113,0.3503947707237486,0.38490514609992854,0.40069540463308234,0.38144946943050595,0.7792182285736539,0.8229365680911227,0.6999402533623418,0.06791579650119954,0.07387995142930567,0.0707908973108948,0.051964528779650514,0.02165855465610595,0.07286073330083039,0.10844614146806791,0.11612383143920327,0.12411622371792425,0.38757709804391494,0.38819901995027983,0.3514122759641177,0.3840964352071671,0.40013864252510534,0.3808198697062328,0.7792099218837993,0.8229880292213871,0.7000148429518009,0.302868253887158,0.24575609187465375,0.3160665408662396,0.04100613615552294,0.011170115076229043,0.06322732404829602,0.09414609528984527,0.07170037328646092,0.12338846140523559,0.2314116421717451,0.30453305055333163,0.18734922984044605,0.3305678724957288,0.3668403692093246,0.30996844383978267,0.4506274451979063,0.4897615695094482,0.3905007922357603,65.86737566005505,4.245795763633573,45.99492312755337,60.05770002298332,16.960372225774705,217.0808438713459,7.705191384449351,7.670872857820596,56.162409225795415,426.6946006105888,28.353432107506965,27.776754726483468,0.0,63.68449380626732,1.774195019742226,0.0,0.0,0.0,394.62104758,0.0,315.0000678676543,97.2698997057799,0.40714783710718977,0.0,109.35015588945852,0.0337788877808922,0.025853302594017507,0.05357326564282616,0.1913433153362724,0.19057611779599165,0.0480423138222856,0.03675869720846266,0.0767126917392904,0.27416450271959397,0.2717023495103674,49267898.756,0.8050046340055943,40.11631544,311.9630726925813,42.237507794704214,96.97320465806013,238.36069321293354,340.494482051721,80893.45095006588,5214.37309301785,56487.57098162608,73758.43598288747,20829.47779522053,266602.6757546234,9462.947552908514,9420.800070597248,68974.52722865339,524034.82603122987,34821.59333767998,34113.3607267954,0.0,78212.59651492776,2178.935419350651,0.0,0.0,0.0,484644.45465428557,0.0,386859.84197746945,119459.71403775156,500.0289332983021,0.0,134295.7933754511,41.48473769402792,31.75111873410592,65.79473211259236,234.99374217765526,234.051526764155,29.213371172931428,22.352076324976853,46.647135809162506,166.71281508249032,165.2156391585365,383130.0285794333,51872.99069994669,119095.33507093624,292737.01664324093,418170.2004460269
31,pmb1,dry,815.1105345,1766.220942,164.7906945,101.5428878,597.0268827,2.771107532,0.708656749,2746.122171,0.2648396360960708,0.16902215610243115,0.3030846998384198,0.017062454244510406,0.002404247265278435,0.03442466160325137,0.572924874564711,0.697284123493388,0.5104397458864619,0.0352488371900457,0.04797081329258255,0.03001796804795756,0.10992419790466208,0.08331865984631986,0.12203292462390941,0.5865998559118601,0.6626937168662373,0.4776712852601289,0.20146571337345867,0.11563779433743172,0.2898066626904256,0.011405399557359417,0.002439066553662501,0.018409291864446845,0.032498095715359776,0.03685916040367718,0.03218132170727369,0.008466363587515737,0.010405339651336918,0.008111085301854224,0.7461644277663064,0.8346586390538917,0.6514916384359996,0.15446640321125002,0.2624375290395401,0.07362746043747512,0.38124204456269617,0.2955486008073729,0.4087907920209959,0.37438743864505925,0.1686186702225136,0.40700312195424765,0.0,0.0,0.0,0.22029107331076095,0.5027892521043731,0.16274519507764307,0.024079443481483637,0.03304347686574033,0.021460890947113537,0.48803411838932503,0.6458643178741261,0.29729128431377777,0.0,0.0,0.0,0.0,0.0,0.0,0.0,0.0,0.0,1.0,1.0,1.0,0.0,0.0,0.0,0.0,0.0,0.0,0.531071822474864,0.502595647984965,0.5204883890337816,0.18495206413384216,0.061335133497776036,0.2379392352682087,0.0025139737078681457,0.003911440543273317,0.001895751793756554,0.0,0.0,0.0,0.28146213968342576,0.4321577779739856,0.23967662390425312,0.8691390732097249,0.9013786442538103,0.8272928438411616,0.047378035162094816,0.032899643458307516,0.05411970676528402,0.04859576672270114,0.011355115385808143,0.07589393133028463,0.25650743003180976,0.33804781076965296,0.22692725330391683,0.29977173483283126,0.31926576054882844,0.26960454774674253,0.347747033250563,0.2984316698374029,0.373454560853772,0.5351336858176582,0.6341599822546226,0.4151912903470428,0.047121686131107364,0.03269890104777204,0.05384428082117971,0.04835906589669054,0.01129566400776011,0.07535100240639458,0.2569546423862112,0.3383666099915901,0.2271505294627141,0.300243740490111,0.31976480816973313,0.2699168526382659,0.34732086509587995,0.2978740167831446,0.3737373346714457,0.5350231158096732,0.6338879330479792,0.4148390383113659,0.25050736863133505,0.15246485081913871,0.31711575241060186,0.04475339854543987,0.011555692822322975,0.06080291515306598,0.2626681175383196,0.30847777846977387,0.2443269532142291,0.03365179411148521,0.046038439764806954,0.03022914132297107,0.4084193211734204,0.4814632381239574,0.34752523789913203,0.4003613487273543,0.46979248288579206,0.3043281377263493,215.87357733505377,13.90778619912467,466.997100734787,28.731698522481626,89.60037170855288,355.8329620551722,20.144455550085734,57.39881722758891,14.953468670856543,1317.8912384962966,62.82514129608665,61.695566026395454,0.0,36.30191896303071,3.9680682144871864,0.0,0.0,0.0,101.5428878,0.0,317.0641546619758,110.42135429875826,1.5009098859982795,0.0,168.04046385326765,0.13128963008904176,0.13466409518859207,0.710809671375111,0.8306997122759654,0.9636444230712895,0.03339310090106893,0.03426997842302549,0.18209264151387,0.2127697530433217,0.24613127511871385,273039.25609,0.20851726277193453,1.179597436,687.9238389973791,122.89829997323157,721.3187411868133,92.41193790347678,1121.5693529390994,49967.86120943226,3219.2097759593366,108094.96281476572,6650.473586465589,20739.63378527618,82364.00341908287,4662.800197654447,13285.999000990323,3461.2519807611643,305049.86903562373,14542.020285666875,14280.559568712466,0.0,8402.738634221112,918.48147540222,0.0,0.0,0.0,23503.946092116068,0.0,73390.25864219543,25559.028456707558,347.4128598657761,0.0,38896.01811877346,30.389369998463813,31.17045124903622,164.52981158721138,192.2805395738471,223.05300806932414,21.419108985982486,21.981558555005424,116.79844126144542,136.47545170654107,157.87430530172222,159232.46992071395,28447.044199421947,166962.32671145166,21390.421858292822,259607.60208013395
32,pmb1,wet,886.47310485,1880.064182,164.31158699999997,130.675542265,766.6560952499999,2.316213259,0.7086648055,2930.84887385,0.24787498630231888,0.1042351025656312,0.2905390550724106,0.013766973019230843,0.0017027459433279623,0.030295735483004814,0.5898213719209476,0.7567393715671915,0.5159731630130491,0.04248525194192,0.060116633899279105,0.03629808782229384,0.10605141681558268,0.07720614602457015,0.12689395860924166,0.5650513483221349,0.6527685493629285,0.42427282300367286,0.18366036081632922,0.07201653926564634,0.29236510789592857,0.008449632635845026,0.0011601529491962028,0.016377750039407873,0.03294780326752806,0.03702216290588996,0.03286417534116384,0.010852197921285809,0.013123725758477367,0.01051077638700811,0.7640900053590118,0.8766774191207901,0.6478821903364916,0.13921990804224238,0.23662637174016615,0.06190713764718268,0.33235556057100835,0.21153325393975042,0.38544143134426767,0.3174649439617533,0.0925316979045162,0.37698931095721094,0.0,0.0,0.0,0.32103199332545135,0.6582460851264988,0.2133259951732509,0.029147502141786998,0.037688963029234426,0.02424326252527061,0.5395854842253613,0.6878909053375951,0.3347138109031534,0.0,0.0,0.0,0.0,0.0,0.0,0.0,0.0,0.0,1.0,1.0,1.0,0.0,0.0,0.0,0.0,0.0,0.0,0.5251757646238403,0.37143950363135547,0.54157174964904,0.15530183209224735,0.03837794195311149,0.20140691142166317,0.0026152951334800284,0.005032581975126167,0.0020101087501782217,0.0,0.0,0.0,0.3169071081504323,0.5851499724404068,0.25501123017911864,0.8344963535643712,0.8771292270341912,0.7595662796431428,0.04921057903473474,0.023585208259256196,0.061982689829577844,0.04217607305099512,0.006845192351210635,0.05615936904094643,0.28515513717210894,0.3682558180174097,0.24007387923400386,0.3283689176245922,0.34568971572020146,0.30673956570916694,0.29508929311756904,0.2556240656519221,0.33504449618630505,0.6132812777092639,0.7035100873528934,0.46141352532114904,0.04895310787146544,0.023460466076343854,0.06167653270476857,0.04197925496863032,0.006805764510639897,0.05583113303181767,0.28545672970123803,0.3687181258643436,0.24044923058753764,0.3290653073952729,0.3462886886405516,0.30744689945249715,0.29454560006339336,0.254726954908121,0.334596204223379,0.6129527349272726,0.7033329297819384,0.4610600825884119,0.23631863020922553,0.09788065179291908,0.308957619200852,0.032240310244608154,0.004714198726210072,0.05105738774488431,0.26560680559732885,0.31688264709235947,0.24805418303057164,0.040602089986950626,0.05931415403886656,0.03683608201696785,0.42523216396188684,0.5212083483496448,0.3550947280067242,0.38253466226844945,0.47000828798017835,0.27460082769672084,219.73450872206786,12.204051316743744,522.8607828736491,37.66203319928832,94.01172873825108,345.29326602397686,15.885851669710483,61.94398479886207,20.402828607784304,1436.5382508996663,54.609869605697,52.16316875922174,0.0,52.74927630107831,4.78927233400292,0.0,0.0,0.0,130.675542265,0.0,402.6292010264464,119.06309617701348,2.005031954960126,0.0,242.95876609157986,0.11398219564332003,0.09768877961326748,0.6604801095900025,0.7605724408455592,0.6834897333078509,0.034691344668352574,0.029749220557379316,0.20229313783239392,0.23319700206206878,0.20873410037980544,1036393.12596,0.7914827372280655,1.179597436,692.6141912184833,94.49147697298443,778.4534070718272,118.99858971421061,1246.2912088724945,193058.51930975946,10722.46726512578,459384.96021308226,33089.824652195755,82598.61072124234,303374.31773421314,13957.293368097937,54423.923010384846,17925.90478235635,1262141.0686170869,47980.176746430545,45830.507832969575,0.0,46345.46133228649,4207.84987643109,0.0,0.0,0.0,114811.40056881355,0.0,353749.61280822585,104608.71706520996,1761.6190676857443,0.0,213463.32857664578,100.14464294458226,85.82926393764372,580.2971628469918,668.2381848505104,600.5133952024715,70.59767215149844,60.54033764763313,411.671117384434,474.56118105761635,424.77862205481534,608530.1347850512,83020.11703983448,683948.3838699893,104552.04175159145,1094990.2080151958
33,pmb2,dry,884.9467688000001,1779.7408564000002,131.08878748,91.078344692,796.97234972,5.962004546999999,0.708684425,2795.7764126800002,0.1693988639051141,0.014889062895988688,0.2487097520139282,0.02028848859961053,0.00519026683923117,0.03885985284575927,0.6770144901408992,0.8613497716065164,0.5671820456805142,0.027429891931401863,0.03604580312579313,0.024633513301769938,0.10586826542297427,0.08252509553247062,0.12061483615802829,0.5133367089240085,0.6153868536851987,0.3834817057357639,0.1406541750214024,0.013840274780038858,0.2630039422296187,0.012888325461213252,0.004331579057444114,0.023446281093784983,0.039461982719805014,0.04449573808038343,0.03880513465756841,0.007123338920647976,0.007964993877879138,0.007079908453318663,0.7998721778769313,0.9293674142042545,0.6676647335657092,0.14435701216293256,0.2317553389788837,0.06554414646424818,0.2716170830161107,0.024296502710216522,0.32950928077169234,0.4756824725157316,0.40412702410143214,0.490887625234808,0.0,0.0,0.0,0.22351795360080653,0.528821236055954,0.15495318545607503,0.029182490867351175,0.0427552371323976,0.024649908537424454,0.5015674778230137,0.6866892436016565,0.2755502983142242,0.0,0.0,0.0,0.0,0.0,0.0,0.0,0.0,0.0,1.0,1.0,1.0,0.0,0.0,0.0,0.0,0.0,0.0,0.41001551036464146,0.07750230256675139,0.46877926671071174,0.25511483310201255,0.19857571442560126,0.27782020463267265,0.0031888478567989945,0.007566169368661467,0.002333802656729357,0.0,0.0,0.0,0.331680808676547,0.7163558136389859,0.2510667259998863,0.8390908604264266,0.8833880695857877,0.7602077845395238,0.024721854837836996,0.0016180891366762312,0.039835464660417916,0.0409408843002676,0.015113468664229131,0.05986709268390057,0.22432173657141524,0.270710788455404,0.20827657572131558,0.19373842743958775,0.15957714202904746,0.21023806286494393,0.5162770968508924,0.5529805117146431,0.48178280406942203,0.2838192858683075,0.40845103334320115,0.1632595123947021,0.024573727906340548,0.0016089023383598685,0.03962284781090067,0.040654996732472415,0.015054011151983102,0.059588685200834116,0.22453315518476902,0.27130189561218987,0.20827126252005307,0.19401393007695494,0.16003949873507128,0.21056254410562716,0.5162241900994632,0.5519956921623959,0.48195466036258505,0.28330347011788576,0.40817425294969295,0.16328552508867392,0.16748635578862234,0.01662719603602329,0.2647832815459229,0.047063055780922264,0.01793627717988851,0.06346459745110172,0.32010277809226284,0.3866286818590221,0.2842449220538683,0.028700757142535727,0.03548019841544075,0.027007868421657758,0.43664705319565683,0.5433276465096254,0.3604993305274492,0.3559223433250668,0.45994922071018185,0.23966756617592494,149.9089772512217,17.95423243006098,599.1217854809682,24.273994233227274,93.68777940452185,250.32798190882622,22.9378793939016,70.23210292098778,12.677697311061483,1423.565194865223,35.60595407143646,62.356638547575685,0.0,29.30069751754063,3.8254973434472395,0.0,0.0,0.0,91.078344692,0.0,326.7710247169533,203.3194679857366,2.5414235693326805,0.0,264.34043344797743,0.1473918109534581,0.2440897383563963,1.3374072134297137,1.1550693853234515,3.0780463989369795,0.017415018231411405,0.02881156298272909,0.1591231499755538,0.137494650478577,0.36584004333172876,704046.93399,0.2101081017842297,3.085054841,468.25440295956076,131.57778126094559,894.9357966236888,80.24089984515842,1220.7675319906466,34211.046885989315,4097.373611170842,136726.85831988757,5539.61990836279,21380.68761873432,57127.88175191253,5234.7022960130325,16027.817746398234,2893.2042968198584,324874.8441874902,8125.710591147186,14230.541253235151,0.0,6686.774567775953,873.0248940300505,0.0,0.0,0.0,20785.1829669588,0.0,74573.11131434162,46399.96869859074,579.9836839784062,0.0,60325.693153094966,33.636599005604474,55.70423890829049,305.212547795775,263.6008438083678,702.4475225043628,23.694904317160404,39.20106307280494,216.50323664406173,187.07546233485948,497.76260391710116,106861.33431071695,30027.64561810771,204235.2036525131,18311.946603279994,278593.95774434926
34,pmb2,wet,734.6103425714285,1483.0109708571429,96.48603916428571,63.83966187857143,770.5751465571428,2.3336839725000003,0.7086748055000001,2314.107352592857,0.24832140374517991,0.13617021222897063,0.30339317938837806,0.014855490301035654,0.003074705323462452,0.029606129291022167,0.6023646644928995,0.7324351011216855,0.517338490638434,0.033999583961301275,0.04494165258869408,0.027913968526987482,0.10045885749958365,0.08337832873718731,0.1217482321551783,0.5357622819320701,0.6474450537665892,0.4026628085428142,0.1905178539943801,0.08961285039725571,0.2957103642669783,0.009037107225238735,0.002007543468458249,0.018258744355296348,0.030925336081860193,0.03474646849599279,0.033414022550099134,0.00799129313021661,0.010101090925546551,0.007609132117487292,0.7615284095683044,0.8635320467127467,0.645007736710139,0.12382381244671228,0.22691443796763291,0.05848546375341547,0.3406611261747632,0.22686533193099662,0.37610299588384843,0.387345602585973,0.2563476763423477,0.43425106467680175,0.0,0.0,0.0,0.24149109415795036,0.48342486427354014,0.16278974207318228,0.030502177081313375,0.03336212745311559,0.026856197366167643,0.5964077671364854,0.7424953410950019,0.3655204924169435,0.0,0.0,0.0,0.0,0.0,0.0,0.0,0.0,0.0,1.0,1.0,1.0,0.0,0.0,0.0,0.0,0.0,0.0,0.5124251490158598,0.40198285148185564,0.5281729653698573,0.16622483223370782,0.07773161150067175,0.2203889593276943,0.0025827425269699033,0.0043924886962882735,0.002018903938372122,0.0,0.0,0.0,0.3187672762234625,0.5158930483211843,0.24941917136407626,0.8050423883842655,0.8580259784101262,0.7129657902130002,0.05327788465965941,0.02780760920098489,0.06607655708063997,0.048266928589311656,0.018893942532245248,0.06673547370546198,0.30095051983287663,0.40203864016621105,0.25549347529060673,0.24218232063978506,0.23613766384460017,0.2286271152336599,0.3553223462783673,0.3151221442559586,0.38306737868963137,0.5990880446447211,0.6957527761015687,0.4367450307173542,0.052984376759705826,0.02763607264712712,0.06566614463924629,0.04800653474472823,0.018786822336069913,0.06633385441201915,0.3012705736297732,0.40230724102359294,0.25582623544554645,0.24281502506839286,0.23650436548338033,0.22898100966879154,0.35492348979739985,0.3147654985098296,0.3831927558343965,0.598804473594404,0.6954164866775077,0.43638954844339584,0.227542336846006,0.12294688994751453,0.31482406694569154,0.03544004305249335,0.011525636031362021,0.05477537211934569,0.2635495224369669,0.3016858199943293,0.2520518955613523,0.03135496784445237,0.04487544029386108,0.027530338613820524,0.44211312982008144,0.5189662137329331,0.3508183267597899,0.37290884743903263,0.4702393364082035,0.2510352277218863,182.41947147306465,10.912996819110335,442.50331253605253,24.976446021097576,73.79811572210347,282.540067617825,13.402129159841396,45.862612686842915,11.85117538344655,1129.354986009187,32.86904276184788,37.37344298122404,0.0,23.300519168750206,2.94303425246358,0.0,0.0,0.0,63.83966187857143,0.0,394.8620843024619,128.08872445992588,1.9901972012391986,0.0,245.63414059351587,0.1243337455189508,0.11263975765067866,0.7023234046495277,0.5651770000999224,0.8292100645809208,0.03754869289472325,0.03402102167294927,0.21350286516995298,0.17207689066282095,0.2515253350995536,2646832.57999,0.7898918982157702,3.085054841,526.557394721503,82.01206420398225,609.8818876437211,72.55876162915982,1023.0972443944906,156507.3637922613,9362.840213493784,379647.1196584221,21428.62103533111,63315.32731256745,242406.14662170174,11498.39919539447,39347.97393217508,10167.75348664922,968933.690129908,28200.099427387602,32064.66387386414,0.0,19990.754279926772,2524.98556587154,0.0,0.0,0.0,54771.44027072693,0.0,338773.1768799744,109894.12717214445,1707.4959974252286,0.0,210742.58954502712,106.67253108702343,96.63963712727858,602.5605912773044,484.895398760753,711.4234033768328,75.17967606402088,68.11660251158288,427.4736350269349,344.53089843648917,503.60190347228104,451761.58590807,70362.51044956119,523250.0987366409,62252.01953996269,877769.5238907196
35,pmb3,dry,844.9754052142858,1641.0526808571428,107.61003321428572,107.16399266571429,767.2632141714286,2.049126518,0.708657543,2593.6381192857143,0.2389320336545872,0.1466245517963106,0.2870702430678825,0.014981826710802263,0.0014368907617850048,0.029176255367978406,0.6315661532037518,0.7544403689627082,0.5570172240104775,0.028754781754739188,0.035342923078164376,0.023704538749550103,0.08576520467611956,0.06215526540103186,0.10303173880411153,0.5567514032337482,0.6386376031997253,0.4376743674785277,0.21307951684984364,0.11368138290532384,0.31637139653031865,0.009455880492821794,0.000728190888539497,0.01972348041112144,0.04030082121546922,0.04681494712624583,0.03852939303019378,0.0076742800185640525,0.009390019694775063,0.007261156557847189,0.7294895014233015,0.8293854593851158,0.6181145734705189,0.1329552041731088,0.23242998481346608,0.06533615274059751,0.3452022819135893,0.2939662764143094,0.3712551103289714,0.38899809940751395,0.07349419023589646,0.4317267497271074,0.0,0.0,0.0,0.24177861262295655,0.597791265251563,0.17474281289245036,0.024021006055940326,0.03474826809823101,0.022275327051470714,0.6151136156971619,0.7295822140502304,0.42474481927542784,0.0,0.0,0.0,0.0,0.0,0.0,0.0,0.0,0.0,1.0,1.0,1.0,0.0,0.0,0.0,0.0,0.0,0.0,0.551161406530607,0.5108399562497141,0.5391932249966165,0.1620371311705082,0.031587494439904835,0.22780846178453174,0.002900411317208023,0.005534899979397776,0.002203140399011261,0.0,0.0,0.0,0.2839010509816768,0.4520376493309834,0.2307951728198405,0.8564010494994778,0.8918683854816841,0.8021011899037611,0.04703498373514055,0.032507868228781295,0.06518772442690081,0.048813875837817614,0.00533851998537877,0.06759154475216797,0.321743710724463,0.4324339880458098,0.28227420092055916,0.2565838693619545,0.24064742595642305,0.25031910733207047,0.3258235603406243,0.28907219778360715,0.3346274225683016,0.645063394570463,0.7250084415052434,0.5452483068800923,0.04677380917835147,0.0323201659937985,0.06479584568640191,0.04861225465228172,0.005315417282776224,0.06728321419796662,0.3221680474893484,0.4328088005900498,0.28264243223036667,0.25722452755944986,0.24115621260203746,0.25080154926286186,0.32522136112056854,0.288399403531338,0.334476958622403,0.644937050133334,0.7244959523065158,0.5449215832627372,0.24074934591028385,0.14531313999671774,0.3163785492388606,0.03724601537670936,0.00342855484851062,0.0532755217776639,0.3023817224325058,0.36583008882577817,0.28419487140212857,0.028828348679832833,0.04049037008399658,0.02460628444085353,0.39079456760066805,0.44493784624499694,0.3215447731404933,0.38913306886073534,0.4722550519307388,0.29179955269039937,201.8916919559582,12.659275095810353,533.6578662229679,24.2970833650591,72.46948857449028,349.6747123621806,15.517598032609966,66.13577069639018,12.593897798112943,1197.1307019678495,37.14722902236857,41.860098397536596,0.0,26.017804534860275,2.584901259520297,0.0,0.0,0.0,107.16399266571429,0.0,422.8858723019189,124.32513007700149,2.225378909660215,0.0,217.82683288284792,0.09638063244537519,0.10002580742563154,0.6592935696452181,0.5257728108006287,0.6676536976831464,0.0331466126890814,0.03444944094157628,0.22830681696690894,0.1822841016996155,0.23047057070281782,587266.35678,0.21076798623500567,2.573780942,624.4166807460144,96.60268527253525,784.2687618762192,74.77030405207444,1013.5796873388706,46066.15756001103,2888.5000443026556,121766.11682430858,5543.929320220368,16535.553526859065,79786.19743273871,3540.6910952980984,15090.37248505143,2873.5827345936777,273152.4561635141,8475.980801803089,9551.32858403675,0.0,5936.550788478702,589.8037088326993,0.0,0.0,0.0,24451.88963979541,0.0,96490.9800627781,28367.591431376863,507.77055009027384,0.0,49702.120514044895,21.991422019142355,22.823151167318148,150.43274521768856,119.96696302092109,152.3402975874071,15.49785054153309,16.106993856653897,106.74589769264182,85.22776643083131,107.75757065972135,142474.7938841379,22042.0883958689,178948.66303793175,17060.53663676348,231271.1391153467
36,pmb3,wet,517.3802487545455,1525.9766063181817,81.14003362318182,84.35684472318182,748.770446009091,0.541580144,0.7085830055,2124.496888695909,0.27337213598701227,0.21349211771687482,0.30273937911729626,0.015802051983087678,0.001877009808379189,0.030814152294318532,0.5375731688968017,0.6186630125553936,0.48970022587906065,0.04066742151187925,0.05678264856795631,0.03406866418657514,0.13258522162121916,0.10918521135139615,0.14267757852274937,0.6313950976731955,0.7128864382878259,0.5147935946090891,0.17204383283503627,0.09673865412023763,0.2713257504317883,0.007736786485336271,0.0007154839875808073,0.01568151381055048,0.02500793202838852,0.023323151781254582,0.027707842513738146,0.008565807647874546,0.009635798245431563,0.008577031470308898,0.7866456410033644,0.8695869118654953,0.6767078617736142,0.13893924187496884,0.23425122114613023,0.06857384373135528,0.3464439496058972,0.3021020561191754,0.3576943486101553,0.3196577546530678,0.055806652171459324,0.41135880226225663,0.0,0.0,0.0,0.29968638564862105,0.6008387991590098,0.20115432551639745,0.034211910092413964,0.04125249255035541,0.02979252361119068,0.6882397528784092,0.7915876457697713,0.5121285151229146,0.0,0.0,0.0,0.0,0.0,0.0,0.0,0.0,0.0,1.0,1.0,1.0,0.0,0.0,0.0,0.0,0.0,0.0,0.49680497800416146,0.4464119154427567,0.5128095910621778,0.1492289013331454,0.023627224898465506,0.21201457388126005,0.0019919932042328087,0.002699889597017534,0.001666918646708439,0.0,0.0,0.0,0.3519741274584604,0.5272609700617602,0.2735089164098537,0.8091121671021586,0.8538680845029637,0.732965258120363,0.05961203864705525,0.043840008783847514,0.07243892755489637,0.049950587209358785,0.0074947160108834055,0.07342142197312143,0.2859902970880829,0.36157578657255107,0.24904180174165463,0.3119755081366121,0.3064279584057734,0.29446698237306224,0.29247156891889103,0.2806615302269446,0.31063086635726533,0.8392859444228802,0.8793097347035059,0.7768835543017341,0.0592320397888464,0.0435919801816793,0.07210450336740168,0.04967281829845528,0.007450794635973382,0.07308447974568626,0.2864236700662408,0.36194908884734756,0.24957144722579744,0.31251162349175954,0.3069525723955384,0.2951841271395156,0.292159848354698,0.2800555639394614,0.31005544252159906,0.8390886312858976,0.8790868125417893,0.7766808706888815,0.23181958566876204,0.1494651709007203,0.30066894478183226,0.031827266972414746,0.003440437628441367,0.05227456285307097,0.21707791636642068,0.21641496772901941,0.22301497470578752,0.036511455819323115,0.048367803497421355,0.03260281330265424,0.48276377517307933,0.5823116202443976,0.39143870435665507,0.4085557595412842,0.47684961190963593,0.31085292747022286,141.43734371952183,8.175669585842162,278.12973984759657,21.04052065802204,68.59697494356291,262.5348641675812,11.806155184701815,38.16151924771608,13.071222084877926,1200.4028456333047,28.110473719570408,25.937040960460724,0.0,24.316563407938947,2.7759555352117427,0.0,0.0,0.0,84.35684472318182,0.0,371.9928849597126,111.73819100866591,1.4915456399804783,0.0,263.54782440073205,0.032284696474605745,0.02705224621372909,0.1548866662795667,0.16895974062109956,0.15839679441099894,0.041970816775476365,0.03519731488157484,0.2029549449818773,0.22144042542747536,0.20701950343359612,2199050.3285499997,0.7892320137649943,2.573780942,492.4999884920597,67.6169296585892,461.1813579250515,77.5684742899101,1025.6301383302985,120844.71996049683,6985.329868396565,237635.33477565984,17977.118064263926,58609.57233211891,224311.00094125603,10087.233538086712,32605.37836388143,11168.112542617784,1025629.7375607319,24017.718625533842,22160.727634184164,0.0,20776.18412617613,2371.7892351025007,0.0,0.0,0.0,72074.87788755035,0.0,317832.43963771575,95469.62666459489,1274.3834862253752,0.0,225176.47884466598,27.584193833703036,23.113564155187703,132.33588329604444,144.35998303563153,135.33495298947392,19.42109633505656,16.286803440284643,93.91305294950163,102.46681301698582,95.79384029925899,420794.26567777223,57772.217112509345,394035.48301905935,66274.86282488333,876303.1289342823
39,pmb4,dry,769.4083968571429,1641.799127,127.80194958571428,115.94815615,520.4986228571429,2.9423079210000003,0.708722752,2539.009473442857,0.2180870202139739,0.10151217902170512,0.2612826236584175,0.018380155659790516,0.0036459931439991847,0.036921374218446754,0.6460891402060597,0.8069936399447368,0.5666199484765166,0.03135906441962646,0.0403457330781786,0.02833187556807265,0.08608461950054945,0.04750245481138041,0.10684417807854638,0.5467399049646477,0.6325324912052017,0.4292568229640065,0.19251579513042566,0.07624683496325407,0.29293972821711506,0.010993533705770456,0.0037177021000693,0.023244043299921455,0.041809388109229836,0.04996300032547121,0.041463203328318515,0.008905723894000022,0.01053660423302633,0.008458143134827536,0.7457755591605739,0.859535858378179,0.6338948820198175,0.1383778999294068,0.24030723017910038,0.0651109718091141,0.30930485409356806,0.1778885746986501,0.3533628952086604,0.4190748327461562,0.22448816541890743,0.45317843156507326,0.0,0.0,0.0,0.24484522704997372,0.566993211541569,0.17024628613217532,0.026775086110302018,0.030630048340873614,0.023212387094091107,0.5888742244436005,0.7240641120567782,0.3463547058219023,0.0,0.0,0.0,0.0,0.0,0.0,0.0,0.0,0.0,1.0,1.0,1.0,0.0,0.0,0.0,0.0,0.0,0.0,0.4885764772367984,0.36383882998493683,0.4919819132523765,0.20826167090796124,0.10884503670451443,0.2669364469315852,0.0033194010459710026,0.006823430187457299,0.002312443423758145,0.0,0.0,0.0,0.29984245080926936,0.5204927031230915,0.23876919639228023,0.8974209049488068,0.9227097640752725,0.8539937093668581,0.04446545981199014,0.019169275827828146,0.05631644230050235,0.04769610709072586,0.01647202349223398,0.07101935974708581,0.30687545591386767,0.3962222115459779,0.2663783030487465,0.2747264040135537,0.26755277125936644,0.26549999566094823,0.32623657316986254,0.3005837178745936,0.34078589924271707,0.5458664427331674,0.6340961840376588,0.43068985828499673,0.04426476858333437,0.0190288584842229,0.056033020848747915,0.04743926801445569,0.016362277963302894,0.0706476125573947,0.3077364756247632,0.396298116872061,0.2666534949803158,0.27554578975912203,0.2676192883291174,0.26589776763428374,0.3250136980183246,0.3006914583512958,0.3407681039792578,0.5455172938159577,0.6337536579865165,0.4302924632778671,0.2182578452140021,0.09831180992027476,0.28470826873969224,0.043597714405993686,0.013949070987258984,0.06671811578889218,0.3163602888318517,0.3813343626834114,0.29022084608693666,0.032845243981843165,0.043856278567226466,0.029515973781703585,0.38893890756630944,0.4625484778418284,0.32883679560277534,0.3914696862002502,0.4690310058988356,0.2983026996956681,167.79798459818497,14.141846100184162,497.1064095927542,24.12792748204466,66.2342290839749,316.0722643788437,18.049174040779008,68.64261689813773,14.621409714472277,1224.4136619677672,39.5297633694829,53.5585806472659,0.0,31.29169736374351,3.4219082052219774,0.0,0.0,0.0,115.94815615,0.0,254.30338356214781,108.39991290152133,1.7277436731384666,0.0,156.0675827203353,0.13083107461572577,0.14033663369390698,0.9029220846958592,0.8083296746369253,0.9598884533575828,0.03137144860702388,0.033621288580070616,0.21809984189556308,0.1952855704200984,0.23034460249724395,787097.27919,0.21018904794756865,3.423574794,554.1587366515761,110.69500989727409,803.24177036519,83.39438562744179,987.5195709013755,38577.61114559629,3251.2824336966028,114287.29500640392,5547.133396032061,15227.58655444284,72666.62313205776,4149.597024730267,15781.287177278398,3361.5365507283736,281498.93603226886,9088.093898130423,12313.390429974399,0.0,7194.120572275545,786.7141219430752,0.0,0.0,0.0,26657.071547759002,0.0,58465.64288338943,24921.691986618946,397.21706873421493,0.0,35880.73201853822,30.078730292095273,32.26410672982595,207.58638526904448,185.83910849860695,220.68324351720022,21.221265798505318,22.743173590211093,147.5339814063119,132.10123155007173,155.81696899232847,127403.91552778304,25449.34647338526,184669.37339713334,19172.79392935064,227035.7781479066
40,pmb4,wet,862.5214602272728,1697.4400809545455,111.99491547727274,95.89462797363636,600.1261411363637,2.2294320485,0.7086749054999999,2671.9564566590907,0.23035449166581504,0.10428065147788675,0.2866039867372735,0.013230236958920658,0.0025388939922755057,0.02799875370638759,0.6170351806552319,0.7673368462196704,0.5372608259809508,0.030450482476272762,0.03994110013601051,0.02627699684846012,0.10892960824375977,0.08590250817415679,0.12185943672692785,0.5734540537842758,0.6558220224739264,0.45100761637052533,0.190404984114154,0.08480823662827229,0.2861414212914437,0.008194299380589118,0.0012101071042404717,0.01641103049256267,0.03390194478539768,0.040671697426536535,0.034181628112831,0.007784090467964503,0.009655536311116207,0.007678927124218417,0.7597146812518948,0.8636544225298344,0.6555869929789442,0.13294413935173618,0.22527137891149956,0.06445571744656742,0.37078764614476123,0.24117000026760577,0.3792368611462589,0.3458372309275898,0.1595426674138038,0.4303346621299809,0.0,0.0,0.0,0.251947556732333,0.5545452543916689,0.1641738017898464,0.031427566195316,0.0447420779269215,0.02625467493391382,0.6232940638937952,0.747498869223272,0.40251218105896924,0.0,0.0,0.0,0.0,0.0,0.0,0.0,0.0,0.0,1.0,1.0,1.0,0.0,0.0,0.0,0.0,0.0,0.0,0.521954937009788,0.38839641083323256,0.5326877182099841,0.15358962101013604,0.05726458326908197,0.2111424323877955,0.002739023180887352,0.005382227083532709,0.002133266341712124,0.0,0.0,0.0,0.32171641879918866,0.5489567788141527,0.25403658306050825,0.8687023157379659,0.9017522014962701,0.804200501029636,0.0471798026716363,0.025074432338033453,0.06414107122802415,0.041253212041368836,0.013019936356324306,0.0643543448676505,0.3039355810765349,0.4002499737586566,0.2544766283068196,0.268771543605401,0.2733156092054998,0.25139790423085495,0.338859860605059,0.2883400483414858,0.3656300513666507,0.6290066618428111,0.7139386625793047,0.49400255261636994,0.04691342268975929,0.024922911791700413,0.06376667595332025,0.041012118004536746,0.012961379932246494,0.06400302422018406,0.3046600687695068,0.40088958274422526,0.25489787146962284,0.26937987670131003,0.2738097194585212,0.25183591692627055,0.33803451383488714,0.2874164060733066,0.36549651143060247,0.62879045130338,0.7136170719014794,0.4936013367180826,0.22386737683342373,0.10112847899064471,0.296264202750173,0.031346426864609644,0.007282562408723872,0.05427271800011528,0.27837477811212225,0.3306060357006536,0.2571970496040968,0.030522437728184512,0.04121682965330872,0.027572979987356173,0.4358889804616599,0.5197660932466691,0.36469304965825877,0.38402262092483896,0.4652171953237669,0.2801528819881087,198.6856925215099,11.411363300961078,532.2060850303496,26.264194610059764,93.95412476439245,323.2010516488785,13.909332203952975,57.54651990104197,13.213027154099171,1289.570150046573,41.526331089999445,38.73201144662947,0.0,28.216845320943012,3.519727619700809,0.0,0.0,0.0,95.89462797363636,0.0,313.23880219475785,92.1731465754095,1.643759412028975,0.0,193.0704329541674,0.1051841641180519,0.0919712330285938,0.677603725131497,0.5992078930386963,0.7554650331831612,0.03324636539134671,0.029064258851219923,0.2159049454448537,0.1909027586649025,0.23955657714767706,2957613.9076,0.7898109520524313,3.423574794,598.1638829654003,83.75628765408571,743.8052857477268,81.55462456079763,1164.6763757310805,171643.85263982497,9858.235567906431,459770.91593083803,22689.542926523172,81166.62926907642,279212.2219683771,12016.22188711554,49714.23083602184,11414.686467767046,1114054.998093774,35874.44754489702,33460.44489071376,0.0,24376.430827822896,3040.679986672129,0.0,0.0,0.0,82843.02298755472,0.0,270605.870622373,79628.0486398173,1420.0378231214697,0.0,166792.8501671282,90.86821973337358,79.45361625550322,585.3794124208297,517.653536035159,652.6435154166558,64.03244322030869,55.97771313418475,415.83255785848274,367.6783886274766,461.3855603070714,516751.6195010538,72356.75459721535,642570.7016914872,70454.74579753306,1006159.7172500408
41,salasa_river,dry,245.1072409,913.80827,1208.0086485000002,2319.8326515,441.59738295,0.9370723346,0.707934269,2366.9241594000005,0.2968044687398904,0.21467966532231134,0.28959968919412743,0.04891861901618101,0.023118813526493833,0.07418472929917766,0.04294795149133933,2.152589879273357e-06,0.15749084418085707,0.5821729593385564,0.7484657060255074,0.43775109104887777,0.029156001414032733,0.013733662535808103,0.04097364627696005,0.860793315610625,0.8844399631505067,0.8340048523997018,0.35244119771084653,0.3017722960754099,0.33935182328227026,0.04662720017472879,0.03523463371608261,0.05817689334053549,0.0034046607156158508,2.459636466232258e-07,0.012993446367937695,0.2441881681928809,0.3947928927114354,0.1978189934532883,0.35333877320592794,0.2681999315334255,0.3916588435559682,0.24201068977316023,0.3626543701704757,0.1265540600188046,0.06275802016462373,0.024124257683447704,0.10058676717526567,0.15516891265124955,0.07707492847548315,0.2067050014967815,0.0,0.0,0.0,0.7810884754213933,0.8984539713601735,0.6906325304923414,0.00098459176273333,0.0003468424808956024,0.0020757008356115016,0.12489449804640179,0.19426116641159488,0.06978808045069132,0.0,0.0,0.0,0.0,0.0,0.0,0.0,0.0,0.0,1.0,1.0,1.0,0.0,0.0,0.0,0.0,0.0,0.0,0.4464167957341571,0.46434179544458065,0.44729109472146394,0.4804765954812011,0.4828646419461912,0.46180485344179933,0.00013461767365450904,9.834783843013558e-09,0.0004905539001237172,0.0,0.0,0.0,0.07297199111098739,0.05279355277444431,0.09041349793661313,0.9198928313480628,0.9368528297132644,0.9004028301851681,0.052574933645136754,0.04302845979530451,0.05957374091308359,0.13153198800740837,0.11522375594064464,0.136321834665975,0.017382331445775553,1.250999990405305e-06,0.06443419758099471,0.5664664447391206,0.6646303592180439,0.4875678798232373,0.2320443021625587,0.1771161740460166,0.2521023470167094,0.8489568752534755,0.8719795322268987,0.7948095608851987,0.052372290541914314,0.042767406149056324,0.05929232560782403,0.13098309863799532,0.11457822930090514,0.13563947996321735,0.017426295413331478,1.250653676307405e-06,0.06451973883383716,0.5683068433047559,0.6656047587935969,0.4883968611596469,0.2309114721020031,0.17704835510276531,0.2521515944354746,0.8488725871805612,0.8719759209854128,0.7946999063471477,0.2283826205825743,0.14191414375572392,0.25262486046474186,0.09557969113875375,0.056535377771481286,0.11437440272377078,0.015164804482633368,7.283254245124767e-07,0.06641763329626535,0.5495191043385431,0.7455337869681704,0.4270652343574185,0.11135377945749554,0.0560159631791999,0.1395178691578037,0.4698387908327015,0.49999936499919356,0.4077482355753885,72.74892441962484,11.9903077356944,10.526853892349223,142.69480779006145,7.146347062270062,322.0636811568766,42.60832112661261,3.1112071184738825,223.14116753080552,322.8838930672314,75.81223112160286,187.44538846105056,0.0,943.5616335527228,1.1893953646237228,0.0,0.0,0.0,2319.8326515,0.0,197.13648870112848,212.1772071332242,0.05944681238464835,0.0,32.22424030326269,0.049266515812288386,0.12325498707668135,0.01628850190868389,0.5308200338442496,0.2174422959580967,0.037076139220645725,0.09272742418564411,0.012336671704814874,0.4023238896826499,0.16347014420624548,29740185.05,0.1873427018846945,79.75379648,540.5643422439789,226.2298801043064,35.893942102522345,1300.6700441107473,263.5659508384457,27128.06875558166,4471.184904099476,3925.4630697271937,53210.88370275672,2664.872312589319,120097.52385758412,15888.639925662425,1160.1689137832318,83209.32554356071,120403.38082077309,28270.37560745143,69898.37206055445,0.0,351854.066219598,443.52544709758416,0.0,0.0,0.0,865065.4311853788,0.0,73512.18265263445,79120.86548903893,22.167712121333658,0.0,12016.416923237362,18.371480251647167,45.96177593771473,6.073981206311809,197.94275296642584,81.08421673835109,12.955671310912262,32.402133946777695,4.310855095430551,140.58572938882597,57.12206022530572,201576.4048774655,84361.10624311918,13384.848463868395,485019.7671849475,98283.72437141913
42,salasa_river,wet,180.21423825,542.4487916,153.3862588,86.88968493499999,397.57705765000003,0.29797287024999997,0.7072559615,876.0492886500001,0.41463152400647607,0.42443443085560734,0.3564367169392908,0.031968915498073805,0.016057006623376415,0.056703235941283354,0.37910788169346965,0.35253915794872587,0.4070378488549099,0.09349768497956917,0.1393538593286149,0.07800272695565855,0.08079399382241123,0.06761554524367547,0.10181947130885735,0.7044700183735895,0.7607636547577419,0.6315096029251486,0.31580787416679823,0.2617484748417767,0.34163127063748266,0.019340911203738674,0.011434754449109723,0.03075900979043928,0.02163981105949475,0.017981864611732446,0.026071756536711573,0.022704473310397058,0.028773950437970288,0.021799001688130017,0.6205069302595713,0.6800609556594108,0.5797389613472366,0.1821529430565408,0.297229296760536,0.08359039060619118,0.29939709700934636,0.24658528621158887,0.3424894087070214,0.3601207432449297,0.21216746040054413,0.3800371097814599,0.0,0.0,0.0,0.3300671885522984,0.5314098733247972,0.26571786882914633,0.010414971193425535,0.009837380063069836,0.011755612682372511,0.32321161311927155,0.44950382308012976,0.18388501377713729,0.0,0.0,0.0,0.0,0.0,0.0,0.0,0.0,0.0,1.0,1.0,1.0,0.0,0.0,0.0,0.0,0.0,0.0,0.5606755780726397,0.6072729856199426,0.5100211609828325,0.2565035808755371,0.15907780782419736,0.30751524077189557,0.0011622249290655093,0.0010804076365083918,0.0012593484256665827,0.0,0.0,0.0,0.1816586161227576,0.23256879891935173,0.18120424981960542,0.7904686217373036,0.8277702656068695,0.737843892538137,0.07410406760407492,0.08452188494439264,0.07699910303734912,0.1006164441545285,0.07040981324323936,0.10351933738643174,0.18121801217463523,0.18667615495661305,0.18297139342713575,0.3279211595832276,0.3473195283804754,0.3212743014915524,0.31614031648353375,0.31107261847527956,0.31523586465753095,0.843524736581564,0.8729641141333622,0.7892713695889415,0.07377982938701894,0.08416013984401188,0.07656552102966982,0.10016071856181154,0.070132575244232,0.10295619895548844,0.1817003558829194,0.18716253000416247,0.1832033543372662,0.3288819441619526,0.3483998978199202,0.3219559386543256,0.31547715200629733,0.3101448570876735,0.31531898702324995,0.8434516385353352,0.8728925442631261,0.7892239382213213,0.35991564627783074,0.32522125001873337,0.3496922451750068,0.07505151654792508,0.043763963301398146,0.08446512189947519,0.15552571087861625,0.13590262108333523,0.18575349992294996,0.08157386124455276,0.1220849996293041,0.07432933253095693,0.32793326505107523,0.3730271659672292,0.30575980047161117,0.455271323709191,0.4999959377169869,0.3791874865759004,74.72250425326366,5.76125375416399,68.32063811395975,16.849614076731523,14.560228051881046,171.30959971954456,10.491453910910947,11.738489359675244,12.316014111139337,336.59323449872994,45.92340060584431,55.23757352261514,0.0,50.62777120467124,1.597513466869314,0.0,0.0,0.0,86.88968493499999,0.0,222.91174662633296,101.97993896118486,0.4620739676253452,0.0,72.22329809485683,0.022081001721186242,0.029980970659073687,0.0539980512286755,0.09771160913672261,0.09420123750434192,0.05218122417242203,0.07083926531096492,0.12850865990486635,0.2326037156382511,0.22312309647349549,129007312.188,0.8126572981153054,79.75379648,315.30384589569866,65.74882768391348,136.24818838199735,71.46272311572426,287.2857035726664,120868.84711610337,9319.22860680501,110513.38342571868,27255.422555205016,23552.181447419076,277105.1910658912,16970.6563164089,18987.822878361618,19922.00932711718,544462.9647722864,74284.29416746863,89350.61660326886,0.0,81893.94077085142,2584.0891298087054,0.0,0.0,0.0,140550.10802071978,0.0,360575.2522967003,164959.6433415925,747.4367770108529,0.0,116826.20735060184,35.71755588065566,48.496305031501706,87.34560309173833,158.05532301467446,152.3770527747367,25.15092424153267,34.14394781683816,61.9401254169189,112.11309284323981,107.54351176963961,510025.89816202613,106353.30120166388,220390.9199238381,115595.92442858517,464704.60446660104
43,sc1,dry,841.0973601,3933.347048,25144.55452,36811.41229,547.0179811,6.427037634,0.708994355,29918.9989281,0.1238645160151044,0.027948794234529364,0.17151864987229365,0.08949439827161922,0.07987191988930172,0.10279619223200731,0.5186800879301496,0.501549470008553,0.5142672750280092,0.24926522386574726,0.3823736207196154,0.18061793167469548,0.018695773917379428,0.008256195148000597,0.03079995119299433,0.9469519392687348,0.9534182295808821,0.9384031235348242,0.23039053032629225,0.06133947139742693,0.2472550023399911,0.1945936595465641,0.2585411159027722,0.19729924525949277,0.06762078927077032,0.08349690978794758,0.05610199745692017,0.15582547565148472,0.3069501517392028,0.1088197222507475,0.3515695452048886,0.28967235117265056,0.39052403269284847,0.42865951604652364,0.5533742814895817,0.2754025539076773,0.022629692585481913,0.0034563138210071923,0.055884871145571495,0.6653188407654363,0.646415434957702,0.6594616478220505,0.0,0.0,0.0,0.31135323255392444,0.34991534149918607,0.28330733840018385,0.0006982340951572492,0.00021290972210483443,0.001346142632194159,0.0687927780843877,0.11738936938094754,0.03739725794486712,0.0,0.0,0.0,0.0,0.0,0.0,0.0,0.0,0.0,1.0,1.0,1.0,0.0,0.0,0.0,0.0,0.0,0.0,0.15763054187401843,0.03659812814898246,0.23859483518145863,0.8016638143269038,0.9393677703784722,0.6995375366766119,0.001393994560574509,0.0011855254335310186,0.0015230795616235555,0.0,0.0,0.0,0.03931164923850332,0.022848576039014457,0.06034454858030595,0.9794153321880088,0.9815499546062176,0.9765003535107246,0.018261528242972006,0.0040774352697356625,0.028710532519189258,0.3021645331098798,0.37358824138622204,0.26475649517150823,0.20495867060600295,0.18668162564717697,0.20581591512990094,0.3421433841756767,0.36721217026498165,0.31054140112838086,0.13247188386546854,0.06844052743188352,0.19017565605102071,0.9249439338798024,0.9329613226123492,0.912728393805112,0.018178723687114866,0.004060672318961498,0.028556733064134136,0.3006846034052495,0.3720888127991909,0.26358301828735026,0.20559182323238745,0.18720006712900278,0.20625937747766987,0.3429514855086747,0.36814894715855584,0.3112962592125071,0.13259336416657344,0.06850150059428889,0.19030461195833864,0.9247865678169946,0.9328346341464656,0.9125570114576412,0.09946441140580112,0.02214770332839589,0.14366445738400496,0.34932200175891787,0.40031450405552793,0.31883968831095866,0.20981936359986478,0.1872376140398088,0.22174609333929068,0.26562184646920284,0.3450691030897187,0.20810548802896867,0.07577237676621339,0.045231075486548665,0.10764427293677709,0.49987151308956357,0.499999806624896,0.474566981867103,104.18211743036848,75.27350212999693,436.2604526944847,209.6563217582155,15.724966086934272,906.2059123460762,765.404396336995,265.97603186161456,612.9156746569633,1382.8450327983512,569.0135389864897,16729.145864809714,0.0,7828.838330930393,17.556785273404323,0.0,0.0,0.0,36811.41229,0.0,86.22674077562458,438.5245212340282,0.7625400901898497,0.0,21.50417900015744,0.11736752927193499,1.9420228259572365,1.3172770893993906,2.1989684063211943,0.8514017830502437,,,,,,667001.80523,0.23048622460251156,3.958856007,2975.8756182342613,10451.36459618681,6277.585314638979,7947.139739792023,2267.033659247928,17552.96486557452,12682.340988890683,73502.67576874723,35323.6250177693,2649.396883498645,152680.71846416412,128957.99018328733,44812.56531834473,103266.16091292402,232986.5323717087,95869.37666669716,2818584.5789930164,0.0,1319029.8637664977,2958.0281401217844,0.0,0.0,0.0,6202114.5520526655,0.0,14527.780665613092,73884.13389714841,128.47540193872902,0.0,3623.098740578687,19.774488832466773,327.1987484316054,221.9394176155783,370.4898319278458,143.44712848015274,13.956429060436875,230.84587285769905,157.83988720739956,263.2956065043148,101.79646892301443,501385.8564172311,1760882.1943630527,1057669.3696223986,1338961.6958746717,381957.7020638883
44,sc1,wet,544.2549147,2893.0373360000003,14969.509816,5460.98214665,558.738,3.014795912,0.7089113055,18406.802066700002,0.1238645160151044,0.027948794234529364,0.17151864987229365,0.08949439827161922,0.07987191988930172,0.10279619223200731,0.5186800879301496,0.501549470008553,0.5142672750280092,0.24926522386574726,0.3823736207196154,0.18061793167469548,0.018695773917379428,0.008256195148000597,0.03079995119299433,0.9469519392687348,0.9534182295808821,0.9384031235348242,0.23039053032629225,0.06133947139742693,0.2472550023399911,0.1945936595465641,0.2585411159027722,0.19729924525949277,0.06762078927077032,0.08349690978794758,0.05610199745692017,0.15582547565148472,0.3069501517392028,0.1088197222507475,0.3515695452048886,0.28967235117265056,0.39052403269284847,0.42865951604652364,0.5533742814895817,0.2754025539076773,0.022629692585481913,0.0034563138210071923,0.055884871145571495,0.6653188407654363,0.646415434957702,0.6594616478220505,0.0,0.0,0.0,0.31135323255392444,0.34991534149918607,0.28330733840018385,0.0006982340951572492,0.00021290972210483443,0.001346142632194159,0.0687927780843877,0.11738936938094754,0.03739725794486712,0.0,0.0,0.0,0.0,0.0,0.0,0.0,0.0,0.0,1.0,1.0,1.0,0.0,0.0,0.0,0.0,0.0,0.0,0.15763054187401843,0.03659812814898246,0.23859483518145863,0.8016638143269038,0.9393677703784722,0.6995375366766119,0.001393994560574509,0.0011855254335310186,0.0015230795616235555,0.0,0.0,0.0,0.03931164923850332,0.022848576039014457,0.06034454858030595,0.9794153321880088,0.9815499546062176,0.9765003535107246,0.018261528242972006,0.0040774352697356625,0.028710532519189258,0.3021645331098798,0.37358824138622204,0.26475649517150823,0.20495867060600295,0.18668162564717697,0.20581591512990094,0.3421433841756767,0.36721217026498165,0.31054140112838086,0.13247188386546854,0.06844052743188352,0.19017565605102071,0.9249439338798024,0.9329613226123492,0.912728393805112,0.018178723687114866,0.004060672318961498,0.028556733064134136,0.3006846034052495,0.3720888127991909,0.26358301828735026,0.20559182323238745,0.18720006712900278,0.20625937747766987,0.3429514855086747,0.36814894715855584,0.3112962592125071,0.13259336416657344,0.06850150059428889,0.19030461195833864,0.9247865678169946,0.9328346341464656,0.9125570114576412,0.09946441140580112,0.02214770332839589,0.14366445738400496,0.34932200175891787,0.40031450405552793,0.31883968831095866,0.20981936359986478,0.1872376140398088,0.22174609333929068,0.26562184646920284,0.3450691030897187,0.20810548802896867,0.07577237676621339,0.045231075486548665,0.10764427293677709,0.49987151308956357,0.499999806624896,0.474566981867103,67.41387159815743,48.707766097447944,282.29418701301205,135.66382315272867,10.175266838653824,666.5284060948038,562.9667224170828,195.62946805012677,450.8089189597043,1017.1038204782826,338.75540529143393,9959.49691760794,0.0,4660.805270959303,10.45222214132232,0.0,0.0,0.0,5460.98214665,0.0,88.07417370560532,447.9200362893856,0.7788777327862801,0.0,21.96491227222287,0.05505478069378454,0.9109643991710542,0.6179085622719322,1.0314924759306756,0.3993756939325533,0.012887102741356373,0.2131587147437652,0.145746367807797,0.24312218531511892,0.09399693489196251,2226888.302,0.7695137753974884,3.958856007,1830.8217334273993,6429.900943919831,3862.1034955436703,4889.248752549994,1394.7271412591078,37920.844251223316,27398.509657125556,158792.7476195971,76311.99019343575,5723.669325850963,374927.58207389485,316673.30318384146,110043.14710032596,253583.63787254348,572129.0685333572,190552.63640528847,5602297.012169702,0.0,2621740.401127757,5879.458908144134,0.0,0.0,0.0,3071846.3208317785,0.0,49542.430132980706,251958.6181665961,438.1249807427131,0.0,12355.439578247166,30.968756347637537,512.4247915219713,347.57852940242196,580.2228027969389,224.65203567620824,21.854553436820435,361.4845489624204,247.16352832791492,412.29800811587205,159.4044121260349,1029851.9304586664,3616870.9267818113,2172464.2371766637,2750241.694411209,784545.2195937393
45,sc4,dry,166.5252757,1648.014812,173.6642069,110.1458269,575.2536941,0.22036075289999998,0.705557007,1988.2042946,0.41780448914978496,0.44169524801642157,0.3813374892763688,0.0270472555616715,0.009254052769483606,0.051005133198404363,0.3617372940039142,0.3417066395987023,0.3611277921457307,0.05155648733875311,0.0787417513152677,0.040754522486295935,0.1418544739458762,0.12860230830012498,0.16577506289320024,0.8682256505867445,0.8911670412433913,0.8227688315656762,0.20735077514932168,0.12892250617977077,0.2663823765224602,0.011486246274084627,0.0031314237215988336,0.020033156214283098,0.012272125645947752,0.007363388985366394,0.016551720863574697,0.007495339786909124,0.007292836798383634,0.00812064838546543,0.7613955131437369,0.8532898443148803,0.6889120980142166,0.1291920359041996,0.20612945794271703,0.0622163248341233,0.3686931123119504,0.31282459264438606,0.36415408266698557,0.36982708529537855,0.23250997914555505,0.44881509273849435,0.0,0.0,0.0,0.23132229006114668,0.41781733669154014,0.16018082883554882,0.03015751233152425,0.0368480915185188,0.026849995758971262,0.6275752555645818,0.7336276132354124,0.46915545727013674,0.0,0.0,0.0,0.0,0.0,0.0,0.0,0.0,0.0,1.0,1.0,1.0,0.0,0.0,0.0,0.0,0.0,0.0,0.5166727201827247,0.5025622175355616,0.49123150588658565,0.16912272294016686,0.0903581178667196,0.24203286155186035,0.0009417766567614618,0.0007886265639342109,0.0010317026493010786,0.0,0.0,0.0,0.3132627802203469,0.4062910380337845,0.2657039299122529,0.8348823225202063,0.8636952152903208,0.7841341635341427,0.0724944847481487,0.06713112204086982,0.08289498064429299,0.07634059905881468,0.036186884234617765,0.10071837837503761,0.1551886319382621,0.14060127347368148,0.15869355166767365,0.22014153820644758,0.17516482324040608,0.21894002718094538,0.475834746048327,0.5809158970104248,0.43875306213205034,0.9471687188097324,0.9575370565943601,0.9259373688218878,0.07211109328927638,0.06697221786994324,0.08257543654850887,0.07594433879120839,0.03607637184521619,0.10036465455889687,0.15558639589920922,0.1412310810698386,0.15910218232423,0.22086119589512557,0.17603961289237377,0.21970876287915325,0.47549697612518044,0.5796807163226281,0.43824896368921096,0.9472051358463726,0.9576162444091206,0.925942798186215,0.2846135308367191,0.222018046258679,0.3188179920625044,0.04884340449552472,0.018690283411886527,0.07730869834300864,0.11635716855919828,0.08274716967241033,0.14347500113472636,0.03412796693037067,0.04272386878391584,0.032234811858923594,0.5160579291781873,0.6338206318731082,0.42816349660083697,0.44935680034126135,0.4925189629639826,0.3685176665038436,69.5750077443656,4.504051689335705,60.23840261497377,8.58545826820942,23.6223553831155,341.7171487257636,18.929503993971277,20.224644839246963,12.35243098979916,1254.791083451219,64.0287969391475,64.22572745796057,0.0,40.1724020417608,5.237280461131129,0.0,0.0,0.0,110.1458269,0.0,297.217890925808,97.2884711275818,0.5417605008191786,0.0,180.20557154579097,0.01597493924019961,0.016822471885437434,0.03419748377543642,0.0485105551037369,0.10485530289518963,,,,,,341773.50069,0.22960594273519294,2.03724731,565.8698443108344,97.11066658088718,231.3418222368941,67.85337041692975,1026.0285910544546,11672.070367011891,755.6105268107938,10105.7390708707,1440.3170950088713,3962.9430625340474,57327.2894226129,3175.6590447258463,3392.9349829016965,2072.27348427094,210506.76524183064,10741.624724423662,10774.6622611415,0.0,6739.418630985304,878.618746241527,0.0,0.0,0.0,18478.328409724476,0.0,49861.98707971885,16321.347531464711,90.8870425262892,0.0,30231.719403299754,2.679994166949259,2.8221782786622285,5.737051995282979,8.138247210751897,17.590777398743626,1.880888584367328,1.9808719208664507,4.058192194587026,5.76076832481798,12.402486129384968,94931.68388329798,16291.518613755934,38810.45961077106,11383.244354859087,172129.02019868628
46,sc4,wet,131.43201439999999,1635.543334,147.14362595,46.51313006,736.76526705,0.19540221624999998,0.705557007,1914.11897435,0.41780448914978496,0.44169524801642157,0.3813374892763688,0.0270472555616715,0.009254052769483606,0.051005133198404363,0.3617372940039142,0.3417066395987023,0.3611277921457307,0.05155648733875311,0.0787417513152677,0.040754522486295935,0.1418544739458762,0.12860230830012498,0.16577506289320024,0.8682256505867445,0.8911670412433913,0.8227688315656762,0.20735077514932168,0.12892250617977077,0.2663823765224602,0.011486246274084627,0.0031314237215988336,0.020033156214283098,0.012272125645947752,0.007363388985366394,0.016551720863574697,0.007495339786909124,0.007292836798383634,0.00812064838546543,0.7613955131437369,0.8532898443148803,0.6889120980142166,0.1291920359041996,0.20612945794271703,0.0622163248341233,0.3686931123119504,0.31282459264438606,0.36415408266698557,0.36982708529537855,0.23250997914555505,0.44881509273849435,0.0,0.0,0.0,0.23132229006114668,0.41781733669154014,0.16018082883554882,0.03015751233152425,0.0368480915185188,0.026849995758971262,0.6275752555645818,0.7336276132354124,0.46915545727013674,0.0,0.0,0.0,0.0,0.0,0.0,0.0,0.0,0.0,1.0,1.0,1.0,0.0,0.0,0.0,0.0,0.0,0.0,0.5166727201827247,0.5025622175355616,0.49123150588658565,0.16912272294016686,0.0903581178667196,0.24203286155186035,0.0009417766567614618,0.0007886265639342109,0.0010317026493010786,0.0,0.0,0.0,0.3132627802203469,0.4062910380337845,0.2657039299122529,0.8348823225202063,0.8636952152903208,0.7841341635341427,0.0724944847481487,0.06713112204086982,0.08289498064429299,0.07634059905881468,0.036186884234617765,0.10071837837503761,0.1551886319382621,0.14060127347368148,0.15869355166767365,0.22014153820644758,0.17516482324040608,0.21894002718094538,0.475834746048327,0.5809158970104248,0.43875306213205034,0.9471687188097324,0.9575370565943601,0.9259373688218878,0.07211109328927638,0.06697221786994324,0.08257543654850887,0.07594433879120839,0.03607637184521619,0.10036465455889687,0.15558639589920922,0.1412310810698386,0.15910218232423,0.22086119589512557,0.17603961289237377,0.21970876287915325,0.47549697612518044,0.5796807163226281,0.43824896368921096,0.9472051358463726,0.9576162444091206,0.925942798186215,0.2846135308367191,0.222018046258679,0.3188179920625044,0.04884340449552472,0.018690283411886527,0.07730869834300864,0.11635716855919828,0.08274716967241033,0.14347500113472636,0.03412796693037067,0.04272386878391584,0.032234811858923594,0.5160579291781873,0.6338206318731082,0.42816349660083697,0.44935680034126135,0.4925189629639826,0.3685176665038436,54.912885634319174,3.5548752824620884,47.54386123453948,6.776172986320415,18.644219262358824,339.13117809520594,18.786253526261447,20.07159329424029,12.258953024544198,1245.2953560597482,54.25084140837097,54.41769830488193,0.0,34.03760052265477,4.4374857140923165,0.0,0.0,0.0,46.51313006,0.0,380.6665146628751,124.6037481312352,0.6938683300203147,0.0,230.80113592586937,0.014165582985690076,0.014917122245945052,0.030324202617541946,0.0430161444542239,0.09297916394659901,0.05087848715267963,0.05358306037611899,0.10977507182056313,0.15583016433820548,0.3354902233124328,1146748.51498,0.770394057264807,2.03724731,544.7841597313128,93.49208731673595,222.72146414080268,65.32498905741183,987.7962741037367,30909.97825611171,2001.0078948650114,26762.019515010837,3814.247917357922,10494.666330948052,190893.94446867387,10574.61616345347,11298.122564929328,6900.456369288635,700965.7557348826,30537.319409426487,30631.241682558906,0.0,19159.464666485102,2497.8215103792813,0.0,0.0,0.0,26181.83004172262,0.0,214273.81852440114,70138.34914840845,390.57235375240145,0.0,129915.92065407503,7.97368153239385,8.396716343344986,17.06922578762362,24.213407734501523,52.33715006345712,5.596134034400727,5.893610534022253,12.074180069473297,17.13978805270671,36.900630540633614,306654.19121673057,52625.87009765026,125367.94477722823,36770.859298703275,556021.7970940587
47,sc5,dry,97.72194221,1661.057396,174.4906615,111.415113,604.7178209,0.1978639832,0.7057827,1933.2699997099999,0.3915449140258682,0.3615493153641071,0.3859288352088463,0.050061874192507995,0.03615967763564314,0.06637937159891433,0.38686224239892936,0.4215162094252964,0.38650255261172517,0.020438801515588304,0.03582914159025027,0.015231062451111997,0.15109216786710608,0.1449456559847031,0.14595817812940226,0.9372608319390108,0.9496102574879612,0.9133317293174248,0.1844586715737848,0.09012346529165384,0.24960618069180054,0.018499392951576397,0.01129675271632432,0.027850213597245443,0.012708365212919223,0.009064574282635584,0.016680687894081857,0.00297776236474999,0.002986305163561412,0.003199022903074654,0.7813558078969697,0.8865289025458248,0.7026638949137974,0.11353523922187234,0.17248372268034864,0.05205074559294434,0.30085732992297964,0.1848972660223,0.36708432779009664,0.5985674674083975,0.6521907392399452,0.5498024381524833,0.0,0.0,0.0,0.07473117416023091,0.1361046843481149,0.059892389145185694,0.02584402850839191,0.02680731038963981,0.02322084491223423,0.4304448007453937,0.597280559819134,0.25969534531264465,0.0,0.0,0.0,0.0,0.0,0.0,0.0,0.0,0.0,1.0,1.0,1.0,0.0,0.0,0.0,0.0,0.0,0.0,0.4457364156709055,0.3493206256316042,0.46421936486337606,0.2700847249485766,0.25816450965271937,0.2946370896158284,0.0009052514904828309,0.0007818442423254619,0.001001909273224512,0.0,0.0,0.0,0.28327360789003514,0.391733020473351,0.24014163624757104,0.7944434125400975,0.8301007339323616,0.7369272704209715,0.06904499003467691,0.05228286021408371,0.08039895406427226,0.1376741954820223,0.14117942486009893,0.1407242380840577,0.16959779816212464,0.1605538023664409,0.17734455522842502,0.145093944156775,0.12252463769141309,0.14175213434231015,0.4785890721644012,0.5234592748679634,0.4597801182809349,0.9495195206388218,0.961219318936611,0.9282611665203209,0.06881176578865812,0.05210217800820646,0.07995634527000017,0.13727594552005884,0.14047796051369718,0.14000120301691338,0.1702030231357196,0.16096121677340286,0.17758975843648644,0.145682051866214,0.12293666182640713,0.14209260787579606,0.4780272136893493,0.5235219828782863,0.46036008540080403,0.9495345188160678,0.9611763262856643,0.9283410828248269,0.2669246011430302,0.1650324860603975,0.31746444953917446,0.08067034008369592,0.06746716367647893,0.09221159776834752,0.12163927988887055,0.09198736310521576,0.1504563723202468,0.013299396411788348,0.017567442012816386,0.013192570227165001,0.5174663824726151,0.6579455451450914,0.42667501014506615,0.4412449191045513,0.4938876262014991,0.35764920493113844,38.26252946105531,4.892143576764556,37.80492969493918,1.9973193805479805,14.76502009669296,306.3964406739702,30.728553483726245,21.10932402798859,4.94623419949842,1297.8768436148166,52.49679451538446,104.44443334047097,0.0,13.039892013890398,4.509541630254162,0.0,0.0,0.0,111.415113,0.0,269.5447539802866,163.3250463292791,0.5474217086912546,0.0,171.3005988817431,0.013661516748265481,0.02724076470192838,0.033557295886307625,0.02870886572905787,0.09469554013444068,,,,,,668140.07625,0.22852875464132208,4.016705706,516.0373235743778,155.9575483502124,235.16157059548135,25.71132409716123,1000.4022330927673,6364.601049422108,813.760683916388,6288.483762022111,332.2347268861451,2456.0180345055173,50966.07922478328,5111.397142439556,3511.331523387005,822.7581349230251,215889.237780248,8732.333125126781,17373.319521953126,0.0,2169.0596927323154,750.1185571524084,0.0,0.0,0.0,18532.8245442591,0.0,44836.158200029255,27167.538997187192,91.05829726074539,0.0,28494.19488899905,2.272460944360944,4.531237271843768,5.581931033366424,4.775441653246114,15.751685594354106,1.5984459956720662,3.1888178264828366,3.953689280669693,3.384085407167708,11.104215635023833,85837.80888049722,25942.027092206885,39116.84878332849,4276.829646021812,166407.21855744338
48,sc5,wet,62.17875143,1501.090311,164.8124433,27.70936169,753.4270963,0.149662817,0.7057827,1728.08150573,0.3915449140258682,0.3615493153641071,0.3859288352088463,0.050061874192507995,0.03615967763564314,0.06637937159891433,0.38686224239892936,0.4215162094252964,0.38650255261172517,0.020438801515588304,0.03582914159025027,0.015231062451111997,0.15109216786710608,0.1449456559847031,0.14595817812940226,0.9372608319390108,0.9496102574879612,0.9133317293174248,0.1844586715737848,0.09012346529165384,0.24960618069180054,0.018499392951576397,0.01129675271632432,0.027850213597245443,0.012708365212919223,0.009064574282635584,0.016680687894081857,0.00297776236474999,0.002986305163561412,0.003199022903074654,0.7813558078969697,0.8865289025458248,0.7026638949137974,0.11353523922187234,0.17248372268034864,0.05205074559294434,0.30085732992297964,0.1848972660223,0.36708432779009664,0.5985674674083975,0.6521907392399452,0.5498024381524833,0.0,0.0,0.0,0.07473117416023091,0.1361046843481149,0.059892389145185694,0.02584402850839191,0.02680731038963981,0.02322084491223423,0.4304448007453937,0.597280559819134,0.25969534531264465,0.0,0.0,0.0,0.0,0.0,0.0,0.0,0.0,0.0,1.0,1.0,1.0,0.0,0.0,0.0,0.0,0.0,0.0,0.4457364156709055,0.3493206256316042,0.46421936486337606,0.2700847249485766,0.25816450965271937,0.2946370896158284,0.0009052514904828309,0.0007818442423254619,0.001001909273224512,0.0,0.0,0.0,0.28327360789003514,0.391733020473351,0.24014163624757104,0.7944434125400975,0.8301007339323616,0.7369272704209715,0.06904499003467691,0.05228286021408371,0.08039895406427226,0.1376741954820223,0.14117942486009893,0.1407242380840577,0.16959779816212464,0.1605538023664409,0.17734455522842502,0.145093944156775,0.12252463769141309,0.14175213434231015,0.4785890721644012,0.5234592748679634,0.4597801182809349,0.9495195206388218,0.961219318936611,0.9282611665203209,0.06881176578865812,0.05210217800820646,0.07995634527000017,0.13727594552005884,0.14047796051369718,0.14000120301691338,0.1702030231357196,0.16096121677340286,0.17758975843648644,0.145682051866214,0.12293666182640713,0.14209260787579606,0.4780272136893493,0.5235219828782863,0.46036008540080403,0.9495345188160678,0.9611763262856643,0.9283410828248269,0.2669246011430302,0.1650324860603975,0.31746444953917446,0.08067034008369592,0.06746716367647893,0.09221159776834752,0.12163927988887055,0.09198736310521576,0.1504563723202468,0.013299396411788348,0.017567442012816386,0.013192570227165001,0.5174663824726151,0.6579455451450914,0.42667501014506615,0.4412449191045513,0.4938876262014991,0.35764920493113844,24.34577388289518,3.1127848315358864,24.054611207775434,1.2708591589648723,9.394722348828623,276.88912467933943,27.76925951899302,19.076403889762496,4.469890234186657,1172.8856326777184,49.58503162932048,98.65136678347112,0.0,12.316627404025482,4.259417483182926,0.0,0.0,0.0,27.70936169,0.0,335.82989337410015,203.48915007299024,0.6820410018957264,0.0,213.42601185101395,0.010333467708326676,0.020604707924048133,0.025382484229940997,0.02171516841214364,0.07162698872554057,0.04856615385008676,0.09688698747420003,0.12012634921689065,0.10281987190767655,0.3373833375511459,2255518.59987,0.771471245358678,4.016705706,461.26746665962725,139.4049227595844,210.20258994627233,22.982440976583366,894.2240853879327,13670.990567985453,1747.9358954365964,13507.492697494341,713.6311895040324,5275.460177912604,155482.78030005458,15593.39566653973,10712.057825824626,2509.997321318635,658615.680026842,27843.703099286657,55396.14026248917,0.0,6916.210504531305,2391.8096223927223,0.0,0.0,0.0,15559.760972520753,0.0,188580.05199787513,114266.16646964458,382.9895138575484,0.0,119846.05660976375,5.802598030139787,11.570253179902581,14.253139134893562,12.193814991159691,40.22102119202047,4.081539710852938,8.142462507151,10.0955176759926,8.64106701863616,28.353974544612687,259017.56979895217,78280.66560315817,118035.99418708918,12905.43218430607,502137.62338410696
49,sc6,dry,58.62318479,1661.818556,115.1816706,104.2224917,546.5729037,0.16439565579999998,0.706181,1835.62341139,0.38675165806051964,0.40069444490016687,0.39261074968827736,0.03627691709296187,0.01822166159364789,0.053282237986584,0.35790139459560055,0.3217835351387382,0.3453463544112805,0.05951085194435941,0.09897543618753726,0.04514095066859451,0.15955917830655839,0.16032492217990965,0.1636197072452637,0.9439406103058389,0.9540610651661353,0.9237261148147392,0.1919195255387735,0.12638114458225577,0.25574447575575243,0.012270826313613134,0.004799880830933511,0.02138957546504028,0.011488556960326163,0.006554669835198356,0.014789456860223935,0.007794547730847151,0.008037067851734105,0.008839081497850437,0.7765265434564401,0.8542272368998782,0.699237410421133,0.10853203485675403,0.16981637917316558,0.05187034720661482,0.3212554204745231,0.2632858831057119,0.3524053557069196,0.4041844800389187,0.29308949446924887,0.4460520603060965,0.0,0.0,0.0,0.2442339839004509,0.4103104501910251,0.1765667346569254,0.030326115586107226,0.03331417223401403,0.024975849330058423,0.6102721006456774,0.7205314201579119,0.42092425956963975,0.0,0.0,0.0,0.0,0.0,0.0,0.0,0.0,0.0,1.0,1.0,1.0,0.0,0.0,0.0,0.0,0.0,0.0,0.4815363981371783,0.4540983791834077,0.4714373954459439,0.2162458609007254,0.12958425936083898,0.2575166876026144,0.0008679427156745728,0.0007124289271994023,0.0008810573220822914,0.0,0.0,0.0,0.3013497982464218,0.41560493252855407,0.27016485962935943,0.8283420693281421,0.8594076084808545,0.7773256978778298,0.07361491034388494,0.07669939897408465,0.08270315767812887,0.08559388725232073,0.0617152394623927,0.0975229291188615,0.15270790121279287,0.13351912214932543,0.14448786278112702,0.29836645566297165,0.32079560402899454,0.28292301318557556,0.3897168455280297,0.40727063538520253,0.3923630372363071,0.9612817940839588,0.9691741290736477,0.9453394967926416,0.07336990807102219,0.07626795343110866,0.08237988525626191,0.08516818351975629,0.06134851254131121,0.097186841893419,0.1531264729573821,0.13377243165851024,0.14486285271522584,0.29935107236199937,0.32136996109079546,0.28382435085300756,0.3889843630898401,0.4072411412782743,0.3917460692820856,0.9612360742922731,0.9691716950463111,0.945435210669468,0.26498702953865005,0.2008034534457802,0.3221789320603695,0.052274490724555936,0.026495146521849207,0.07395798600855019,0.10992572916702172,0.07237190893192164,0.13343876014038877,0.03858639976964587,0.04914393635293659,0.03680423572270485,0.5342263508001265,0.6511855547475123,0.4336200860679867,0.4490513822069174,0.49435376247183654,0.3735366768211715,22.67261391832074,2.1266684143522134,20.9813195919766,3.4887156705445124,9.353867194805932,318.9354287990497,20.39188686541538,19.09189713833297,12.953124054749487,1290.4462191424525,37.00273601956102,46.55464364147501,0.0,28.131278282947438,3.4930126560165284,0.0,0.0,0.0,104.2224917,0.0,263.1947473670768,118.19412810561577,0.47439397035151476,0.0,164.70963425695592,0.012101971462641166,0.014071263227316525,0.0251045155657187,0.04905014914743584,0.06406775639688773,,,,,,3662938.165,0.22948648235617755,21.72039399,486.41639513583954,95.95627899248429,201.78224197310163,70.83009877841566,980.638396510159,3823.521012554488,358.6424308333072,3538.300286859267,588.3387650497706,1577.440867507769,53785.4310956115,3438.8980554441687,3219.6671341436436,2184.421354325601,217621.49932239062,6240.1600098907875,7850.998514614576,0.0,4744.072916001642,589.0634108405949,0.0,0.0,0.0,17576.133410613413,0.0,44385.294548627964,19932.317199968027,80.00203771839784,0.0,27776.715548565204,2.040882553173668,2.3729849066655335,4.233638129301151,8.271841818053732,10.804418656499838,1.436435828558191,1.6674224280419323,2.997909604081997,5.860694349539762,7.615534632403556,82029.50547973861,16182.115142790668,34028.65875650439,11944.823476297292,165375.35232073677
50,sc6,wet,52.433522839999995,1548.990635,123.6402581,62.904126590000004,702.11103295,0.12823095269999998,0.706181,1725.0644159400001,0.38675165806051964,0.40069444490016687,0.39261074968827736,0.03627691709296187,0.01822166159364789,0.053282237986584,0.35790139459560055,0.3217835351387382,0.3453463544112805,0.05951085194435941,0.09897543618753726,0.04514095066859451,0.15955917830655839,0.16032492217990965,0.1636197072452637,0.9439406103058389,0.9540610651661353,0.9237261148147392,0.1919195255387735,0.12638114458225577,0.25574447575575243,0.012270826313613134,0.004799880830933511,0.02138957546504028,0.011488556960326163,0.006554669835198356,0.014789456860223935,0.007794547730847151,0.008037067851734105,0.008839081497850437,0.7765265434564401,0.8542272368998782,0.699237410421133,0.10853203485675403,0.16981637917316558,0.05187034720661482,0.3212554204745231,0.2632858831057119,0.3524053557069196,0.4041844800389187,0.29308949446924887,0.4460520603060965,0.0,0.0,0.0,0.2442339839004509,0.4103104501910251,0.1765667346569254,0.030326115586107226,0.03331417223401403,0.024975849330058423,0.6102721006456774,0.7205314201579119,0.42092425956963975,0.0,0.0,0.0,0.0,0.0,0.0,0.0,0.0,0.0,1.0,1.0,1.0,0.0,0.0,0.0,0.0,0.0,0.0,0.4815363981371783,0.4540983791834077,0.4714373954459439,0.2162458609007254,0.12958425936083898,0.2575166876026144,0.0008679427156745728,0.0007124289271994023,0.0008810573220822914,0.0,0.0,0.0,0.3013497982464218,0.41560493252855407,0.27016485962935943,0.8283420693281421,0.8594076084808545,0.7773256978778298,0.07361491034388494,0.07669939897408465,0.08270315767812887,0.08559388725232073,0.0617152394623927,0.0975229291188615,0.15270790121279287,0.13351912214932543,0.14448786278112702,0.29836645566297165,0.32079560402899454,0.28292301318557556,0.3897168455280297,0.40727063538520253,0.3923630372363071,0.9612817940839588,0.9691741290736477,0.9453394967926416,0.07336990807102219,0.07626795343110866,0.08237988525626191,0.08516818351975629,0.06134851254131121,0.097186841893419,0.1531264729573821,0.13377243165851024,0.14486285271522584,0.29935107236199937,0.32136996109079546,0.28382435085300756,0.3889843630898401,0.4072411412782743,0.3917460692820856,0.9612360742922731,0.9691716950463111,0.945435210669468,0.26498702953865005,0.2008034534457802,0.3221789320603695,0.052274490724555936,0.026495146521849207,0.07395798600855019,0.10992572916702172,0.07237190893192164,0.13343876014038877,0.03858639976964587,0.04914393635293659,0.03680423572270485,0.5342263508001265,0.6511855547475123,0.4336200860679867,0.4490513822069174,0.49435376247183654,0.3735366768211715,20.278751896324124,1.9021265609586027,18.76603094799627,3.120363614652427,8.36624982006856,297.2815477332035,19.00739504349832,17.795667141209293,12.073681439142739,1202.8323436429464,39.72010310349406,49.9734734320262,0.0,30.197152806242993,3.74952875823673,0.0,0.0,0.0,62.904126590000004,0.0,338.0920178991167,151.82860476817032,0.6093921566437024,0.0,211.5810181260693,0.009439710086321449,0.010975785707661471,0.019581879657333913,0.03825981486338516,0.04997376238529798,0.051812435051502514,0.06014415300616501,0.10813500579951704,0.21139603963166906,0.27469336651114634,12298516.8514,0.7705135176438225,21.72039399,457.11969534276693,90.17686381031704,189.62896378228695,66.5640251818515,921.5748678227778,11482.23057266476,1077.0216955647818,10625.698040011752,1766.8116202204433,4737.136188344777,168326.69453833773,10762.36316667665,10076.258852340814,6836.357328789521,681067.4730169446,22490.30830575956,28295.96946582663,0.0,17098.225419983744,2123.057373600769,0.0,0.0,0.0,35617.561138434656,0.0,191434.3902495719,85968.36020219413,345.04989693299575,0.0,119801.35894670444,5.344950631300903,6.214707041924604,11.087647722167674,21.6634642099688,28.296133076886537,3.7619404295147656,4.366880664224888,7.851347842629913,15.348811676949348,19.944634529734024,258830.21637950742,51059.92458922182,107371.67141920594,37689.86813834561,521813.9250587857
53,sc7,dry,60.94365986,1283.563053,262.4210796,263.8704764,474.5593733,0.1471651103,0.706961973,1606.92779246,0.40931901956958283,0.3662643221519172,0.358595055893566,0.034429925677705774,0.015208414768998344,0.05457463070624942,0.25345705317419054,0.20220305253323573,0.30476971213348064,0.18280586125171758,0.296901579200903,0.15322807354803247,0.1199881403268032,0.11942263134494584,0.12883252771867146,0.939336993669575,0.951180131541064,0.9218403970951149,0.2217361754408937,0.13159804643628675,0.29190965462326773,0.013741205815340881,0.004662663881010034,0.021226808892694293,0.009782661278434825,0.005507369109066975,0.014674516599638424,0.03158820429230821,0.038132528746715105,0.03294865396806631,0.7231517531730224,0.8200993918269212,0.6392403659163333,0.1435862673273491,0.22109250526383545,0.07343785189093081,0.22477183836426573,0.12572066496336143,0.2673546953375637,0.25242750520943036,0.09381215029795,0.3185833434529034,0.0,0.0,0.0,0.5106359615097675,0.7692725818735852,0.400816882294762,0.012164694916536356,0.011194602865103327,0.01324507891477091,0.33782739681655843,0.43942242113463037,0.1866758710124571,0.0,0.0,0.0,0.0,0.0,0.0,0.0,0.0,0.0,1.0,1.0,1.0,0.0,0.0,0.0,0.0,0.0,0.0,0.5226764915709414,0.5096892154856681,0.4856626144725911,0.22250052306707774,0.11740205659500685,0.27506850266177524,0.000638694868159983,0.0005019033475643007,0.0008311788562405853,0.0,0.0,0.0,0.25418429049382074,0.3724068245717608,0.23843770400939296,0.8628469261663592,0.8860392453791469,0.8293667104060363,0.06617944645934305,0.05749297879382627,0.07728002539685766,0.08080786959692654,0.03962427802332195,0.09938781147029109,0.11042822752948252,0.08171053460737615,0.12692650149547707,0.3922489149961698,0.4066351779336723,0.35330327447872706,0.35033554141807804,0.41453703064180336,0.34310238715864705,0.9558185515575415,0.9641399785566324,0.9428660917575149,0.06587968209384293,0.05731725723415784,0.07694060563187509,0.08031912945939049,0.039469883892180604,0.09900990527025469,0.11051179650423634,0.08187212398358223,0.12727764916660167,0.393063686694553,0.4080569538255686,0.35458507913021875,0.3502257052479773,0.41328378106451075,0.34218676080104987,0.9558531037916407,0.9641804267309627,0.9428919914692742,0.2883097031583494,0.20287346107052462,0.3110858124948919,0.05302157442256089,0.02287344328905204,0.07748829226796787,0.08294917502265728,0.0535042118079139,0.11591133796004907,0.13686715660473486,0.18914954311265894,0.12495853446678466,0.4388523907916976,0.5315993407198505,0.37055602281030664,0.4688102558240245,0.49999852174562953,0.406455174034326,24.94539910287734,2.0982856795071805,15.4466004377658,11.14085822853903,7.312516411310643,284.6123623094571,17.637704088240298,12.556662577012688,40.54545194022283,928.2108720850671,58.98486848722731,66.24229843779334,0.0,134.00164030197723,3.192272373002102,0.0,0.0,0.0,263.8704764,0.0,248.0410282785487,105.5897087856346,0.30309863636392764,0.0,120.62553759945271,0.009739305537782166,0.011892099042339711,0.016251182284609793,0.05772535484046666,0.05155716859480168,0.046574430033675965,0.05678257023225312,0.07812763769640943,0.277881079460235,0.24759625557742648,1341845.1853,0.22769710147406252,8.091830196,463.29287484104435,85.20184153959937,133.29333470553684,219.93563782312373,705.2041035506959,4136.624579459093,347.95274594645605,2561.4658148554295,1847.4568313933244,1212.6137970362843,47196.45850089515,2924.8103009193906,2082.23563943916,6723.536969262492,153922.56874917517,9781.292966857465,10984.771932794361,0.0,22221.11086196483,529.3654476334091,0.0,0.0,0.0,43756.89055798338,0.0,41131.93820070019,17509.64107245743,50.26198474567345,0.0,20002.989797297243,1.6150413352097763,1.9720329587442917,2.694887333994707,9.572431401329203,8.549578620771518,1.1366010701590419,1.3857202341648498,1.9066246554285136,6.781401985232726,6.042332001769925,76826.53966176366,14128.779037543332,22103.654559585368,36471.3012434107,116941.99063532893
54,sc7,wet,48.651334075,1498.4372994999999,122.09013167,35.16021211,693.6206549999999,0.12428237665,0.7059668665000001,1669.1787652449998,0.4224232987693502,0.43860841671348294,0.39402695731476256,0.0403136488787135,0.03204526251148009,0.0596315323280508,0.3818456483474146,0.3500694331091211,0.3731680526957777,0.025162372695912837,0.041450563426514805,0.019883011294626312,0.13025503130860885,0.13782632423940094,0.15329044636678266,0.9494804418832226,0.9585847634169242,0.9335597465104638,0.19717353491846734,0.1311645265981713,0.26539713251187724,0.016552595832403705,0.008288352080359551,0.025223623125100292,0.012876921166258264,0.007269051285178237,0.01659551370198624,0.0036578300526885956,0.0036112255683578647,0.003916003647508442,0.769739118030182,0.8496668444679331,0.6888677270135278,0.10911957125029406,0.17278383810431125,0.055736590118132964,0.33618178434522594,0.2681183367753958,0.38331355068119205,0.5172811541702368,0.4991358926803574,0.5080899294706835,0.0,0.0,0.0,0.1165535748050133,0.2032735841723006,0.08241085753634288,0.029983486679524052,0.02947218637194621,0.02618566231178139,0.5670381940755442,0.6762275162652409,0.4409482985707198,0.0,0.0,0.0,0.0,0.0,0.0,0.0,0.0,0.0,1.0,1.0,1.0,0.0,0.0,0.0,0.0,0.0,0.0,0.48839379187129867,0.44056436410188793,0.4775459633536562,0.23004876793253243,0.2027675810117506,0.2697913487047377,0.000904938207415987,0.0006566044624052891,0.0010036504282167936,0.0,0.0,0.0,0.2806525019887528,0.3560114504239562,0.25165903751338936,0.8072208135269121,0.8415996036645905,0.7627579362720618,0.0704690413110535,0.06443388319007085,0.08583840509656344,0.10788064283952814,0.09936731455852243,0.120765804303552,0.1642112470082995,0.13443236248414395,0.16573546208619416,0.17764979248397647,0.16627493299685042,0.16900725947504022,0.4797892763571423,0.5354915067704124,0.45865306903865016,0.9585867131047008,0.9664253055152681,0.9438605678794847,0.07023845808895504,0.06420001208645529,0.0855292618817771,0.10761592860981342,0.09897534761180535,0.12028637854346913,0.164861780214593,0.1347839899460878,0.16626123195245734,0.17842721051465338,0.16693416019873436,0.1696766391179307,0.47885662257198514,0.5351064901569171,0.4582464885043657,0.958627160391115,0.9664411301949306,0.9438854009345762,0.2841601751105382,0.20474273630843476,0.3266803292810352,0.0648786778888965,0.05413944671610416,0.0844649531805731,0.12235003091485527,0.08130996496133727,0.14623955245356313,0.016798197660114707,0.02138353759049886,0.01614597337054078,0.5118129184255953,0.6384243144236249,0.4264691917142879,0.4447127644462765,0.49550779222606234,0.38417501298342493,20.551457029491193,1.9613127993805397,18.57730020283504,1.224183000148514,6.337081043144714,295.4521791960971,24.80302699882196,19.295258978242423,5.481028986180641,1153.4058053406577,41.04447831576418,63.15492422305378,0.0,14.230041294553269,3.660687836628783,0.0,0.0,0.0,35.16021211,0.0,338.76002181570385,159.56657709530612,0.6276838321624028,0.0,194.66637225682751,0.00875805993438476,0.013407662686626362,0.020408564050851664,0.0220787384212879,0.0596293515568493,0.049586024164851174,0.0759732799061577,0.11638695438370793,0.12596369870536572,0.33805690933991756,4551269.7319,0.7723028985259375,8.091830196,474.31413022281106,108.29411144931632,204.2240735301457,28.039194828651713,854.307255214075,11559.217390770706,1103.1451924215223,10448.848043719236,688.5447296752029,3564.306768883885,166177.80252776472,13950.523343289997,10852.665717115162,3082.8181907230046,648735.9229361513,23085.567454505617,35521.64196165527,0.0,8003.721612893244,2058.962848357708,0.0,0.0,0.0,19775.94750104008,0.0,190536.4047838945,89748.61248518893,353.0423102471815,0.0,109490.57832543734,4.925992281602181,7.541172748698099,11.478846884614438,12.41824055391303,33.53867497215488,3.4662082492824036,5.310754672733604,8.135788827361292,8.805231290798977,23.631167604511102,266779.14538575854,60910.28848157488,114866.33083854594,15770.713873058334,480507.21013898886
