sample_id,date,prec_Ca,prec_Ca_pct05,prec_Ca_pct25,prec_Ca_pct75,prec_Ca_pct95,prec_Mg,prec_Mg_pct05,prec_Mg_pct25,prec_Mg_pct75,prec_Mg_pct95,prec_Na,prec_Na_pct05,prec_Na_pct25,prec_Na_pct75,prec_Na_pct95,prec_Cl,prec_Cl_pct05,prec_Cl_pct25,prec_Cl_pct75,prec_Cl_pct95,prec_Si,prec_Si_pct05,prec_Si_pct25,prec_Si_pct75,prec_Si_pct95,prec_Sr,prec_Sr_pct05,prec_Sr_pct25,prec_Sr_pct75,prec_Sr_pct95,prec_Sr8786,prec_Sr8786_pct05,prec_Sr8786_pct25,prec_Sr8786_pct75,prec_Sr8786_pct95,bslt_Ca,bslt_Ca_pct05,bslt_Ca_pct25,bslt_Ca_pct75,bslt_Ca_pct95,bslt_Mg,bslt_Mg_pct05,bslt_Mg_pct25,bslt_Mg_pct75,bslt_Mg_pct95,bslt_Na,bslt_Na_pct05,bslt_Na_pct25,bslt_Na_pct75,bslt_Na_pct95,bslt_Cl,bslt_Cl_pct05,bslt_Cl_pct25,bslt_Cl_pct75,bslt_Cl_pct95,bslt_Si,bslt_Si_pct05,bslt_Si_pct25,bslt_Si_pct75,bslt_Si_pct95,bslt_Sr,bslt_Sr_pct05,bslt_Sr_pct25,bslt_Sr_pct75,bslt_Sr_pct95,bslt_Sr8786,bslt_Sr8786_pct05,bslt_Sr8786_pct25,bslt_Sr8786_pct75,bslt_Sr8786_pct95,carb_Ca,carb_Ca_pct05,carb_Ca_pct25,carb_Ca_pct75,carb_Ca_pct95,carb_Mg,carb_Mg_pct05,carb_Mg_pct25,carb_Mg_pct75,carb_Mg_pct95,carb_Na,carb_Na_pct05,carb_Na_pct25,carb_Na_pct75,carb_Na_pct95,carb_Cl,carb_Cl_pct05,carb_Cl_pct25,carb_Cl_pct75,carb_Cl_pct95,carb_Si,carb_Si_pct05,carb_Si_pct25,carb_Si_pct75,carb_Si_pct95,carb_Sr,carb_Sr_pct05,carb_Sr_pct25,carb_Sr_pct75,carb_Sr_pct95,carb_Sr8786,carb_Sr8786_pct05,carb_Sr8786_pct25,carb_Sr8786_pct75,carb_Sr8786_pct95,flsc_Ca,flsc_Ca_pct05,flsc_Ca_pct25,flsc_Ca_pct75,flsc_Ca_pct95,flsc_Mg,flsc_Mg_pct05,flsc_Mg_pct25,flsc_Mg_pct75,flsc_Mg_pct95,flsc_Na,flsc_Na_pct05,flsc_Na_pct25,flsc_Na_pct75,flsc_Na_pct95,flsc_Cl,flsc_Cl_pct05,flsc_Cl_pct25,flsc_Cl_pct75,flsc_Cl_pct95,flsc_Si,flsc_Si_pct05,flsc_Si_pct25,flsc_Si_pct75,flsc_Si_pct95,flsc_Sr,flsc_Sr_pct05,flsc_Sr_pct25,flsc_Sr_pct75,flsc_Sr_pct95,flsc_Sr8786,flsc_Sr8786_pct05,flsc_Sr8786_pct25,flsc_Sr8786_pct75,flsc_Sr8786_pct95,umfc_Ca,umfc_Ca_pct05,umfc_Ca_pct25,umfc_Ca_pct75,umfc_Ca_pct95,umfc_Mg,umfc_Mg_pct05,umfc_Mg_pct25,umfc_Mg_pct75,umfc_Mg_pct95,umfc_Na,umfc_Na_pct05,umfc_Na_pct25,umfc_Na_pct75,umfc_Na_pct95,umfc_Cl,umfc_Cl_pct05,umfc_Cl_pct25,umfc_Cl_pct75,umfc_Cl_pct95,umfc_Si,umfc_Si_pct05,umfc_Si_pct25,umfc_Si_pct75,umfc_Si_pct95,umfc_Sr,umfc_Sr_pct05,umfc_Sr_pct25,umfc_Sr_pct75,umfc_Sr_pct95,umfc_Sr8786,umfc_Sr8786_pct05,umfc_Sr8786_pct25,umfc_Sr8786_pct75,umfc_Sr8786_pct95,clay_Ca,clay_Ca_pct05,clay_Ca_pct25,clay_Ca_pct75,clay_Ca_pct95,clay_Mg,clay_Mg_pct05,clay_Mg_pct25,clay_Mg_pct75,clay_Mg_pct95,clay_Na,clay_Na_pct05,clay_Na_pct25,clay_Na_pct75,clay_Na_pct95,clay_Cl,clay_Cl_pct05,clay_Cl_pct25,clay_Cl_pct75,clay_Cl_pct95,clay_Si,clay_Si_pct05,clay_Si_pct25,clay_Si_pct75,clay_Si_pct95,clay_Sr,clay_Sr_pct05,clay_Sr_pct25,clay_Sr_pct75,clay_Sr_pct95,clay_Sr8786,clay_Sr8786_pct05,clay_Sr8786_pct25,clay_Sr8786_pct75,clay_Sr8786_pct95
lawis_river_schopka,NaN,0.438275363,0.282977608,0.353733765,0.52678747,0.602969959,0.116680367,0.069690036,0.091897206,0.146197925,0.17568793,0.449267068,0.271631334,0.358293241,0.529709003,0.610999187,0.722191205,0.380134076,0.54625757,0.875670303,0.984570033,0,0,0,0,0,0.003343886,0.000242507,0.001291846,0.006455609,0.012848139,0.709193216,0.709109229,0.709147521,0.709247599,0.709291899,0.443450825,0.344920491,0.383116693,0.51317998,0.566860178,0.452594101,0.267944231,0.37478049,0.515579681,0.599582078,0.101568498,0.015168852,0.049398762,0.15645195,0.215517196,0,0,0,0,0,2.030759362,1.30212595,1.618661502,2.540850778,3.049353423,0.000297294,0.000107271,0.000190656,0.00040183,0.000499564,0.70392362,0.702957298,0.703361947,0.704492279,0.70496877,0.938690625,0.927650423,0.932560212,0.946218138,0.950521529,0.061309375,0.049478471,0.053781862,0.067439788,0.072349577,0,0,0,0,0,0,0,0,0,0,0.008962189,0.007337595,0.007985688,0.009857855,0.01052528,0.001266625,0.001041355,0.001132519,0.001388897,0.001499046,0.708725666,0.708097612,0.708400793,0.709118492,0.709425127,0.279811905,0.046301385,0.142953663,0.416629207,0.568204908,0.162722383,0.054779271,0.112187337,0.223058895,0.270643901,0.563253576,0.262941867,0.393106092,0.694110208,0.828828988,0,0,0,0,0,4.411763526,2.17184975,3.082680657,6.71543244,8.56798477,0.001713632,0.000960629,0.001307483,0.002053012,0.002341252,0.70388134,0.703036046,0.703405761,0.704427951,0.704828588,0.107218916,0.012309288,0.049865644,0.170659342,0.236630912,0.888539958,0.759933816,0.826383455,0.946462025,0.983101459,0.004712903,0.000530571,0.002467404,0.006626462,0.008222368,0,0,0,0,0,0.705792189,0.383554685,0.500837935,0.954082148,1.160935697,0.001287273,0.000286312,0.000749331,0.001973862,0.003160134,0.703364128,0.702347909,0.70277878,0.704349405,0.705621106,0.675513707,0.411623161,0.568309564,0.78426125,0.87780377,0.20076447,0.025946989,0.100655619,0.313346483,0.490250814,0.110457393,0.021967254,0.061430946,0.165770926,0.241572863,0,0,0,0,0,2.415021654,1.514402282,2.005228845,2.785924705,3.024764081,0.002454979,0.001174519,0.002017904,0.00277557,0.002948956,0.705140563,0.703818969,0.704716982,0.705559925,0.705772193
bulsa_river_ds_schopka,NaN,0.439282615,0.286274318,0.348739148,0.531046513,0.605932835,0.128046932,0.07079778,0.099458552,0.158506273,0.179502117,0.429828411,0.25705225,0.342872856,0.518720728,0.599136633,0.734706653,0.384200427,0.570285828,0.853486842,0.971571043,0,0,0,0,0,0.005385173,0.000486358,0.00242041,0.010763443,0.017322426,0.709197658,0.709108528,0.709147432,0.709247518,0.709291153,0.446180068,0.343665576,0.385878133,0.503882359,0.569164614,0.415666183,0.257729544,0.356493677,0.493045451,0.603105719,0.13901929,0.015353773,0.064882695,0.188112541,0.229012824,0,0,0,0,0,1.76130983,1.23770339,1.412481198,2.338436632,3.028531396,0.00031115,0.000107373,0.000191536,0.000428873,0.000510042,0.703892361,0.702992138,0.703380503,0.704456765,0.704981443,0.939349524,0.928130841,0.932953274,0.945721698,0.950246371,0.060650476,0.049753629,0.054278302,0.067046726,0.071869159,0,0,0,0,0,0,0,0,0,0,0.008999093,0.007318004,0.008021287,0.009823727,0.010435452,0.001230092,0.00104828,0.001128731,0.00136643,0.001494446,0.708702262,0.708100637,0.70835619,0.709070863,0.709415422,0.212919869,0.039868467,0.114627773,0.346423898,0.512867549,0.147063692,0.04901196,0.086773362,0.215407915,0.267440563,0.635663343,0.310600907,0.481553954,0.73436018,0.866283215,0,0,0,0,0,3.008556108,1.97852878,2.392016765,3.943973422,6.858542285,0.001672276,0.000917473,0.001269056,0.002081456,0.002346766,0.703768891,0.702994879,0.703329808,0.704221591,0.704788269,0.125937825,0.017289394,0.067840271,0.197874994,0.248243042,0.8709018,0.748165079,0.79723503,0.928209101,0.97980941,0.004236858,0.000571756,0.002085039,0.006513153,0.008353653,0,0,0,0,0,0.753191689,0.371438228,0.542500111,0.951992828,1.191816382,0.002486925,0.000385413,0.001342145,0.003984467,0.005709864,0.704123956,0.702438316,0.703152006,0.705498296,0.708100677,0.624382853,0.372610853,0.507390671,0.741171194,0.865193316,0.261324459,0.048905664,0.143589288,0.384772087,0.534167924,0.086795928,0.015982995,0.044564287,0.155667507,0.232727348,0,0,0,0,0,2.629012305,1.685356361,2.318309417,2.875896724,3.04174832,0.002400062,0.00141619,0.001945134,0.002729542,0.002949082,0.705820099,0.704495429,0.705409693,0.706128779,0.706289161
camiling_river_us_schopka,NaN,0.440963684,0.281131574,0.347372073,0.537569436,0.606915415,0.12084567,0.069091109,0.091423446,0.153910029,0.179393823,0.435834111,0.256700248,0.339140862,0.529162495,0.61309882,0.726533646,0.402807361,0.561387256,0.86479802,0.974413707,0,0,0,0,0,0.005208368,0.00031124,0.002240618,0.009770353,0.019022178,0.709198706,0.709109869,0.709149327,0.709239819,0.70928965,0.45693191,0.350895029,0.40318915,0.520535999,0.565694988,0.405183923,0.250258488,0.344505361,0.480033611,0.580479388,0.132933701,0.021697275,0.076220588,0.187529156,0.227198583,0,0,0,0,0,1.893300412,1.248115031,1.512173884,2.324587366,2.998021743,0.000298349,0.000111624,0.000182756,0.000416992,0.000506195,0.703811127,0.702907971,0.703343601,0.704452301,0.704953806,0.939548541,0.928068553,0.933156822,0.945098236,0.949809054,0.060451459,0.050190946,0.054901764,0.066843178,0.071931447,0,0,0,0,0,0,0,0,0,0,0.008890082,0.007254776,0.007980541,0.00967686,0.010435549,0.001227469,0.00104497,0.001130667,0.001361186,0.001508526,0.708716137,0.708107305,0.708347675,0.70909502,0.709435927,0.257960441,0.040751492,0.125917355,0.416166531,0.548551619,0.164860675,0.051082256,0.0968663,0.217949798,0.266247591,0.583805019,0.25691758,0.435465521,0.69495158,0.84135242,0,0,0,0,0,3.622095033,2.077254622,2.630491831,5.339869565,8.15841117,0.001668563,0.000932689,0.001297107,0.002032514,0.002354329,0.703825455,0.703004343,0.703410834,0.70445443,0.704806205,0.131071439,0.01414437,0.071284109,0.19381575,0.247110346,0.866507181,0.746717135,0.801128076,0.926457729,0.982262595,0.004520385,0.000456223,0.002280939,0.006589349,0.008379523,0,0,0,0,0,0.735029045,0.373818396,0.532326803,0.943424244,1.165224134,0.00216842,0.000445492,0.001343592,0.003296943,0.005485237,0.703472483,0.702335851,0.702886231,0.704372382,0.70572884,0.617704387,0.370321778,0.4827687,0.750847475,0.86543478,0.260621902,0.037367671,0.145816219,0.408311681,0.551608012,0.091402463,0.01472524,0.046141136,0.152700906,0.230428509,0,0,0,0,0,2.60649481,1.750762554,2.26463251,2.869989732,3.045937043,0.002489263,0.001433286,0.002108752,0.002787807,0.002948892,0.705416428,0.704275047,0.704961426,0.705741303,0.70590632
malabobo_river_schopka,NaN,0.449761823,0.281008026,0.348048357,0.542525481,0.609623947,0.124277465,0.073304537,0.095922759,0.15702563,0.177782229,0.435291611,0.252128693,0.330628051,0.524505077,0.599071719,0.710106772,0.395082172,0.539204234,0.860835024,0.966618618,0,0,0,0,0,0.004773891,0.000317014,0.001995763,0.009020712,0.016274202,0.709194709,0.709107285,0.709148535,0.709250023,0.709289187,0.464765434,0.353714655,0.407992782,0.525883309,0.57095994,0.411922794,0.246257972,0.33879917,0.473864008,0.576716229,0.121789969,0.017702861,0.069574527,0.183270697,0.230569339,0,0,0,0,0,1.880604479,1.236434804,1.506332288,2.348388626,2.928109875,0.000295678,0.000108956,0.000188011,0.000417707,0.000506361,0.703826936,0.702920177,0.703310216,0.704463606,0.704967501,0.938132026,0.928072313,0.932517181,0.945015315,0.949978633,0.061867974,0.050021367,0.054984685,0.067482819,0.071927687,0,0,0,0,0,0,0,0,0,0,0.009073159,0.007374033,0.008085915,0.009954026,0.010586934,0.001237522,0.001039493,0.001122916,0.001362515,0.00150528,0.708729699,0.70811959,0.708364469,0.70910506,0.709421035,0.291338713,0.051408661,0.158174352,0.431808595,0.559390659,0.152869166,0.054194563,0.10077336,0.210634982,0.266288856,0.555050978,0.275015288,0.403139103,0.702473667,0.80496723,0,0,0,0,0,3.367062348,2.088205017,2.568777069,5.221008275,8.427275403,0.001704914,0.000918085,0.001291732,0.002094201,0.002360775,0.70373253,0.703011408,0.703314333,0.704260512,0.704810258,0.136623036,0.017788305,0.062044345,0.194228489,0.247149119,0.858345738,0.749575394,0.800015028,0.932524941,0.97916268,0.004575674,0.000364501,0.002210104,0.006906846,0.008277622,0,0,0,0,0,0.727944468,0.384107064,0.533803626,0.931351532,1.158201057,0.002311345,0.000581812,0.001528221,0.003594011,0.005545736,0.703395912,0.702311916,0.702745975,0.704199779,0.70614232,0.587315374,0.370585691,0.461577329,0.713394451,0.851652289,0.300045097,0.056220568,0.170861555,0.416639755,0.544284569,0.104740374,0.017592451,0.052972642,0.167980141,0.244972155,0,0,0,0,0,2.659540976,1.65755618,2.276560102,2.878082419,3.052180438,0.002517122,0.001551999,0.002093215,0.002779586,0.002965693,0.705386951,0.704400754,0.704987352,0.705641466,0.705778932
dumoloc_river_schopka,NaN,0.443351547,0.282240158,0.345474652,0.541426017,0.603910857,0.122049924,0.070332093,0.093670343,0.155167949,0.179615793,0.4311867,0.257590354,0.338517606,0.525302653,0.614405027,0.731411918,0.412039045,0.56764007,0.86887916,0.96912874,0,0,0,0,0,0.005132814,0.000276187,0.00200976,0.009888713,0.018329955,0.709195677,0.709111026,0.709150572,0.709245376,0.709286112,0.453119807,0.344292651,0.399787912,0.519968096,0.570444971,0.415250636,0.246637208,0.341523263,0.48336555,0.586802856,0.134835608,0.016936875,0.068031849,0.187404131,0.225331701,0,0,0,0,0,1.851412606,1.246515013,1.516661778,2.369424391,2.968359718,0.000305855,0.00012301,0.000208799,0.000426992,0.000506374,0.703933065,0.702988214,0.703473685,0.704457288,0.704949295,0.938963366,0.928168007,0.932904003,0.945234984,0.94961217,0.061036634,0.05038783,0.054765016,0.067095997,0.071831993,0,0,0,0,0,0,0,0,0,0,0.008998299,0.007401494,0.008139531,0.009783825,0.010572262,0.00123468,0.001052793,0.001138025,0.001374689,0.00149975,0.708679286,0.708105649,0.708335101,0.709058229,0.709403368,0.264932556,0.050873294,0.14236908,0.415666671,0.56540752,0.154691533,0.055043672,0.09952161,0.215211706,0.262832131,0.571394228,0.271004038,0.433177877,0.694881262,0.838724846,0,0,0,0,0,3.612334402,2.049996536,2.568182059,5.190878004,8.203943517,0.001714045,0.000941925,0.001334876,0.002061064,0.002331422,0.703791818,0.703003653,0.703353018,0.704343849,0.704829272,0.131317061,0.014706792,0.075036752,0.203906204,0.249358602,0.863367493,0.745627079,0.790750472,0.920764939,0.981611653,0.004177851,0.00055688,0.002079261,0.006358895,0.008122196,0,0,0,0,0,0.729404311,0.387694875,0.521297133,0.963235539,1.177711727,0.002083456,0.000370703,0.001245304,0.003519235,0.005519372,0.70381977,0.702381086,0.703065845,0.704962718,0.706551987,0.621464588,0.381419484,0.484767285,0.739626544,0.877221447,0.259652597,0.031933136,0.144356104,0.406596584,0.548023002,0.09395756,0.015342629,0.045287976,0.162140406,0.230730122,0,0,0,0,0,2.579710726,1.685929904,2.223461349,2.845391422,3.034984191,0.002499191,0.001305785,0.002112596,0.002785119,0.002949211,0.705794384,0.704626506,0.70532879,0.70607139,0.706276023
malabobo_river_schopka,NaN,0.435864476,0.277553281,0.346536892,0.509075638,0.605591962,0.121846364,0.070768098,0.098129154,0.149734573,0.176739499,0.446977849,0.267896272,0.362127041,0.522305767,0.609507382,0.732930523,0.383533999,0.558794628,0.851529253,0.970637236,0,0,0,0,0,0.005481981,0.000467593,0.002132609,0.010279284,0.018582922,0.709209833,0.70910981,0.709158229,0.709255895,0.709287662,0.455001577,0.346522094,0.396278368,0.524470035,0.572540145,0.40980842,0.246967967,0.344249916,0.476755064,0.576953095,0.142809108,0.017094125,0.072431521,0.189897704,0.226564057,0,0,0,0,0,1.936597003,1.263255604,1.504500153,2.455996105,3.070912689,0.000315723,0.000107056,0.000190666,0.000432155,0.000509707,0.703878661,0.702983053,0.70333601,0.704419072,0.704986387,0.938376527,0.928056774,0.932514084,0.944438248,0.950091202,0.061623473,0.049908798,0.055561752,0.067485916,0.071943226,0,0,0,0,0,0,0,0,0,0,0.009050818,0.007296326,0.007982721,0.009833972,0.010531992,0.001238614,0.001041479,0.001118699,0.001360401,0.00148371,0.708683513,0.708088488,0.708342146,0.709015949,0.709373988,0.286756594,0.055347872,0.148270922,0.431158187,0.568143205,0.147014335,0.048209612,0.089429195,0.207898197,0.264680315,0.557204478,0.252010926,0.420401862,0.703422328,0.832827196,0,0,0,0,0,3.699563644,2.014150223,2.679180343,5.373323211,8.169328609,0.001671526,0.000928286,0.001256955,0.002031145,0.002360701,0.703760749,0.702997663,0.703367838,0.704303176,0.704795309,0.135172379,0.018873855,0.069308202,0.19374743,0.251004888,0.860207049,0.743790081,0.801024658,0.925312635,0.976160483,0.004271367,0.000460028,0.002135394,0.006436744,0.008376589,0,0,0,0,0,0.703823419,0.369174825,0.517027883,0.961768209,1.159198551,0.002347105,0.000463452,0.001369775,0.003608479,0.005550107,0.703370393,0.702314169,0.70279899,0.704161275,0.705696192,0.577539838,0.367434843,0.453279307,0.700778892,0.832458528,0.306760582,0.042014833,0.168169834,0.438253195,0.5501787,0.097937385,0.017217601,0.052850126,0.157070891,0.236807288,0,0,0,0,0,2.58190131,1.677709387,2.247009911,2.852408994,3.04751026,0.002497567,0.001446328,0.002148222,0.002774072,0.002966494,0.705333675,0.704170642,0.704933916,0.705608774,0.705790557
malabobo_river_schopka,NaN,0.455798208,0.277461643,0.359431045,0.536080485,0.601785669,0.127543431,0.069332925,0.092121865,0.153110387,0.176436271,0.421034629,0.257381027,0.327638835,0.525917764,0.606272918,0.71129132,0.3998336,0.565455201,0.85625012,0.972434723,0,0,0,0,0,0.006752366,0.000497958,0.003403115,0.012191211,0.019697279,0.709208973,0.709111343,0.709151362,0.709254323,0.709288778,0.463184475,0.34487394,0.398700701,0.528715709,0.572970132,0.415111812,0.251123164,0.348676056,0.483926682,0.580961732,0.123732157,0.020615875,0.071854596,0.17308651,0.225506514,0,0,0,0,0,1.827246633,1.245303034,1.472789096,2.409253809,3.070498213,0.000303038,0.000108293,0.000200668,0.000401243,0.000509485,0.703879697,0.702990764,0.703304135,0.704412737,0.704934195,0.938811215,0.928143908,0.932861111,0.944770917,0.949923195,0.061188785,0.050076805,0.055229083,0.067138889,0.071856092,0,0,0,0,0,0,0,0,0,0,0.008746354,0.007371843,0.00790828,0.009596442,0.010441621,0.001254729,0.001046569,0.001142518,0.001393968,0.001505023,0.708680002,0.708116044,0.708351523,0.709012679,0.709386329,0.256669164,0.044195117,0.127093956,0.397622066,0.553402608,0.143938925,0.050378857,0.085348749,0.209340178,0.258847192,0.59393671,0.303464789,0.435028743,0.719061242,0.849262544,0,0,0,0,0,3.500181139,2.020359809,2.605824526,5.504950499,8.419384504,0.00165387,0.000919589,0.001214297,0.002032178,0.002345794,0.703798093,0.702965297,0.703285088,0.704305882,0.70480058,0.117936344,0.009667964,0.053501245,0.199960631,0.24704353,0.877665664,0.747641089,0.795592003,0.940895243,0.985963675,0.003963744,0.000468244,0.001886252,0.006323579,0.008295095,0,0,0,0,0,0.711286745,0.373203183,0.515128042,0.960766361,1.172620645,0.002231084,0.000424079,0.001325494,0.003420977,0.005572423,0.703326069,0.702311986,0.7027085,0.70421379,0.705788001,0.573265396,0.366854305,0.463313293,0.697536342,0.8467478,0.299074492,0.044183184,0.178500749,0.431323174,0.569042729,0.096327574,0.015690584,0.055810122,0.155964145,0.240952723,0,0,0,0,0,2.561847698,1.684184616,2.252321684,2.841663981,3.040689021,0.002464805,0.001390357,0.002056032,0.002762019,0.002956656,0.705351471,0.704200995,0.705026684,0.705581023,0.705739519
lawis_river_schopka,NaN,0.42924616,0.275510437,0.330750166,0.52153256,0.603788653,0.124918442,0.069102226,0.095556713,0.149889883,0.179074059,0.445896953,0.252018646,0.362222994,0.541217422,0.611418314,0.744523296,0.381612066,0.563336021,0.886848419,0.984822662,0,0,0,0,0,0.004437009,0.00038173,0.002038442,0.00880316,0.016103508,0.709201735,0.709111443,0.709148261,0.709249503,0.709286149,0.438042513,0.342085919,0.379983497,0.510349163,0.568434731,0.450532558,0.281103806,0.377392342,0.526111532,0.607186913,0.089784473,0.016923716,0.049027259,0.155588251,0.218957723,0,0,0,0,0,2.155757183,1.293881516,1.666673424,2.620008245,3.062118711,0.00028024,0.000110545,0.000184304,0.000421308,0.000511618,0.70400869,0.702993003,0.703459614,0.70456776,0.704983234,0.938907058,0.927488059,0.932992028,0.945049234,0.949971674,0.061092942,0.050028326,0.054950766,0.067007972,0.072511941,0,0,0,0,0,0,0,0,0,0,0.00888012,0.007341571,0.007949005,0.009853963,0.010514079,0.001263576,0.001043187,0.001137896,0.001384782,0.001506423,0.708775025,0.708103218,0.708391622,0.709109307,0.709431241,0.231310275,0.048975278,0.135701817,0.382337572,0.537158561,0.155119443,0.050990896,0.098739294,0.213670159,0.266819587,0.599040287,0.278657233,0.461393974,0.703704037,0.829060346,0,0,0,0,0,4.700719293,2.224045434,3.199996076,6.519415714,8.403166449,0.001615439,0.000928026,0.001208656,0.002033,0.002364686,0.703884769,0.702975431,0.703341349,0.704315909,0.704800314,0.095208481,0.009754999,0.044315018,0.163118923,0.236714375,0.899183352,0.760455285,0.832607474,0.952342791,0.987102683,0.004236454,0.00051874,0.002125849,0.00648945,0.008312808,0,0,0,0,0,0.73386537,0.38271898,0.526453125,0.943570993,1.165004399,0.001051034,0.000252573,0.000638641,0.001835978,0.003107962,0.704161279,0.702428464,0.703317454,0.705383127,0.706805427,0.706235533,0.448207196,0.595284844,0.794814049,0.898485676,0.155225374,0.009707187,0.069214307,0.254344267,0.416997522,0.127636177,0.029350941,0.077615252,0.185706974,0.246736666,0,0,0,0,0,2.43109981,1.41738939,2.027479622,2.799353885,3.030007013,0.002506983,0.001351804,0.00208299,0.002769615,0.002960803,0.705994564,0.704300522,0.705322404,0.706440856,0.706824052
lawis_river_schopka,NaN,0.444638048,0.279306711,0.348888541,0.54033079,0.607673101,0.125528499,0.069615205,0.094327263,0.15375463,0.176539493,0.432792642,0.255148781,0.339326794,0.521391305,0.599886723,0.737637285,0.429865057,0.569171223,0.850545551,0.962600115,0,0,0,0,0,0.007074258,0.000579778,0.003084675,0.012516342,0.019860775,0.70919178,0.709109769,0.709148454,0.709249254,0.709286413,0.436430078,0.342305975,0.378097454,0.500123542,0.56322997,0.458819691,0.290191101,0.387613421,0.540855943,0.618331561,0.086474305,0.012394487,0.042862115,0.152525223,0.216609186,0,0,0,0,0,2.126868242,1.278091635,1.641656552,2.675260679,3.088729437,0.000304197,0.000109992,0.000195114,0.00041537,0.000512071,0.704029337,0.702987272,0.703456343,0.704532492,0.704966797,0.937306821,0.927736332,0.931915587,0.944269024,0.949426691,0.062693179,0.050573309,0.055730976,0.068084413,0.072263668,0,0,0,0,0,0,0,0,0,0,0.008948528,0.007329956,0.008060765,0.009784213,0.010553788,0.001299194,0.001054945,0.001160891,0.001412848,0.001508366,0.708765847,0.708135365,0.708456463,0.709143203,0.709436774,0.251065689,0.047377713,0.143608872,0.390162798,0.560192108,0.16074537,0.061064297,0.105838153,0.222656324,0.269351068,0.577219864,0.261692262,0.445930795,0.695759402,0.832097193,0,0,0,0,0,4.856921584,2.220664996,3.38654971,6.709967207,8.662482773,0.001751723,0.000915209,0.001271852,0.002073158,0.002366769,0.703973813,0.703020844,0.703384421,0.704449444,0.704831113,0.090964508,0.014995464,0.047617227,0.155087618,0.231875364,0.904822631,0.763295243,0.840725997,0.947258122,0.979331791,0.004406537,0.000396638,0.001935838,0.006834397,0.008287267,0,0,0,0,0,0.778985852,0.391953035,0.561073182,0.990938193,1.175646665,0.001000306,0.000149145,0.000491572,0.00157242,0.002865719,0.704732901,0.70244868,0.703319252,0.706157704,0.707870174,0.710337722,0.453859563,0.582216976,0.794157829,0.892182602,0.153673665,0.013679384,0.074274861,0.268074635,0.423738052,0.121363337,0.027111562,0.0694896,0.181512596,0.234641746,0,0,0,0,0,2.39909307,1.419186053,1.959722388,2.76329713,3.027477643,0.002425526,0.001428865,0.001984734,0.002707432,0.002952268,0.706219912,0.704317534,0.705429112,0.706831586,0.707186929
bulsa_river_ds_zam22,NaN,NaN,NaN,NaN,NaN,NaN,NaN,NaN,NaN,NaN,NaN,NaN,NaN,NaN,NaN,NaN,NaN,NaN,NaN,NaN,NaN,NaN,NaN,NaN,NaN,NaN,NaN,NaN,NaN,NaN,NaN,NaN,NaN,NaN,NaN,NaN,NaN,NaN,NaN,NaN,NaN,NaN,NaN,NaN,NaN,NaN,NaN,NaN,NaN,NaN,NaN,NaN,NaN,NaN,NaN,NaN,NaN,NaN,NaN,NaN,NaN,NaN,NaN,NaN,NaN,NaN,NaN,NaN,NaN,NaN,NaN,NaN,NaN,NaN,NaN,NaN,NaN,NaN,NaN,NaN,NaN,NaN,NaN,NaN,NaN,NaN,NaN,NaN,NaN,NaN,NaN,NaN,NaN,NaN,NaN,NaN,NaN,NaN,NaN,NaN,NaN,NaN,NaN,NaN,NaN,NaN,NaN,NaN,NaN,NaN,NaN,NaN,NaN,NaN,NaN,NaN,NaN,NaN,NaN,NaN,NaN,NaN,NaN,NaN,NaN,NaN,NaN,NaN,NaN,NaN,NaN,NaN,NaN,NaN,NaN,NaN,NaN,NaN,NaN,NaN,NaN,NaN,NaN,NaN,NaN,NaN,NaN,NaN,NaN,NaN,NaN,NaN,NaN,NaN,NaN,NaN,NaN,NaN,NaN,NaN,NaN,NaN,NaN,NaN,NaN,NaN,NaN,NaN,NaN,NaN,NaN,NaN,NaN,NaN,NaN,NaN,NaN,NaN,NaN,NaN,NaN,NaN,NaN,NaN,NaN,NaN,NaN,NaN,NaN,NaN,NaN,NaN,NaN,NaN,NaN,NaN,NaN,NaN,NaN,NaN,NaN,NaN,NaN,NaN,NaN,NaN,NaN,NaN,NaN,NaN,NaN
bulsa_river_us_zam22,NaN,0.443599845,0.275010106,0.34885203,0.527314369,0.610458252,0.120564455,0.067183069,0.08927513,0.150181159,0.17861796,0.441393643,0.248735856,0.352480477,0.524835804,0.613288685,0.741765934,0.393035017,0.578739456,0.870456234,0.982579532,0,0,0,0,0,0.005584042,0.000505449,0.002162284,0.010495687,0.018386879,0.709205324,0.709109913,0.709151163,0.709249995,0.709288998,0.46703318,0.34854888,0.400957842,0.518336269,0.56768932,0.41208255,0.258840837,0.334281954,0.470926158,0.563072302,0.141215024,0.023489285,0.075936536,0.186963105,0.227725948,0,0,0,0,0,1.860176091,1.223735002,1.459250045,2.377855313,3.00048959,0.000318403,0.000111673,0.000198371,0.000424512,0.000514244,0.703845986,0.70295096,0.703337861,0.70441341,0.704944443,0.939416176,0.927750899,0.932959781,0.94570663,0.950284992,0.060583824,0.049715008,0.05429337,0.067040219,0.072249101,0,0,0,0,0,0,0,0,0,0,0.008979918,0.007305513,0.00802813,0.009962514,0.010574158,0.001260046,0.001039943,0.001126795,0.001369708,0.001498384,0.708726743,0.708084209,0.708355874,0.70904756,0.709416756,0.237049632,0.046310967,0.133443145,0.362088943,0.515851807,0.145200916,0.051935303,0.089054698,0.20674139,0.265273254,0.601217498,0.343659086,0.475062577,0.714140703,0.836984812,0,0,0,0,0,3.103065337,2.021185088,2.434093034,4.218331568,7.041357715,0.001774309,0.000988179,0.00132824,0.00212976,0.002355348,0.703661754,0.702984589,0.703229477,0.704270217,0.704776516,0.130967224,0.016059921,0.068551736,0.188241662,0.241829586,0.863458325,0.753694407,0.809711996,0.926608905,0.980461203,0.004604744,0.00043341,0.002495889,0.006640252,0.008294602,0,0,0,0,0,0.690517137,0.393083863,0.513570104,0.933310376,1.184097009,0.002274248,0.000197226,0.001186694,0.003906474,0.005797652,0.704029277,0.702413175,0.703103704,0.705399441,0.708071211,0.629459476,0.387623256,0.507555869,0.747490658,0.893691863,0.245390973,0.030566972,0.131861308,0.378983852,0.529852073,0.098727297,0.013290458,0.045540165,0.155673589,0.240769882,0,0,0,0,0,2.627588781,1.756108142,2.275276605,2.88480585,3.038280927,0.002489866,0.001438142,0.002083451,0.002802518,0.00296989,0.70581056,0.704532135,0.705391061,0.706097398,0.706307947
camiling_river_ds_zam22, ,0.44855087,0.285933305,0.369647792,0.522557521,0.60340624,0.119587459,0.067074695,0.088382367,0.151149741,0.177918417,0.435766472,0.265123065,0.356450914,0.505165872,0.610032916,0.726579896,0.399517733,0.541453989,0.876843059,0.978907598,0,0,0,0,0,0.002311258,0.000252511,0.001169762,0.004385839,0.008744658,0.709199566,0.709110067,0.709148564,0.709245741,0.709290228,0.456479942,0.344734908,0.3963073,0.5174704,0.570458044,0.421049215,0.25272598,0.350471789,0.481542993,0.583861765,0.130043746,0.021359923,0.07442091,0.182104912,0.227921412,0,0,0,0,0,1.796678647,1.225050184,1.440676923,2.364813583,2.93885714,0.000306584,0.000111945,0.000190351,0.000422158,0.000506057,0.703870918,0.702929022,0.703331767,0.704487734,0.705001945,0.938931992,0.92789994,0.932991971,0.945057335,0.950127503,0.061068008,0.049872497,0.054942665,0.067008029,0.07210006,0,0,0,0,0,0,0,0,0,0,0.008837623,0.007292776,0.0079898,0.009717765,0.010553144,0.001243605,0.001040452,0.00113198,0.001382791,0.001504134,0.708713261,0.708086905,0.708348402,0.709135741,0.709444721,0.265964391,0.044470447,0.136866128,0.401211735,0.553092176,0.154576344,0.053807072,0.101750864,0.214835702,0.27085428,0.572337109,0.291945201,0.440633079,0.700563316,0.83911364,0,0,0,0,0,3.546155076,2.037232709,2.59002083,5.138372337,7.83585676,0.001685465,0.000925052,0.001265834,0.002064119,0.002367675,0.703699395,0.702975093,0.703275816,0.704262743,0.704758785,0.137795138,0.013281522,0.068839784,0.193312466,0.243916706,0.857330637,0.754057526,0.802431846,0.927093532,0.984041585,0.004688998,0.000421932,0.002265987,0.006712759,0.008332365,0,0,0,0,0,0.687436174,0.372069512,0.514496561,0.932207386,1.132783075,0.002304065,0.00058032,0.001403527,0.003926377,0.005599924,0.703564227,0.702333822,0.70286914,0.704436194,0.70586066,0.616973508,0.374979363,0.520101986,0.727313646,0.863070708,0.2563214,0.041419824,0.161055183,0.375445477,0.530009706,0.097882916,0.019042762,0.050238383,0.163896017,0.234845398,0,0,0,0,0,2.614088346,1.741422188,2.22924995,2.869019195,3.048710338,0.002380884,0.001234475,0.001969453,0.002658861,0.00291327,0.705464118,0.704044081,0.705029841,0.705759204,0.705979996
malabobo_river_zam22,NaN,0.443744669,0.272769075,0.34875589,0.530020416,0.608229595,0.122393307,0.06691191,0.09236607,0.1504251,0.178530594,0.434144777,0.266309754,0.336263543,0.533172896,0.619196253,0.739720623,0.396204982,0.551798694,0.870313022,0.980158756,0,0,0,0,0,0.005194536,0.000489675,0.002250932,0.009704056,0.018500073,0.709207092,0.709114774,0.709158834,0.709250584,0.709288889,0.449211019,0.349575426,0.394113442,0.516785899,0.572981989,0.414625589,0.237624601,0.341257429,0.491293503,0.574292726,0.13212581,0.025447653,0.078831234,0.187347605,0.225173113,0,0,0,0,0,1.796499768,1.227069198,1.424514692,2.309780302,2.986356222,0.000298671,0.000112805,0.000192527,0.000413518,0.000511841,0.703981395,0.702964651,0.703371717,0.704562808,0.705017707,0.940103074,0.92789073,0.933697771,0.946090822,0.950166892,0.059896926,0.049833108,0.053909178,0.066302229,0.07210927,0,0,0,0,0,0,0,0,0,0,0.008850697,0.007347399,0.007974489,0.009744687,0.010539124,0.001257741,0.001050299,0.001130216,0.001387002,0.001502261,0.708746695,0.708106179,0.708381771,0.709115489,0.70945299,0.230454448,0.045282053,0.115835273,0.37434611,0.539964958,0.154754719,0.053418761,0.097231407,0.219145687,0.269775109,0.615482366,0.279597047,0.452034285,0.722155937,0.836608413,0,0,0,0,0,3.603746823,2.054144161,2.608777116,5.162686989,7.998676937,0.001612218,0.000942327,0.001261992,0.002071911,0.002363874,0.703761064,0.702986732,0.70326575,0.704288429,0.704747332,0.12165727,0.013143243,0.058642551,0.18140254,0.247052399,0.875618319,0.748383559,0.814419662,0.935754941,0.982179474,0.004174547,0.000618901,0.002107481,0.006307709,0.008278695,0,0,0,0,0,0.7261665,0.367107266,0.504230905,0.952197092,1.170573982,0.002971176,0.001005376,0.002152207,0.004404734,0.005771747,0.703384201,0.702309581,0.702691359,0.704265935,0.705605124,0.577999869,0.376526902,0.480520291,0.700142304,0.864413961,0.311634511,0.056063804,0.180197572,0.414438881,0.531406811,0.089873428,0.015549177,0.04796802,0.151677107,0.231547013,0,0,0,0,0,2.638619085,1.656412897,2.276284116,2.88136526,3.056201136,0.002323711,0.000878061,0.001778685,0.00273191,0.002943971,0.705453833,0.704096332,0.705077452,0.705711859,0.705894142
bayaoas_river_zam22,NaN,0.431804919,0.270473481,0.342393943,0.532931446,0.599424382,0.122907523,0.066731418,0.089973252,0.153010273,0.178222783,0.447116334,0.262343472,0.3545444,0.527693414,0.617276666,0.712078934,0.388687274,0.528733684,0.865545074,0.97900963,0,0,0,0,0,0.003003188,0.000229124,0.001271174,0.005737179,0.012648613,0.709200937,0.709107213,0.709149221,0.709250635,0.709287933,0.467677488,0.340828133,0.397671501,0.522442239,0.568854522,0.406899697,0.253170204,0.338806624,0.475110294,0.568363641,0.133945295,0.022222109,0.079524384,0.18320636,0.228130214,0,0,0,0,0,1.845886202,1.243835221,1.476075475,2.40100421,3.046657637,0.000302668,0.000109413,0.000203291,0.000404529,0.000511079,0.703992017,0.702957174,0.703447679,0.704499629,0.704954612,0.938730147,0.928312761,0.933665135,0.944934961,0.949698948,0.061269853,0.050301052,0.055065039,0.066334865,0.071687239,0,0,0,0,0,0,0,0,0,0,0.008771107,0.007283033,0.007888157,0.009761304,0.010590164,0.001242953,0.001044702,0.001117617,0.001380731,0.001517334,0.708697177,0.708085978,0.708358643,0.709096926,0.709436221,0.290244145,0.037141264,0.160658858,0.434116059,0.567821995,0.153598521,0.051337242,0.091612186,0.21522832,0.264129308,0.553848905,0.248060502,0.406071279,0.698397653,0.856032314,0,0,0,0,0,3.744191593,2.09637241,2.696680411,5.600307844,8.181813048,0.001634301,0.000921691,0.001278765,0.002060779,0.002358585,0.703749365,0.703012255,0.703315379,0.704327849,0.704791048,0.128606627,0.018092023,0.062529037,0.193821114,0.24547687,0.867592645,0.751640815,0.801445185,0.933730697,0.979183616,0.004199611,0.000542419,0.002065252,0.006654723,0.008454309,0,0,0,0,0,0.73261289,0.381565861,0.521236993,0.920463562,1.156759108,0.002193436,0.000486322,0.001388862,0.003327453,0.005453375,0.703554177,0.70237906,0.702796433,0.70454399,0.706594143,0.57580997,0.367632501,0.451282482,0.704444804,0.844577619,0.301600614,0.044429077,0.168667746,0.437773619,0.555334752,0.098819808,0.019774023,0.05764039,0.15861477,0.244258475,0,0,0,0,0,2.561346016,1.596402972,2.22485807,2.838244698,3.046071702,0.002536667,0.001445888,0.002155533,0.002794263,0.002959827,0.705607971,0.704463568,0.705115916,0.70590831,0.706076514
dumoloc_river_zam22,NaN,0.445809391,0.274892524,0.358073008,0.536849943,0.609118608,0.121890625,0.068807703,0.090791628,0.152787406,0.179629986,0.431991934,0.261563038,0.334844467,0.528018796,0.604821537,0.727755161,0.387415361,0.56437665,0.883385735,0.975114484,0,0,0,0,0,0.004060568,0.000380204,0.001675203,0.007560845,0.016675077,0.709192824,0.709108999,0.709150907,0.709247925,0.709290489,0.464329732,0.348506624,0.404800422,0.516988641,0.571513116,0.400449514,0.248892384,0.3330097,0.460191656,0.559117615,0.146458004,0.026201189,0.087268822,0.196622949,0.229204296,0,0,0,0,0,1.885802565,1.239961995,1.523219735,2.399886659,3.027584333,0.000305643,0.000116238,0.000198734,0.000420286,0.000510812,0.703851838,0.702954046,0.703365178,0.704408348,0.70498007,0.939119775,0.927786214,0.932058581,0.945174674,0.949822483,0.060880225,0.050177517,0.054825326,0.067941419,0.072213786,0,0,0,0,0,0,0,0,0,0,0.008844219,0.007298435,0.007994566,0.009731356,0.010483989,0.001252177,0.001046217,0.001129081,0.001375788,0.001494221,0.708694883,0.708093107,0.708324496,0.709050633,0.709422567,0.271237875,0.052851576,0.146080687,0.397865004,0.520743932,0.142773371,0.049710723,0.086590086,0.210464506,0.268426022,0.57498654,0.311328559,0.460028,0.694578389,0.832103747,0,0,0,0,0,3.234043467,2.018027681,2.467344867,4.474503532,6.960541352,0.001630202,0.0009775,0.00130328,0.002078157,0.002386389,0.703767171,0.702962522,0.703318708,0.704318837,0.704795731,0.13784707,0.02163296,0.077654873,0.195168492,0.248480789,0.857099723,0.749200862,0.799217284,0.917460364,0.97574497,0.004300213,0.00035982,0.002335343,0.00640625,0.008221876,0,0,0,0,0,0.769764533,0.389237363,0.544876047,0.980010636,1.179429915,0.00230526,0.000364925,0.00128935,0.003995483,0.005572172,0.703920573,0.702412496,0.703087997,0.705146009,0.707663503,0.633356218,0.376421211,0.516992132,0.754862505,0.875786024,0.252383623,0.03290137,0.141746636,0.360735303,0.51964987,0.094611988,0.016094,0.047176948,0.159711086,0.235274675,0,0,0,0,0,2.619157817,1.682190517,2.296434126,2.897377187,3.04404337,0.002456649,0.001445609,0.002022196,0.002752358,0.002953198,0.705944837,0.704649581,0.705527713,0.706216365,0.706385434
mapita_river_zam22,NaN,0.454117863,0.277388903,0.352382678,0.543679769,0.604418722,0.126201554,0.06997067,0.097317085,0.157820059,0.178814491,0.416992926,0.256844566,0.330579329,0.518943454,0.609965088,0.721630858,0.391192114,0.54343465,0.851402337,0.967606913,0,0,0,0,0,0.00578529,0.000491392,0.002684934,0.010830957,0.018956448,0.709205326,0.709110667,0.709155957,0.709253796,0.709289411,0.470261149,0.34915028,0.400140235,0.532387561,0.575663545,0.401543561,0.242166753,0.33495744,0.468517598,0.580197455,0.137372331,0.025396362,0.075315789,0.188689285,0.226495922,0,0,0,0,0,1.78639796,1.223081447,1.435819566,2.323760247,2.936256146,0.000285174,0.000113133,0.000180895,0.000408771,0.000509286,0.704001596,0.702952928,0.703444588,0.704532516,0.7050031,0.93984187,0.928018987,0.933415411,0.945593411,0.950145793,0.06015813,0.049854207,0.054406589,0.066584589,0.071981013,0,0,0,0,0,0,0,0,0,0,0.008792147,0.00731357,0.0079696,0.009794314,0.010505234,0.001249678,0.001047246,0.001121146,0.001396321,0.001514615,0.70865579,0.708084289,0.708343105,0.70909633,0.709421657,0.281208764,0.046202007,0.147856868,0.396065361,0.566778818,0.14907039,0.050947924,0.095760521,0.2162738,0.265062785,0.573570489,0.292868705,0.444567376,0.680283079,0.821890898,0,0,0,0,0,3.503620369,2.05501114,2.701887,4.975113654,7.814443837,0.00170239,0.000926456,0.001268552,0.002083646,0.00234866,0.703713903,0.702988191,0.703300758,0.704198206,0.704760756,0.129808416,0.015722029,0.066238936,0.197653152,0.248387714,0.867876534,0.746453532,0.798895741,0.930109871,0.98020333,0.004106658,0.000468175,0.002326075,0.006396311,0.008183767,0,0,0,0,0,0.754480062,0.385298523,0.535654096,0.984728951,1.180360656,0.002290193,0.000386905,0.001330247,0.003603054,0.005486788,0.703989191,0.702375792,0.703038879,0.704973779,0.707314698,0.580338903,0.380268719,0.471446925,0.714363034,0.864265877,0.298031916,0.02882357,0.180062835,0.412906805,0.541816384,0.097164881,0.017718783,0.051492932,0.168186031,0.243567523,0,0,0,0,0,2.588004495,1.550179722,2.202892293,2.833402603,3.02596472,0.002437486,0.001492699,0.002103234,0.002731835,0.002942394,0.705735186,0.704554444,0.705402846,0.705992348,0.706191922
pmb1_zam22,NaN,0.443576208,0.280855412,0.347408191,0.531550484,0.601164132,0.11778177,0.070138532,0.092607303,0.149493958,0.177342642,0.433167283,0.265465307,0.343235927,0.527984166,0.611786752,0.705888919,0.390768794,0.520811097,0.852085869,0.979037554,0,0,0,0,0,0.010329708,0.00155411,0.006618638,0.016161076,0.021973225,0.709201653,0.709112924,0.709153288,0.709249618,0.709292271,0.445080664,0.340275134,0.38910628,0.513710217,0.567839935,0.42308418,0.272012673,0.358658175,0.49292339,0.586519605,0.127174189,0.016765214,0.069337638,0.177548979,0.222752805,0,0,0,0,0,2.048289988,1.270702831,1.612643133,2.564986742,3.07123216,0.000281972,0.000113077,0.000188145,0.000406171,0.000502318,0.704019395,0.7029638,0.703465033,0.704598789,0.704977144,0.938959621,0.927983742,0.932585336,0.945081259,0.949792412,0.061040379,0.050207588,0.054918741,0.067414664,0.072016258,0,0,0,0,0,0,0,0,0,0,0.008953258,0.007390433,0.008175207,0.00989964,0.010520129,0.001295143,0.001057156,0.001160209,0.001416238,0.001512763,0.708848249,0.708131489,0.708451102,0.70920988,0.709473883,0.269455468,0.041757957,0.135653203,0.414186066,0.551769186,0.162647157,0.05584662,0.108026027,0.211496584,0.265224689,0.57897824,0.275630623,0.417566626,0.695585732,0.820175821,0,0,0,0,0,4.485490497,2.140303097,3.049002323,6.395418542,8.375653507,0.001702641,0.000906763,0.00121144,0.002110426,0.00235518,0.704015056,0.703045704,0.703458681,0.704460372,0.704863003,0.126025423,0.017705392,0.072970566,0.187191804,0.242370062,0.868781981,0.751908235,0.809752153,0.922916613,0.977876092,0.004634889,0.000682682,0.002661106,0.006655653,0.008382101,0,0,0,0,0,0.738608293,0.375344922,0.537657165,0.959620657,1.175546371,0.001243895,9.23E-05,0.000564266,0.00227098,0.004799149,0.707185924,0.702926391,0.705570313,0.708638278,0.709630693,0.659898815,0.393918696,0.535697832,0.788149995,0.907830627,0.220297647,0.020944133,0.101239216,0.362480848,0.520975192,0.100242046,0.014108756,0.053099874,0.146564558,0.229513811,0,0,0,0,0,2.414188242,1.459217296,2.009397845,2.781586869,3.060575563,0.002110867,0.000493185,0.001389102,0.002603017,0.002897635,0.707843144,0.706789208,0.707290164,0.708412301,0.708821903
pmb2_zam22,NaN,0.431669645,0.28004474,0.337095091,0.532546315,0.606606172,0.120131796,0.068915644,0.092768935,0.155126708,0.178396728,0.443847837,0.271174551,0.341704244,0.533207361,0.618946022,0.646333098,0.353786262,0.469177345,0.83559731,0.957027367,0,0,0,0,0,0.012263781,0.001108399,0.006115357,0.018442269,0.022125286,0.709192501,0.709108553,0.709142841,0.709249671,0.709287199,0.439434091,0.344980137,0.382619135,0.50721937,0.563429082,0.440115237,0.261516106,0.368686059,0.510535896,0.601625598,0.116747691,0.014233932,0.057987896,0.177439352,0.226540198,0,0,0,0,0,2.012442009,1.242343182,1.531182587,2.503977073,3.10331634,0.00029849,0.000106684,0.000185147,0.000416248,0.000508136,0.704051076,0.70295851,0.703416817,0.704534009,0.704982107,0.93826231,0.928148216,0.932760651,0.943900359,0.949268983,0.06173769,0.050731017,0.056099641,0.067239349,0.071851784,0,0,0,0,0,0,0,0,0,0,0.00903362,0.007314484,0.008001425,0.009869708,0.010573136,0.001277357,0.001053099,0.001154641,0.001401882,0.001509462,0.70879021,0.708112029,0.708408727,0.70915119,0.709466348,0.265072747,0.04347734,0.126622509,0.418188928,0.553749266,0.157641216,0.053187333,0.10170757,0.215443337,0.269895772,0.570118278,0.273218961,0.4405999,0.692605214,0.833197582,0,0,0,0,0,4.80749626,2.111214567,3.222201708,6.6646162,8.450166004,0.00156699,0.000923349,0.001240689,0.002046087,0.002381575,0.703954833,0.703028168,0.703410968,0.704444853,0.704848358,0.121244899,0.012399115,0.062216255,0.186117545,0.241388193,0.874981863,0.753026331,0.809306706,0.933600821,0.9826494,0.004129466,0.000395679,0.002351905,0.006275789,0.008220391,0,0,0,0,0,0.714296031,0.383114008,0.515740141,0.93742625,1.171946242,0.002176672,0.000557878,0.001480514,0.003269793,0.005273765,0.707214808,0.704104513,0.706165966,0.708570103,0.709493212,0.667702201,0.397012362,0.55200394,0.791079452,0.905952346,0.2189168,0.020439906,0.104555938,0.33424103,0.509410887,0.095311734,0.012711264,0.043355221,0.152028359,0.234395406,0,0,0,0,0,2.34304637,1.411114285,1.894526548,2.781740647,3.028049774,0.001678387,0.00023142,0.00090566,0.002409901,0.002904434,0.707748095,0.706824785,0.707213294,0.708331486,0.708894662
pmb4_zam22,NaN,0.435837845,0.280916518,0.352396994,0.532869411,0.598827756,0.121801022,0.069675227,0.093405562,0.155764026,0.180853424,0.439380702,0.26266453,0.338325475,0.523877816,0.598482714,0.660994036,0.385880758,0.504739478,0.819679074,0.966657786,0,0,0,0,0,0.011198469,0.001127333,0.005822483,0.015988833,0.021071104,0.709203293,0.709107251,0.709147318,0.709252007,0.709294141,0.443719892,0.340597769,0.383513818,0.507786992,0.562093975,0.436481743,0.270487015,0.364191054,0.507159977,0.599278914,0.108611199,0.017807001,0.056460177,0.168365161,0.221692889,0,0,0,0,0,2.030862068,1.245721856,1.576882037,2.520430112,3.074893596,0.000308261,0.000116198,0.000197129,0.000409011,0.000510975,0.703996859,0.702933883,0.703411767,0.704513254,0.704951412,0.93873943,0.927992698,0.932940511,0.944729328,0.949867465,0.06126057,0.050132535,0.055270672,0.067059489,0.072007302,0,0,0,0,0,0,0,0,0,0,0.008995074,0.007326422,0.008156432,0.009800665,0.010592511,0.001282406,0.001049063,0.001151297,0.00142602,0.001525687,0.70876958,0.708101595,0.708399049,0.709205474,0.709440468,0.264969786,0.045857826,0.148601407,0.419408337,0.556030574,0.153316003,0.054742181,0.099262807,0.215516591,0.268838843,0.569896853,0.25608976,0.420122993,0.695889073,0.82399053,0,0,0,0,0,4.647790977,2.164460982,3.157045517,6.702913067,8.54141071,0.001596196,0.000895577,0.001218235,0.001959813,0.002346109,0.703919367,0.702987528,0.70339168,0.704405997,0.704816751,0.119227055,0.01560973,0.056775328,0.187735107,0.245785631,0.875366751,0.750001933,0.806575847,0.937825378,0.978917285,0.004666286,0.00071099,0.002647714,0.006830644,0.008358961,0,0,0,0,0,0.751841859,0.37695532,0.525385954,1.005426168,1.180933071,0.001252506,0.000101068,0.000632468,0.002501772,0.005225942,0.707245371,0.703312466,0.705691513,0.708786146,0.709650899,0.699053576,0.392126762,0.541855649,0.796600352,0.903232319,0.180510616,0.012728568,0.075581441,0.339231677,0.518964672,0.10344341,0.015837907,0.048710002,0.164633593,0.22948773,0,0,0,0,0,2.351327608,1.449434182,1.97252002,2.719955435,3.036484525,0.002167974,0.00053763,0.001515833,0.002607836,0.002928574,0.707923548,0.70693074,0.707389022,0.708377475,0.708932854
pmb3_zam22,NaN,0.434618879,0.273589254,0.333213906,0.521335393,0.598187444,0.122188695,0.068306141,0.091856964,0.15482995,0.178899364,0.438775799,0.274632737,0.35784326,0.541423765,0.619373934,0.712522655,0.374880686,0.568668579,0.854543103,0.977556276,0,0,0,0,0,0.009923983,0.000978699,0.005120734,0.016206486,0.021877277,0.709201365,0.709111127,0.709149774,0.709250229,0.709289651,0.451373641,0.348151237,0.388746904,0.514002471,0.565894914,0.443790515,0.263226189,0.369079064,0.514807709,0.595140348,0.097721045,0.014508201,0.047290277,0.164710982,0.218613268,0,0,0,0,0,2.13878246,1.293412279,1.655306702,2.639332808,3.074691139,0.000286968,0.000107579,0.000173013,0.000385712,0.000502362,0.70400267,0.702953995,0.703405457,0.704505992,0.704958416,0.93876986,0.928200575,0.932222027,0.944329568,0.949734683,0.06123014,0.050265317,0.055670432,0.067777973,0.071799425,0,0,0,0,0,0,0,0,0,0,0.00885387,0.007359048,0.007926609,0.009815916,0.010575308,0.00128461,0.001050132,0.00114025,0.001392481,0.001512979,0.708803386,0.708115004,0.708403596,0.709215935,0.709469097,0.265206198,0.044181496,0.133116014,0.408231466,0.530183901,0.161358257,0.054226024,0.096752742,0.22151158,0.267251648,0.56260589,0.278994105,0.444964792,0.703836939,0.836815313,0,0,0,0,0,4.751305292,2.147337938,2.997621232,6.673581697,8.584375658,0.001701454,0.00092047,0.001233594,0.00199631,0.002347311,0.703963029,0.703016875,0.703404614,0.70450974,0.704837738,0.127297523,0.011417834,0.059931586,0.182257205,0.241555669,0.866941727,0.754505829,0.813545392,0.935780125,0.984775313,0.003912302,0.0003656,0.002073014,0.006187181,0.008139996,0,0,0,0,0,0.751968961,0.387265135,0.512126923,0.981163109,1.191637302,0.00106182,0.000128452,0.00052422,0.002165166,0.004764728,0.70685132,0.702939256,0.705356714,0.708294726,0.70952831,0.692441983,0.40077127,0.552393844,0.813086291,0.904047457,0.172386444,0.013310694,0.083557813,0.323473104,0.503575174,0.100189581,0.017980548,0.05550191,0.162726814,0.239052904,0,0,0,0,0,2.370165558,1.414986571,1.885312625,2.767114458,3.026880218,0.002290328,0.000888182,0.001779778,0.0026498,0.002907405,0.707758065,0.706765343,0.707244776,0.708229782,0.708813403
sc7_zam22,NaN,0.420195395,0.274694373,0.329067031,0.49729532,0.600688198,0.128898296,0.070086415,0.096531641,0.156866312,0.178010183,0.456385864,0.267142119,0.367768796,0.538320343,0.609976145,0.686297721,0.375197193,0.510438524,0.845028961,0.969663573,0,0,0,0,0,0.002610856,0.000359834,0.001396152,0.004430274,0.007559014,0.70919884,0.709111814,0.709150358,0.709252795,0.709293776,0.427761851,0.340774723,0.376062043,0.498646821,0.569767012,0.44462357,0.261273468,0.377534742,0.505917392,0.592023529,0.117237294,0.017076147,0.062755044,0.184973162,0.222887265,0,0,0,0,0,2.177649739,1.298274134,1.744870885,2.657475966,3.105397338,0.000293616,0.000108889,0.000194384,0.000414618,0.000504506,0.70403209,0.703007332,0.703451876,0.704522274,0.704995983,0.938917485,0.927499902,0.93265045,0.944311477,0.949563226,0.061082515,0.050436774,0.055688523,0.06734955,0.072500098,0,0,0,0,0,0,0,0,0,0,0.008949134,0.007369959,0.008064658,0.009832938,0.010511349,0.001276607,0.001062009,0.001170068,0.001418542,0.001513159,0.708745791,0.708090163,0.708355507,0.709135828,0.709432274,0.265991482,0.059364192,0.156535697,0.411772182,0.563916355,0.15638951,0.059824518,0.100803086,0.215946712,0.268460809,0.574422868,0.260725184,0.433633153,0.684846067,0.807706742,0,0,0,0,0,5.014078469,2.289883595,3.494656083,6.906988996,8.665582561,0.001604789,0.000937249,0.001184787,0.001967784,0.002342351,0.703809479,0.703001979,0.703387345,0.704351019,0.704777707,0.099125359,0.012647767,0.050140518,0.166940044,0.235779881,0.896437886,0.76162782,0.826793261,0.944798777,0.982156906,0.004176512,0.000556796,0.002006831,0.006413748,0.008428029,0,0,0,0,0,0.790017311,0.367243818,0.551527519,1.011911905,1.183745612,0.000893868,7.31E-05,0.000458435,0.001693305,0.003552885,0.706128912,0.702759922,0.704614271,0.708056416,0.709485199,0.72927359,0.446671805,0.608497764,0.808738985,0.910077723,0.161777763,0.014526416,0.083530696,0.288504326,0.471077236,0.097015264,0.017412843,0.048112666,0.153634186,0.221565651,0,0,0,0,0,2.325919199,1.446284556,1.86778561,2.70743927,3.007495282,0.002483556,0.00141534,0.002083164,0.002763725,0.002966797,0.707415833,0.705518262,0.706623307,0.70809471,0.708690948
lawis_river_zam22,NaN,0.434982838,0.27987043,0.35468795,0.527909268,0.602710162,0.124879115,0.073048226,0.089933814,0.155396555,0.179252624,0.440439406,0.262377128,0.352415452,0.527374118,0.607176127,0.723307839,0.372305291,0.545863758,0.872096401,0.972139686,0,0,0,0,0,0.005409065,0.000466657,0.002252862,0.009943062,0.017048565,0.709193323,0.709111284,0.709151645,0.709249611,0.709290844,0.447893124,0.343382757,0.391406332,0.50567566,0.572204814,0.433278625,0.271526558,0.369666875,0.500525349,0.589516096,0.113275626,0.016573074,0.060373479,0.174394485,0.2266508,0,0,0,0,0,1.972746377,1.273309302,1.545232231,2.517679504,3.017936956,0.00031072,0.000107343,0.000201482,0.000413742,0.000515205,0.703898214,0.702939763,0.70337821,0.704485979,0.704981127,0.938157637,0.928071737,0.932422856,0.945554453,0.950235515,0.061842363,0.049764485,0.054445547,0.067577144,0.071928263,0,0,0,0,0,0,0,0,0,0,0.008930598,0.007287089,0.007986266,0.009832563,0.01051441,0.00125784,0.001047797,0.001140471,0.001396425,0.001509018,0.708766188,0.708114391,0.708399448,0.709131392,0.709455297,0.258511735,0.045522911,0.132867382,0.385452659,0.55249964,0.151161746,0.051452257,0.093968593,0.213741301,0.2665164,0.594463788,0.271607842,0.438843733,0.702278955,0.829743238,0,0,0,0,0,4.085355805,2.110952149,2.945726095,5.89015435,8.237169798,0.001586364,0.000890651,0.001226743,0.001972244,0.002331866,0.703875371,0.703038973,0.703404658,0.704397798,0.704794546,0.122004537,0.011261215,0.06128785,0.186953202,0.244454312,0.872924212,0.752818144,0.806124681,0.934188027,0.983205638,0.004789202,0.000425409,0.002366758,0.00681319,0.008345411,0,0,0,0,0,0.742080986,0.371731181,0.537100137,0.946528302,1.16658911,0.001235207,0.000180486,0.000640481,0.001863599,0.004078134,0.704459974,0.702380596,0.703304562,0.705805385,0.707652992,0.644995634,0.393850972,0.515558254,0.771921601,0.885049233,0.238508995,0.016807983,0.107113167,0.367800388,0.515998546,0.106567507,0.01955673,0.058949758,0.166190996,0.230237376,0,0,0,0,0,2.478518586,1.568094509,2.138472973,2.775956609,3.032266934,0.00245075,0.00142303,0.002018045,0.00277239,0.002946957,0.70625064,0.704490611,0.705628004,0.706663908,0.706934611
masinloc_river_zam22,NaN,0.430685419,0.278385245,0.346021182,0.521554221,0.592945492,0.120030331,0.068748281,0.090365133,0.150246319,0.177730366,0.446553321,0.272422629,0.35770374,0.527665851,0.618477517,0.692208472,0.374186936,0.513435585,0.839768967,0.96802483,0,0,0,0,0,0.007057342,0.000768425,0.003656579,0.011818048,0.018562001,0.709209832,0.709109396,0.709154277,0.709258601,0.709292663,0.441678363,0.343186906,0.387390241,0.503610141,0.568513165,0.408068793,0.253252398,0.34017641,0.473572137,0.562534498,0.154975546,0.02743679,0.091078436,0.207990524,0.230348727,0,0,0,0,0,1.94065948,1.292368201,1.560863777,2.487803726,3.016259557,0.000279135,0.000108362,0.000180116,0.000385368,0.000496754,0.703944654,0.702975372,0.703470658,0.704523228,0.704991763,0.939828026,0.928620336,0.933184358,0.94562888,0.95010311,0.060171974,0.04989689,0.05437112,0.066815642,0.071379664,0,0,0,0,0,0,0,0,0,0,0.008975177,0.00726557,0.007992673,0.009786421,0.010405349,0.001282226,0.00104609,0.001147886,0.001404097,0.00151428,0.708824814,0.708139309,0.708478994,0.709175325,0.709451416,0.178529429,0.037777914,0.087567071,0.288216259,0.482913811,0.13383888,0.046016567,0.081872642,0.196975309,0.262405062,0.666915377,0.368353162,0.557457118,0.758219906,0.887811377,0,0,0,0,0,3.649004419,2.028148966,2.628467301,4.977196994,7.389061733,0.001510143,0.000906133,0.001169399,0.001969414,0.002311257,0.703985339,0.703005619,0.70341567,0.704437791,0.704851872,0.10185045,0.011420758,0.050650815,0.182645873,0.241250555,0.893317783,0.754302125,0.813395117,0.94604808,0.982407213,0.004716729,0.000387156,0.002363421,0.006684986,0.008272309,0,0,0,0,0,0.725242551,0.385372432,0.517907386,0.946366582,1.174812454,0.001714374,0.000148418,0.000704119,0.003042604,0.005269056,0.7065879,0.702671056,0.704496858,0.708026257,0.709520704,0.733622829,0.445881637,0.602519951,0.836846124,0.927290135,0.174836904,0.020471686,0.078944006,0.295935712,0.495201777,0.066640011,0.014800953,0.03379511,0.117572786,0.218623102,0,0,0,0,0,2.594146781,1.651870792,2.243728453,2.872389898,3.060805322,0.002354609,0.001142075,0.001917213,0.0027009,0.002929697,0.707301927,0.7061692,0.70675786,0.707748748,0.708360147
salasa_river_zam22,NaN,0.357662738,0.272579228,0.30876974,0.42944567,0.540407198,0.123298419,0.067475806,0.092908048,0.154666209,0.179456603,0.506946465,0.34614429,0.452915204,0.566709683,0.618982354,0.874088367,0.728366612,0.803680921,0.93901739,0.986645313,0,0,0,0,0,0.001123597,0.000158477,0.000621226,0.001620538,0.002313563,0.709204778,0.709113194,0.709154994,0.709255217,0.709292913,0.457238892,0.341859526,0.393116401,0.519576375,0.57281932,0.424086504,0.268034646,0.342261353,0.488564845,0.588057745,0.122232902,0.017290888,0.069447765,0.183287528,0.225636467,0,0,0,0,0,2.152106413,1.294914427,1.679030891,2.737627753,3.120674942,0.000303246,0.000107042,0.000185354,0.0004129,0.00050276,0.703966232,0.702966586,0.703406115,0.704495231,0.704969967,0.938350183,0.92771962,0.932723609,0.944609473,0.950126476,0.061649817,0.049873524,0.055390527,0.067276391,0.07228038,0,0,0,0,0,0,0,0,0,0,0.008874521,0.007338268,0.007934691,0.009716177,0.01045752,0.001285835,0.001049208,0.001150471,0.001421831,0.001515296,0.708707889,0.708096521,0.708367898,0.709101545,0.709451993,0.235027069,0.046140133,0.138569473,0.396961747,0.565803898,0.167501749,0.052709856,0.101709389,0.224207145,0.267483506,0.577933169,0.267224879,0.432370825,0.708274968,0.838272622,0,0,0,0,0,5.610381991,2.321610121,3.799262965,7.214190249,8.612916431,0.001544452,0.000903331,0.001239082,0.001996192,0.002360152,0.703910392,0.703009446,0.70346377,0.70442602,0.704801898,0.11502922,0.016973176,0.063900075,0.178732521,0.237727321,0.881619829,0.758028275,0.81413758,0.930961501,0.978086068,0.0044328,0.000519242,0.002415329,0.00665323,0.008347931,0,0,0,0,0,0.765426256,0.377858068,0.53422037,0.997897893,1.183612184,0.002922059,0.000422772,0.001532987,0.004462959,0.005688852,0.706527204,0.702787795,0.704637408,0.708194451,0.709507982,0.752610499,0.505133892,0.63160687,0.82354817,0.918206869,0.146046435,0.011108714,0.069883735,0.245020978,0.402786809,0.098255475,0.019502874,0.051538616,0.157767137,0.234573763,0,0,0,0,0,2.164371266,1.374133656,1.689031175,2.601532146,2.938174429,0.002281006,0.000948288,0.001779633,0.002655544,0.002923954,0.707596879,0.706189043,0.706904842,0.70810995,0.708659763
bagsit_river_zam22,NaN,0.43634196,0.273851819,0.350724884,0.517881126,0.604276174,0.125261587,0.068889724,0.093246,0.155825994,0.178745329,0.43658902,0.258317744,0.353116183,0.522613603,0.615940655,0.708501518,0.405289817,0.555704934,0.861617909,0.978573217,0,0,0,0,0,0.008598307,0.000784049,0.00392865,0.013581548,0.02016325,0.709197088,0.709111818,0.709146232,0.709246362,0.709289837,0.438538304,0.34165075,0.385132077,0.510287056,0.569474189,0.438401028,0.264458294,0.360977471,0.501240316,0.596841485,0.112837237,0.019068009,0.063542843,0.178346969,0.226122592,0,0,0,0,0,2.122965559,1.251400592,1.621382174,2.666308193,3.113574268,0.000285561,0.00010494,0.000176847,0.000394696,0.000492998,0.703975036,0.702927104,0.703366729,0.704596143,0.705010011,0.939776703,0.928112203,0.933537924,0.945843685,0.950162414,0.060223297,0.049837586,0.054156315,0.066462076,0.071887797,0,0,0,0,0,0,0,0,0,0,0.009008698,0.007313474,0.00812229,0.009798726,0.010474317,0.00127565,0.001054702,0.001156492,0.001403575,0.00151234,0.708779578,0.708115215,0.708443102,0.709160302,0.709442834,0.24793476,0.043599234,0.118858633,0.394795799,0.545012298,0.152378616,0.05213323,0.098709822,0.212098845,0.266713551,0.603655123,0.274207761,0.435408676,0.714015884,0.837374155,0,0,0,0,0,4.559891684,2.098726004,3.226324086,6.225144844,8.679700662,0.001652394,0.000887074,0.00118714,0.001991499,0.0023543,0.703987727,0.703048658,0.703467359,0.704505104,0.70483454,0.09229461,0.013239728,0.045122424,0.167055538,0.240517018,0.903820683,0.754294674,0.830075332,0.949870206,0.98243608,0.004669061,0.000454917,0.002419579,0.006704228,0.008457344,0,0,0,0,0,0.721285599,0.384277989,0.517250178,0.925928781,1.146643665,0.000961084,9.09E-05,0.000465679,0.001594938,0.003268816,0.70624339,0.702697302,0.704415297,0.70797319,0.709408219,0.689465609,0.41700197,0.558960763,0.807278403,0.916445047,0.206740954,0.020760749,0.096630083,0.341100136,0.499009011,0.086044984,0.015846818,0.045329752,0.137341994,0.221736793,0,0,0,0,0,2.47293711,1.43940917,1.998528379,2.799569747,3.035453258,0.002447602,0.001115924,0.00201328,0.002741014,0.002952061,0.707308397,0.705444607,0.706521201,0.707926327,0.708561664
bancal_river_zam22,NaN,0.356792742,0.26891644,0.309153252,0.419977054,0.516591222,0.115108448,0.067703528,0.088243593,0.14582826,0.175160371,0.527270005,0.358976003,0.452984398,0.569432978,0.629822303,0.876186167,0.7314432,0.804412895,0.938061328,0.983318057,0,0,0,0,0,0.001116952,0.000220591,0.000676979,0.001607787,0.002385556,0.709202899,0.709110743,0.709152186,0.709255135,0.709292765,0.442098193,0.34476689,0.38558716,0.501040822,0.568551841,0.43709549,0.262751592,0.366286916,0.493212609,0.582893073,0.119484823,0.017816496,0.075141388,0.177782034,0.223312714,0,0,0,0,0,2.295016209,1.31644627,1.726177015,2.790213056,3.142907869,0.000277002,0.000105982,0.00017693,0.000381401,0.000505689,0.703975855,0.702991596,0.703403726,0.704596314,0.704949256,0.93891191,0.927762119,0.932226045,0.944268087,0.950042332,0.06108809,0.049957668,0.055731913,0.067773955,0.072237881,0,0,0,0,0,0,0,0,0,0,0.009095085,0.00733109,0.008211564,0.009986789,0.010597585,0.001282429,0.001049978,0.001149331,0.001407981,0.001521416,0.708751539,0.708136575,0.70843281,0.709136022,0.709432308,0.260259387,0.036909143,0.133647283,0.425722549,0.56540576,0.163198587,0.051895889,0.103207226,0.229373609,0.274131154,0.557787966,0.226703208,0.421323816,0.70492689,0.832881867,0,0,0,0,0,5.443181727,2.298839794,3.904610196,7.392183609,8.747914557,0.001568814,0.000915966,0.001168691,0.001945492,0.00230324,0.703980651,0.703034417,0.703467518,0.704411232,0.704834923,0.117126479,0.012368223,0.054685615,0.18838119,0.241399492,0.878259948,0.755541833,0.806652211,0.941560803,0.984094332,0.004588134,0.000574574,0.002360901,0.006806057,0.008329762,0,0,0,0,0,0.81764212,0.398289313,0.584704173,1.020536295,1.177929154,0.002544998,0.000223405,0.001181333,0.004173334,0.005819087,0.707188907,0.702968455,0.705512992,0.708580239,0.709512258,0.753857672,0.508658225,0.6399244,0.837639209,0.927729877,0.137428132,0.010674299,0.064107748,0.228517079,0.380071182,0.087945971,0.013967156,0.043330795,0.158219312,0.232344267,0,0,0,0,0,2.139410183,1.341370264,1.733014544,2.574777554,2.961273144,0.002339292,0.001094111,0.001854026,0.002767051,0.002957962,0.707883216,0.707103708,0.707446909,0.708292817,0.708775933
bucao_river_zam22,NaN,0.431358946,0.279659468,0.336687273,0.507888444,0.598682142,0.115960929,0.069358442,0.08921796,0.151508412,0.175851432,0.448370244,0.27722759,0.361894023,0.531225173,0.619250592,0.648020348,0.355205956,0.486740656,0.830698806,0.960564666,0,0,0,0,0,0.001117023,0.000104642,0.000465102,0.001926874,0.004306738,0.709202288,0.709108832,0.709145598,0.709253473,0.709292326,0.458798926,0.34604592,0.401244588,0.518606009,0.569008977,0.410860877,0.248386814,0.339672695,0.471970064,0.573921834,0.142990913,0.018824211,0.077980914,0.191663383,0.232157666,0,0,0,0,0,1.91893613,1.253142946,1.523260876,2.481081912,3.042357037,0.000316616,0.000106839,0.000186326,0.000419446,0.000507108,0.703886523,0.702959462,0.703384713,0.704458388,0.704986578,0.939051361,0.9280821,0.93322263,0.945587483,0.950027092,0.060948639,0.049972908,0.054412517,0.06677737,0.0719179,0,0,0,0,0,0,0,0,0,0,0.008890804,0.007351778,0.007983541,0.00978559,0.010550387,0.001242876,0.001042495,0.001126549,0.001384699,0.001496239,0.70869143,0.708087397,0.708387154,0.709114566,0.709436995,0.25590289,0.045970761,0.132423871,0.385021574,0.535139791,0.14818362,0.049489591,0.08803404,0.204547702,0.257879895,0.596379199,0.317172859,0.466459505,0.700793177,0.829891259,0,0,0,0,0,2.914151488,1.987366396,2.26567362,4.077039359,6.986376537,0.001709369,0.000942048,0.001273837,0.002042431,0.002356723,0.703824046,0.702988809,0.703382517,0.70429672,0.704816954,0.133266609,0.016568238,0.065507489,0.196930527,0.249705218,0.862404894,0.747095366,0.800437767,0.928927492,0.978476205,0.004622972,0.000424514,0.002455528,0.006422725,0.008375001,0,0,0,0,0,0.765683988,0.377727087,0.528846035,0.991786009,1.185069992,0.003063646,0.000498812,0.001710417,0.004557285,0.005793259,0.704134768,0.702416657,0.703109356,0.705688119,0.708506178,0.642016664,0.394064257,0.514297205,0.742352393,0.867251428,0.263655118,0.044810451,0.144179267,0.391897485,0.526073245,0.076946751,0.012611052,0.039514185,0.146773762,0.225677365,0,0,0,0,0,2.600026961,1.656334567,2.248036824,2.850097188,3.050855812,0.002086037,0.000762491,0.001588939,0.002567756,0.002908784,0.705817617,0.704493179,0.705364223,0.706172836,0.706384415
maloma_river_zam22,NaN,0.429688101,0.275566904,0.34929225,0.520986271,0.598408606,0.11944169,0.068393407,0.089475606,0.151009305,0.174983824,0.44646407,0.276621205,0.355431569,0.532317238,0.614062765,0.710732651,0.380536951,0.563355765,0.863508497,0.974018552,0,0,0,0,0,0.003411336,0.000365056,0.001376552,0.005557013,0.010249932,0.709192717,0.709106401,0.709146948,0.709246782,0.709288952,0.448265062,0.341584786,0.391942063,0.513753117,0.568374313,0.409785687,0.256927013,0.340457281,0.486563334,0.573161598,0.140103754,0.022287139,0.077290125,0.192797188,0.229776055,0,0,0,0,0,1.889479658,1.261675366,1.501782108,2.347467428,3.047890865,0.000305556,0.000112953,0.000183991,0.000433576,0.000510843,0.703965506,0.702980356,0.703413474,0.704490333,0.704969056,0.938175019,0.92828979,0.932406588,0.944720095,0.950052563,0.061824981,0.049947437,0.055279905,0.067593412,0.07171021,0,0,0,0,0,0,0,0,0,0,0.008959084,0.007377014,0.008163459,0.009713589,0.010571244,0.0012669,0.00104383,0.001132094,0.001400178,0.001516317,0.708708809,0.708138985,0.708404079,0.709110143,0.709468172,0.246830681,0.042921289,0.137303315,0.366612479,0.528554452,0.149467638,0.050233642,0.094582904,0.214147931,0.267153507,0.596485764,0.308991805,0.48092212,0.704792112,0.838701931,0,0,0,0,0,3.655258635,2.069427224,2.679017181,4.969746469,8.348895741,0.001583036,0.000925309,0.001222179,0.001998552,0.002340436,0.703762379,0.702984885,0.703353645,0.704292169,0.704791322,0.131001072,0.021938297,0.072548356,0.191198302,0.246177488,0.865031193,0.751547987,0.803973791,0.923962017,0.975826904,0.004524511,0.000459309,0.002522908,0.006833036,0.008173532,0,0,0,0,0,0.785871068,0.376427141,0.554501304,1.002051398,1.180488919,0.001779854,0.000206546,0.000982634,0.003011383,0.005184042,0.70428022,0.702355275,0.703293089,0.705490906,0.707507104,0.673307706,0.407995662,0.54235684,0.811103896,0.923309263,0.214244173,0.016691832,0.095682127,0.36244995,0.507858225,0.082825989,0.014816068,0.037343028,0.142705852,0.237809515,0,0,0,0,0,2.587858996,1.709965836,2.200404356,2.885649623,3.050329483,0.002312046,0.001201146,0.001898391,0.002661709,0.002934691,0.705900968,0.704109907,0.705371989,0.706255661,0.706500364
bulsa_river_us_zam23,NaN,0.444500946,0.278829206,0.353238051,0.540905134,0.606755361,0.124485903,0.070113654,0.095180031,0.160222351,0.179636414,0.430984572,0.25466345,0.337888877,0.51784509,0.608403762,0.732550301,0.391157994,0.547524993,0.871296436,0.976080712,0,0,0,0,0,0.003700888,0.000422777,0.001558906,0.006804102,0.011333237,0.709198741,0.70910777,0.709148547,0.709244645,0.7092854,0.457652929,0.346914802,0.398106506,0.519460387,0.574785587,0.418339975,0.239395136,0.348933314,0.484219519,0.567167508,0.124971889,0.017074811,0.070910318,0.190832675,0.228209081,0,0,0,0,0,1.846598787,1.231068986,1.473815878,2.309141079,3.011331115,0.000306813,0.000103149,0.000189348,0.000418533,0.00051179,0.703938296,0.702969698,0.703359763,0.704544434,0.704966899,0.937492361,0.927877717,0.931868541,0.944091087,0.949708944,0.062507639,0.050291056,0.055908913,0.068131459,0.072122283,0,0,0,0,0,0,0,0,0,0,0.008875962,0.007360156,0.007979932,0.00963398,0.0104414,0.001273321,0.001050408,0.001157553,0.001403223,0.001496651,0.708744844,0.708094272,0.708396131,0.709145915,0.709435133,0.243279173,0.047565107,0.129790371,0.3804936,0.519263496,0.154547806,0.054141,0.092942144,0.220426974,0.26594138,0.589126487,0.306317747,0.468570601,0.706078788,0.856431148,0,0,0,0,0,3.298936521,2.029341063,2.52712988,4.472837752,7.217334341,0.001676862,0.00094714,0.001283558,0.002100454,0.002362191,0.703659567,0.702985794,0.703238826,0.704329166,0.704773018,0.132400645,0.018236212,0.064357834,0.195007376,0.235470006,0.86258767,0.759288159,0.800007898,0.930481337,0.977287,0.004412971,0.00049321,0.002350914,0.006901001,0.008362494,0,0,0,0,0,0.7236121,0.376583668,0.521720225,0.963640728,1.15661487,0.002397288,0.000301215,0.001312731,0.003965026,0.005600578,0.704146947,0.702391226,0.703142046,0.705330135,0.707822059,0.629523846,0.386715815,0.494829406,0.742366302,0.903660996,0.262467,0.018541913,0.145426144,0.378842965,0.553083947,0.093304129,0.014936444,0.0463883,0.149960119,0.234194814,0,0,0,0,0,2.612301945,1.713044172,2.228696411,2.870172146,3.047891191,0.002404611,0.001401413,0.002022373,0.002722321,0.002960406,0.705906611,0.704613163,0.705408754,0.70619392,0.706339901
camiling_river_ds_zam23,NaN,0.461965992,0.283623314,0.362262493,0.546395241,0.606959982,0.121963404,0.071188945,0.093814726,0.154170002,0.178635449,0.417286567,0.256315851,0.331106878,0.51565466,0.597338653,0.705773477,0.395288021,0.531983495,0.858976427,0.96544081,0,0,0,0,0,0.002152847,0.000210094,0.001077163,0.004084151,0.008955337,0.709193707,0.709106622,0.70914482,0.709245608,0.70928939,0.445271905,0.342411067,0.385794559,0.516030609,0.572152172,0.432376569,0.267652685,0.354971906,0.493925195,0.569447182,0.119482751,0.016644831,0.067467513,0.177541552,0.226396166,0,0,0,0,0,1.950305572,1.248474127,1.519921146,2.466441236,3.048051095,0.000323654,0.000123971,0.000210728,0.00041883,0.000512144,0.703950106,0.702972742,0.703430042,0.704461559,0.704960202,0.938849366,0.927684242,0.932350829,0.944673446,0.94993602,0.061150634,0.05006398,0.055326554,0.067649171,0.072315758,0,0,0,0,0,0,0,0,0,0,0.008848445,0.007365443,0.007943535,0.009839251,0.010556114,0.001222341,0.001047916,0.001121938,0.001378049,0.001512748,0.708711535,0.70809224,0.708362399,0.70908543,0.709411656,0.269011692,0.038834162,0.155179691,0.409669093,0.540354473,0.164487611,0.054533156,0.09929195,0.221162827,0.268388269,0.564940358,0.253913608,0.428673697,0.693640132,0.820506377,0,0,0,0,0,3.746852804,2.093053925,2.779593091,5.71982314,8.225051138,0.00166236,0.000922044,0.001236047,0.002024536,0.002362898,0.703790386,0.702978923,0.703344191,0.704368628,0.704768739,0.126536075,0.014188855,0.05599868,0.193985459,0.250808864,0.86885982,0.745606511,0.799779,0.937465076,0.981246044,0.004425354,0.000325757,0.002086092,0.006720002,0.008321817,0,0,0,0,0,0.72874273,0.385890518,0.541598912,0.972488723,1.187146894,0.002035166,0.000248521,0.0010813,0.003426369,0.00537241,0.70383316,0.702338123,0.702947308,0.704800896,0.707128106,0.649711112,0.376325034,0.504178317,0.761582151,0.880011131,0.22553951,0.015129009,0.10982957,0.385871265,0.540304829,0.103928914,0.018935911,0.049736126,0.17770587,0.235678446,0,0,0,0,0,2.507082187,1.592673461,2.091235205,2.788745434,3.03212309,0.002376719,0.001318773,0.002011129,0.002703298,0.002946419,0.70589099,0.704503297,0.705386851,0.706220877,0.706381565
malabobo_river_zam23,NaN,0.43634741,0.281519336,0.357988297,0.524996156,0.606916015,0.120773269,0.069943542,0.092368379,0.150036065,0.177847276,0.442630806,0.273714658,0.353349151,0.519777472,0.609007852,0.708113555,0.386591923,0.55437192,0.866968804,0.969422915,0,0,0,0,0,0.002046138,0.000249629,0.000918798,0.003861355,0.007895867,0.709202051,0.709110034,0.709147658,0.709253736,0.7092927,0.470724765,0.350411349,0.400076522,0.528876366,0.575259599,0.408220918,0.244039938,0.32972879,0.477228923,0.569889189,0.131426782,0.021292057,0.074122594,0.178966181,0.226907675,0,0,0,0,0,1.835636749,1.223796242,1.481956912,2.461382459,3.023662414,0.000306384,0.00011704,0.000208984,0.000415533,0.000506318,0.703844842,0.702929418,0.703336128,0.704432312,0.704921933,0.939005806,0.928032766,0.9326403,0.94519851,0.950290706,0.060994194,0.049709294,0.05480149,0.0673597,0.071967234,0,0,0,0,0,0,0,0,0,0,0.008839508,0.007313021,0.008003905,0.009772392,0.01052651,0.001243423,0.001050204,0.001134276,0.001359862,0.001478774,0.708679861,0.708092731,0.708297539,0.709107045,0.70940377,0.26634297,0.046589869,0.14313021,0.406230681,0.566303195,0.152415854,0.05479421,0.098874229,0.216194067,0.266666783,0.587313463,0.253438403,0.434899501,0.696408283,0.819971492,0,0,0,0,0,4.000282842,2.109274084,2.760933658,5.697687415,8.117869808,0.001612343,0.000893393,0.001191763,0.002056239,0.002372352,0.703776935,0.702995284,0.703309401,0.704332715,0.704793573,0.145484195,0.018519208,0.075280851,0.205402831,0.251682514,0.852421395,0.746029047,0.791862325,0.921211286,0.97605553,0.00403138,0.000594037,0.002072792,0.005921353,0.00819987,0,0,0,0,0,0.739231198,0.375108079,0.557397829,0.941487255,1.155918452,0.002491102,0.000490356,0.001641985,0.00364151,0.005389387,0.703416082,0.702333355,0.702800101,0.704312599,0.705882623,0.560960128,0.382190995,0.469857992,0.688821356,0.819703989,0.31195893,0.059038131,0.192703037,0.404004424,0.538191995,0.112742763,0.017656712,0.052724954,0.174832956,0.237902413,0,0,0,0,0,2.590394192,1.500262124,2.159702891,2.861986285,3.045449046,0.002505528,0.001352757,0.002143228,0.002772682,0.002963062,0.705322941,0.704301957,0.704987667,0.705611966,0.705789639
bayaoas_river_zam23,NaN,0.438973013,0.279336639,0.346446907,0.528601984,0.605569773,0.126236697,0.071023024,0.09259308,0.154186752,0.179289934,0.443870714,0.256061258,0.336304855,0.522518902,0.601375435,0.733832393,0.384281523,0.566991477,0.875139691,0.976167526,0,0,0,0,0,0.002050728,0.000164983,0.000722724,0.004177442,0.009730634,0.709192907,0.709108645,0.709146221,0.709241654,0.709291286,0.466568899,0.352352608,0.406821495,0.531870679,0.572432069,0.413955289,0.245768892,0.338629079,0.481450934,0.572329988,0.117469478,0.02096739,0.06538636,0.179747272,0.223640081,0,0,0,0,0,2.029730594,1.255410376,1.557362136,2.563341249,3.074433417,0.000309966,0.000117312,0.000195903,0.000431592,0.000502426,0.703861189,0.702929501,0.703317887,0.704444288,0.704974219,0.938801704,0.928058372,0.932661865,0.944835447,0.949854973,0.061198296,0.050145027,0.055164553,0.067338135,0.071941628,0,0,0,0,0,0,0,0,0,0,0.008896459,0.00733074,0.007957703,0.00967705,0.010442601,0.001244446,0.001054821,0.001137426,0.001382031,0.001508482,0.708674717,0.708102129,0.708326753,0.70908266,0.709419707,0.328680426,0.053328293,0.160483656,0.44903351,0.563207019,0.149408593,0.056487075,0.100482113,0.207345232,0.262872038,0.535944377,0.242977597,0.377860241,0.680150835,0.81976322,0,0,0,0,0,3.988712342,2.063912096,2.752822915,5.841354784,8.02384582,0.001697414,0.000897629,0.001229005,0.002081593,0.002360279,0.703788564,0.703007586,0.703320209,0.70435883,0.704800846,0.137383947,0.01919365,0.06910873,0.202296582,0.247932188,0.86015517,0.748384404,0.792709546,0.927508418,0.976841571,0.004761433,0.000456289,0.002398874,0.00671542,0.008322957,0,0,0,0,0,0.736865068,0.375860475,0.541463585,0.946101369,1.165139243,0.002279003,0.000408963,0.001307011,0.003785437,0.005733358,0.703571541,0.702338292,0.70279064,0.704421839,0.706395751,0.573912531,0.373152574,0.456820614,0.702337255,0.848349646,0.296033395,0.038678494,0.164876238,0.414699147,0.539750386,0.114335286,0.020256604,0.065773576,0.180383817,0.244596913,0,0,0,0,0,2.424974486,1.463159445,2.006420918,2.736410272,3.017842824,0.002512432,0.001472326,0.002158469,0.002758456,0.00295427,0.705626851,0.704526544,0.70517449,0.705869704,0.706062304
mapita_river_zam23,NaN,0.427822085,0.276644529,0.341839335,0.520015442,0.598427882,0.125455127,0.069679961,0.093588259,0.155893709,0.179188098,0.44062246,0.264191949,0.356734502,0.531310376,0.618830148,0.732327121,0.38616859,0.555971358,0.865110948,0.968208333,0,0,0,0,0,0.002775303,0.00025899,0.001298949,0.005386986,0.013069606,0.709189222,0.709105866,0.709142744,0.709243705,0.709290109,0.469029891,0.350864966,0.407218434,0.531612816,0.574310673,0.413854252,0.246496848,0.339919773,0.480316367,0.571072464,0.125256369,0.020238439,0.062867297,0.180368751,0.226501561,0,0,0,0,0,1.91979886,1.239214446,1.528172413,2.431440694,2.918696305,0.000306474,0.000110745,0.000199595,0.000431538,0.000511428,0.703849369,0.702959443,0.703326358,0.704442464,0.704948477,0.939804375,0.92797553,0.933075603,0.945489533,0.950270776,0.060195625,0.049729224,0.054510467,0.066924397,0.07202447,0,0,0,0,0,0,0,0,0,0,0.008849984,0.007266395,0.007893274,0.009712501,0.010495939,0.001234335,0.001047738,0.001120519,0.001377405,0.001507054,0.708595147,0.708104369,0.708321229,0.708936549,0.709382178,0.296224667,0.051918976,0.157108544,0.447892351,0.567638867,0.159798665,0.055967666,0.101637539,0.215864148,0.26628539,0.543459754,0.25519369,0.389945287,0.68516459,0.811149803,0,0,0,0,0,3.670627187,2.111681874,2.712648486,5.255625281,7.990380503,0.001630312,0.000916144,0.001259395,0.00203046,0.002333969,0.703799172,0.702977238,0.703306193,0.704323633,0.70485504,0.134895992,0.012451321,0.067060728,0.196635195,0.248340096,0.85993004,0.746145896,0.799910879,0.930219145,0.98382026,0.00464108,0.000573776,0.002377646,0.006791874,0.008294439,0,0,0,0,0,0.707095015,0.371134461,0.531890583,0.960206839,1.176582921,0.00241748,0.000408027,0.001404342,0.003970165,0.005547605,0.703613077,0.702333771,0.702881083,0.70472987,0.706658447,0.5782053,0.3691483,0.463545773,0.717720846,0.871197696,0.30358805,0.030248548,0.155959911,0.422662292,0.550429075,0.100766338,0.018309375,0.050101189,0.174472741,0.244000046,0,0,0,0,0,2.491224381,1.603480126,2.094557463,2.815437297,3.030266452,0.002460133,0.001354701,0.00205296,0.002760421,0.002953141,0.705737568,0.704670184,0.705355057,0.706000676,0.706145836
dumoloc_river_zam23,NaN,0.447700166,0.28238036,0.344686502,0.526914892,0.601355966,0.123354526,0.068291021,0.092763844,0.154353921,0.175893313,0.43313576,0.26187999,0.351548146,0.52564355,0.616446184,0.714858049,0.378926381,0.554132692,0.875549023,0.983257875,0,0,0,0,0,0.001993132,0.000152458,0.000889523,0.003943922,0.008649038,0.709195535,0.709108687,0.709152793,0.709250494,0.709289233,0.453602206,0.347162946,0.392513136,0.52091227,0.572251059,0.419604837,0.264597189,0.35169863,0.488214544,0.578081815,0.122560003,0.020205016,0.067238696,0.175902648,0.221094105,0,0,0,0,0,1.923889696,1.253600998,1.545640531,2.450154829,3.022260908,0.000303771,0.000101375,0.000187886,0.000398323,0.000507806,0.703957337,0.702942581,0.703400713,0.70446361,0.70496578,0.938705346,0.927717058,0.933301692,0.945593648,0.950335711,0.061294654,0.049664289,0.054406352,0.066698308,0.072282942,0,0,0,0,0,0,0,0,0,0,0.009080446,0.007317108,0.008125499,0.00995658,0.010543286,0.001249368,0.001047708,0.00112587,0.001385543,0.001495599,0.708634154,0.708100669,0.708319176,0.708979205,0.709431623,0.250863673,0.044382657,0.142831104,0.401944485,0.543260446,0.157245143,0.049129088,0.094852344,0.209237665,0.262006701,0.587950839,0.287647494,0.440253927,0.70427684,0.829561365,0,0,0,0,0,3.919230702,2.048234338,2.725666863,5.756470291,8.33842765,0.001680682,0.000907616,0.001235787,0.002053704,0.002384155,0.703797962,0.703006874,0.703286861,0.704304461,0.704777428,0.126862955,0.015103731,0.068773732,0.187771741,0.242678076,0.870324435,0.754076459,0.807728489,0.925884534,0.981219322,0.004744568,0.000331552,0.001992308,0.006764581,0.008272388,0,0,0,0,0,0.752893613,0.387090428,0.552827532,0.979107489,1.17719572,0.002237231,0.000417204,0.001145315,0.003641548,0.005499503,0.703814594,0.702386646,0.702920276,0.705053806,0.70702939,0.595831279,0.373244064,0.464518624,0.723460486,0.85911929,0.274616356,0.030333595,0.146746394,0.401922582,0.5453707,0.107752959,0.019309393,0.056410555,0.180741232,0.24101296,0,0,0,0,0,2.514268747,1.478731907,2.064223343,2.808655324,3.026832167,0.002472299,0.001427804,0.002070737,0.002754296,0.002961476,0.705875095,0.704627665,0.705470337,0.706166059,0.706356067
pmb1_zam23,NaN,0.442133671,0.278714087,0.353505671,0.537048882,0.607837229,0.127706546,0.069084436,0.096130137,0.156415002,0.177699147,0.436129932,0.256044504,0.333381877,0.523907695,0.594990796,0.731905183,0.388696037,0.5623992,0.872807266,0.968456805,0,0,0,0,0,0.00842235,0.000872053,0.004256897,0.013417175,0.020267155,0.709207865,0.709109687,0.709150804,0.709259112,0.709290131,0.456578446,0.342873049,0.395152929,0.511164918,0.570678423,0.425574649,0.268089337,0.360720697,0.500907513,0.593828089,0.114482222,0.016567988,0.055403471,0.168132755,0.224850469,0,0,0,0,0,2.172504937,1.250098763,1.594101865,2.647980437,3.067843769,0.00030129,0.000114547,0.000198006,0.000421113,0.000512571,0.70397329,0.702978964,0.703433953,0.704599029,0.705006315,0.938151222,0.927874431,0.932899061,0.94468586,0.94973733,0.061848778,0.05026267,0.05531414,0.067100939,0.072125569,0,0,0,0,0,0,0,0,0,0,0.008863281,0.007255322,0.007955225,0.009775926,0.01057132,0.001279855,0.001046107,0.001136501,0.001402795,0.001510742,0.708828518,0.708124153,0.708438632,0.70920103,0.70945391,0.268015861,0.047527728,0.132100431,0.396120732,0.557960787,0.158678567,0.053880291,0.098280474,0.218084249,0.268198657,0.580756132,0.246555229,0.43651694,0.70053221,0.84357556,0,0,0,0,0,4.596426335,2.17008436,3.263152828,6.912572101,8.489833357,0.001547264,0.000918831,0.001225586,0.002017162,0.00234184,0.703862069,0.70301009,0.703393357,0.704387409,0.704792669,0.119420573,0.009781111,0.056532083,0.180729719,0.245390188,0.876852355,0.749762337,0.816339844,0.939277844,0.985730709,0.004189228,0.000494384,0.002010523,0.006328496,0.008064613,0,0,0,0,0,0.725148839,0.387177655,0.541677217,0.965171002,1.191335555,0.000949021,9.85E-05,0.000390308,0.002068979,0.004954308,0.706821316,0.702960175,0.704809906,0.70813937,0.709541024,0.664507322,0.385649296,0.521158069,0.789650255,0.909904589,0.214829484,0.014093115,0.094116302,0.352021478,0.516800266,0.095168032,0.017266321,0.053250743,0.160941771,0.230219008,0,0,0,0,0,2.335895701,1.386514274,1.888464971,2.702936447,3.017629116,0.002215635,0.000731982,0.001595788,0.002623817,0.002922326,0.707994511,0.706789647,0.707523675,0.708410447,0.708865534
pmb2_zam23,NaN,0.446923579,0.283202291,0.356024885,0.53369778,0.602509699,0.126256587,0.067645963,0.092696592,0.153031445,0.177341336,0.432365141,0.267430925,0.340566956,0.523569757,0.605518942,0.725689401,0.413327169,0.562136186,0.858893984,0.974710366,0,0,0,0,0,0.007728107,0.000744564,0.003611349,0.013410252,0.0195405,0.709197929,0.709107031,0.709144146,0.709253309,0.709292325,0.446128377,0.348153531,0.3876643,0.509256985,0.569225542,0.442678655,0.267496735,0.367045947,0.518663933,0.594979827,0.103389574,0.012591185,0.050696231,0.170307558,0.223931546,0,0,0,0,0,2.048038038,1.252290967,1.597893309,2.578936677,3.06829849,0.000295214,0.000113039,0.000186234,0.00038874,0.000500579,0.704026118,0.703007165,0.703457462,0.704538194,0.704973444,0.939815985,0.928105008,0.933382625,0.945221361,0.949916708,0.060184015,0.050083292,0.054778639,0.066617375,0.071894992,0,0,0,0,0,0,0,0,0,0,0.008917245,0.007312885,0.008002542,0.00981192,0.010511917,0.001263764,0.001061057,0.00115585,0.001392058,0.001496362,0.70879589,0.708127602,0.708421956,0.709159178,0.709476579,0.275435743,0.038614514,0.11731736,0.414232021,0.55645533,0.156920805,0.053004485,0.097829514,0.215350216,0.266903901,0.589266505,0.244870863,0.419409651,0.705501694,0.844086729,0,0,0,0,0,4.677630838,2.165480933,3.021323838,6.841714842,8.571431878,0.001528832,0.000900199,0.001204145,0.002002904,0.002340641,0.703893515,0.702997411,0.703393077,0.704358096,0.704781889,0.126988629,0.015637139,0.064834884,0.194599263,0.243402591,0.869098127,0.751842725,0.799375766,0.931699212,0.979461253,0.00410219,0.000424199,0.002173907,0.006498441,0.00830063,0,0,0,0,0,0.722414528,0.385849745,0.535129753,0.983973774,1.161614994,0.001118141,8.12E-05,0.000506515,0.002353549,0.004817697,0.707000804,0.702905654,0.705089913,0.708399542,0.709579603,0.650600633,0.384637282,0.510295986,0.763522306,0.892664088,0.204479758,0.022072634,0.093839174,0.363278925,0.507334421,0.115040733,0.018345288,0.069995144,0.180216164,0.246526327,0,0,0,0,0,2.356629681,1.417545641,1.924586643,2.696643485,3.006308513,0.002095651,0.0005984,0.001505015,0.002570487,0.002914546,0.707899386,0.706861032,0.707355327,0.708355589,0.708914372
pmb3_zam23,NaN,0.418156246,0.276533575,0.33724043,0.526836075,0.606102502,0.120577189,0.070739373,0.09237509,0.151172616,0.178736382,0.461753343,0.25986559,0.345287064,0.545301026,0.619703224,0.7367451,0.414561276,0.5600757,0.873504742,0.976953807,0,0,0,0,0,0.006665471,0.000595022,0.002944012,0.011252959,0.018839933,0.709206309,0.709113378,0.70915703,0.709249402,0.709285946,0.452508728,0.344162319,0.39657658,0.516435641,0.568198862,0.432875411,0.261505473,0.367965763,0.508334038,0.581399329,0.101996495,0.015218676,0.054291634,0.164012672,0.226943444,0,0,0,0,0,2.205073764,1.282647574,1.733264457,2.636046489,3.100757815,0.00027744,0.000104623,0.00017805,0.000396875,0.00050284,0.704094801,0.702966955,0.70345384,0.704561983,0.704973881,0.93907447,0.928250209,0.93203769,0.944805083,0.949821652,0.06092553,0.050178348,0.055194917,0.06796231,0.071749791,0,0,0,0,0,0,0,0,0,0,0.008878245,0.007290338,0.007971859,0.009874614,0.010519541,0.001267936,0.001057289,0.001152248,0.001399997,0.001513933,0.708752275,0.708129416,0.708415245,0.709158307,0.709432145,0.297582209,0.043612691,0.150693101,0.440531489,0.564330725,0.154805132,0.050178915,0.09824686,0.227061334,0.268482366,0.538874586,0.271359853,0.412833267,0.678189922,0.837975814,0,0,0,0,0,5.204776423,2.300874541,3.247654304,7.376252943,8.668471373,0.001648081,0.00089756,0.001214431,0.002047362,0.002332249,0.703970209,0.703050513,0.703456997,0.704464986,0.704855284,0.124229547,0.013815733,0.059825047,0.184756177,0.247154626,0.871476543,0.748162226,0.810370453,0.935350366,0.982607626,0.004427104,0.000593738,0.002604582,0.006590337,0.008296456,0,0,0,0,0,0.767456919,0.390153257,0.568949568,1.001871863,1.167696964,0.000658294,5.02E-05,0.000266696,0.001318214,0.003484225,0.706656553,0.70271151,0.704735423,0.708151002,0.709528114,0.653529892,0.377681038,0.497366103,0.761981292,0.881195712,0.206791269,0.018899257,0.097183461,0.366423996,0.502658283,0.115076659,0.02514306,0.065965994,0.172143989,0.230797715,0,0,0,0,0,2.260147248,1.344183153,1.797484423,2.668303226,3.001023615,0.002499661,0.001583935,0.002139823,0.002748465,0.002963301,0.707708782,0.706775796,0.707203708,0.708195386,0.708760825
pmb4_zam23,NaN,0.431182211,0.28105215,0.353042801,0.525548707,0.608811865,0.121034699,0.068861181,0.091459171,0.153050506,0.177622531,0.445448785,0.263245863,0.350302235,0.530410436,0.616061363,0.71163421,0.394326348,0.541655002,0.85813594,0.968371918,0,0,0,0,0,0.008987964,0.001174021,0.004554444,0.014080101,0.02094927,0.709209115,0.709114867,0.709154654,0.709255998,0.709289772,0.449100538,0.346050404,0.388450556,0.512112031,0.568292658,0.440500339,0.278021015,0.365931969,0.50325955,0.598909764,0.110923173,0.018923272,0.053272567,0.157773566,0.222401849,0,0,0,0,0,2.07076768,1.25760641,1.597642272,2.596743967,3.07684034,0.000314328,0.000113957,0.000184413,0.000417083,0.000509848,0.704102522,0.702970512,0.703467159,0.704575807,0.704981481,0.939621977,0.928091298,0.933348625,0.945606952,0.950210676,0.060378023,0.049789324,0.054393048,0.066651375,0.071908702,0,0,0,0,0,0,0,0,0,0,0.008879526,0.007318516,0.008043974,0.009793138,0.010488634,0.001280796,0.001051962,0.001127869,0.001423379,0.001521462,0.708845225,0.708123798,0.708437811,0.709183483,0.709443897,0.22239547,0.042313685,0.118522609,0.38577589,0.559252444,0.151499845,0.048540259,0.090529604,0.210349361,0.264895042,0.598589482,0.309699338,0.462772362,0.7153933,0.835859283,0,0,0,0,0,4.793388468,2.115874375,3.194571969,6.683506287,8.67279431,0.001573427,0.000943636,0.00123537,0.001992322,0.002331862,0.704039616,0.703052441,0.703508216,0.704473332,0.704842874,0.118467904,0.013138135,0.060999889,0.191340686,0.242750442,0.878883378,0.751358434,0.807025203,0.934356245,0.983126882,0.003993808,0.000325293,0.001764204,0.006242502,0.008296151,0,0,0,0,0,0.713303142,0.379593181,0.514822022,0.960675199,1.179493392,0.001158633,0.000146395,0.000566443,0.002535197,0.004759126,0.70679598,0.702956404,0.70512615,0.708430636,0.709509524,0.68589622,0.390297211,0.530893506,0.795668343,0.892757526,0.190905175,0.014047612,0.090474489,0.343804267,0.507620679,0.107811166,0.016729334,0.061653085,0.15916606,0.238575122,0,0,0,0,0,2.337959871,1.449613275,1.902900012,2.745379291,3.031720686,0.002183407,0.00054457,0.00158911,0.002645956,0.002942319,0.707888583,0.706876209,0.707437924,0.708347335,0.70882162
sc7_zam23,NaN,0.422933972,0.27565423,0.338418613,0.521296138,0.598210813,0.128149863,0.070070288,0.093897069,0.153630794,0.17832235,0.445986506,0.256180251,0.346273528,0.532682928,0.627257721,0.679112089,0.370161451,0.499494863,0.836679616,0.964207458,0,0,0,0,0,0.010898355,0.001110654,0.005825801,0.016658699,0.02186338,0.709193813,0.70910524,0.709149802,0.709242812,0.70929038,0.455550091,0.348283119,0.386638613,0.517040085,0.570894962,0.428135014,0.24946154,0.361822231,0.494967962,0.579815717,0.116560479,0.017370342,0.07153848,0.174855232,0.227136615,0,0,0,0,0,2.083659804,1.252468808,1.604620244,2.608812311,3.048446399,0.000289726,0.000110691,0.000182431,0.00041215,0.00051117,0.703984573,0.702938002,0.703431991,0.704546818,0.704980602,0.93843519,0.92764702,0.932401426,0.945449069,0.94991827,0.06156481,0.05008173,0.054550931,0.067598574,0.07235298,0,0,0,0,0,0,0,0,0,0,0.008839151,0.007375466,0.007993011,0.009849787,0.010525292,0.001273772,0.001049845,0.001140102,0.001396136,0.001516437,0.708885421,0.708152668,0.708490239,0.709205023,0.709450135,0.219467704,0.042749397,0.108470846,0.338594558,0.520123434,0.158826714,0.049402175,0.092402389,0.213316656,0.26835168,0.624110362,0.326517566,0.482854477,0.724016944,0.866994354,0,0,0,0,0,3.978491411,2.13830211,2.959688677,5.965345671,8.692542354,0.001594739,0.00090903,0.00123365,0.001985094,0.00235786,0.704000507,0.70301204,0.703430733,0.704477385,0.704843059,0.090718694,0.010381387,0.046574153,0.155243134,0.224998348,0.90569258,0.770119432,0.841452846,0.949065509,0.986212477,0.004664567,0.00033845,0.002020446,0.006379641,0.008223086,0,0,0,0,0,0.697085609,0.372371703,0.510902462,0.950475131,1.169838398,0.000955393,0.000150586,0.000498829,0.001706483,0.002992108,0.706109689,0.702609611,0.704158995,0.707829627,0.709150648,0.7412509,0.470021217,0.62044958,0.835028966,0.931694819,0.152221638,0.011567206,0.068961542,0.277701055,0.439972994,0.072504109,0.015387758,0.041990432,0.12985347,0.222890715,0,0,0,0,0,2.47168477,1.504816393,2.09990343,2.796939373,3.026120671,0.002345755,0.001226221,0.001944061,0.002703886,0.002930514,0.706637959,0.704656601,0.705710051,0.707342295,0.707998765
sc5_zam23,NaN,0.436986739,0.274906592,0.347924057,0.527076615,0.60351392,0.126510978,0.069679617,0.095059983,0.152990754,0.177297974,0.439451918,0.246913907,0.352901485,0.518842175,0.619530553,0.720533325,0.396779703,0.5262337,0.847503541,0.968936832,0,0,0,0,0,0.009525246,0.000592722,0.004178428,0.015186466,0.021440006,0.70920191,0.70910875,0.709145925,0.709249411,0.709289527,0.452785962,0.345241669,0.385858813,0.51482535,0.573956609,0.430386454,0.26172029,0.354144201,0.507384136,0.589967454,0.110194391,0.014911277,0.063625238,0.172777305,0.224036911,0,0,0,0,0,2.124090066,1.290294372,1.664688987,2.62771143,3.09161453,0.000294896,0.000105715,0.000188429,0.000405071,0.000507008,0.703897968,0.70298993,0.703412433,0.704539944,0.704987837,0.939359551,0.9280149,0.933050913,0.945195427,0.950135717,0.060640449,0.049864283,0.054804573,0.066949087,0.0719851,0,0,0,0,0,0,0,0,0,0,0.00894895,0.007376738,0.008077351,0.009738093,0.010537969,0.001273932,0.001048509,0.001148728,0.001407299,0.001505751,0.708753205,0.708133038,0.708413372,0.709115808,0.709447545,0.237186162,0.043728888,0.116732591,0.37946036,0.551794587,0.148475234,0.056414018,0.091105266,0.217220262,0.262277414,0.609572183,0.285365929,0.464696732,0.712733789,0.841061699,0,0,0,0,0,3.98517167,2.118625138,2.843467703,5.880098336,8.416023092,0.001694841,0.000980387,0.001290889,0.002055909,0.002336607,0.703904569,0.703020518,0.703369371,0.70440297,0.704798629,0.092948176,0.010378187,0.044312844,0.162305359,0.234810974,0.90277825,0.760645732,0.83372635,0.949374511,0.986050516,0.004490165,0.000419292,0.002122881,0.006330665,0.008211088,0,0,0,0,0,0.697662444,0.375612756,0.523039413,0.929394639,1.141404326,0.000915014,9.51E-05,0.000468434,0.00149808,0.0027478,0.705468181,0.702553532,0.703692291,0.707008698,0.708495822,0.727039905,0.446606804,0.603934683,0.823998736,0.927138264,0.161680346,0.013906429,0.072703825,0.279947414,0.421157891,0.084159809,0.014086031,0.04331244,0.147825215,0.236898413,0,0,0,0,0,2.418659591,1.532424688,1.999510894,2.761198419,3.022741238,0.002359769,0.001239772,0.001921225,0.002696901,0.002953756,0.706376425,0.704273972,0.705521412,0.707012931,0.707589255
sc1_zam23,NaN,0.428760831,0.276679074,0.338521073,0.524117216,0.609067387,0.122161673,0.068543065,0.093084404,0.154382661,0.175780337,0.452138794,0.259191907,0.349592273,0.541912306,0.609674971,0.631373091,0.37920596,0.499430837,0.824746889,0.962554222,0,0,0,0,0,0.013735939,0.002131854,0.007864919,0.018928215,0.022415704,0.709197618,0.709110382,0.709150147,0.70924902,0.709290554,0.447722291,0.345386226,0.386842276,0.517367038,0.569080348,0.420068706,0.251390102,0.3468939,0.483611248,0.570271898,0.139347927,0.027073151,0.086709538,0.185725381,0.227607886,0,0,0,0,0,2.043402393,1.311273432,1.648543216,2.572006187,3.068722044,0.000293091,0.000107679,0.000180534,0.000394745,0.000506973,0.703923922,0.702985746,0.703437654,0.704563573,0.704989123,0.938465646,0.92758189,0.932283379,0.944172258,0.95034565,0.061534354,0.04965435,0.055827742,0.067716621,0.07241811,0,0,0,0,0,0,0,0,0,0,0.008792023,0.007276395,0.007963147,0.009771459,0.010555848,0.001310076,0.001060689,0.001180996,0.00142969,0.001504879,0.709023924,0.708188147,0.708654556,0.709275713,0.709479748,0.077688017,0.026893815,0.045293971,0.122282846,0.209179302,0.108525242,0.04584708,0.070557711,0.168973611,0.235465082,0.787682347,0.65454301,0.727725174,0.845840093,0.902113017,0,0,0,0,0,2.304504176,1.939975293,2.100422115,2.653573422,3.231768927,0.00105361,0.000852939,0.000936336,0.001213488,0.001576015,0.704333787,0.703214262,0.703821642,0.704650408,0.704866035,0.116654613,0.013724303,0.059794313,0.185804079,0.245713578,0.880124514,0.749701671,0.812418014,0.936774737,0.981855293,0.004505057,0.000346775,0.002033584,0.006530848,0.008269814,0,0,0,0,0,0.728509901,0.374526475,0.531845089,0.937163401,1.176983553,0.002631553,0.000313794,0.001561911,0.004151875,0.005770952,0.708381352,0.703520082,0.706945867,0.709178912,0.709703703,0.782573815,0.468375527,0.676436141,0.874543004,0.937343088,0.128786302,0.015413188,0.05577408,0.251832566,0.463451798,0.056508217,0.013075118,0.027218512,0.105725272,0.200593398,0,0,0,0,0,2.739638262,2.139269466,2.476596258,2.931739694,3.06520911,0.002602506,0.001957392,0.002361144,0.002815047,0.0029753,0.707057149,0.706817616,0.706899025,0.707256263,0.707582662
lawis_river_zam23,NaN,0.553682435,0.408857515,0.501498321,0.586909276,0.618395579,0.145788183,0.080481972,0.115593885,0.169051772,0.181640829,0.311680741,0.223519646,0.265070549,0.362768485,0.45026844,0.905218457,0.729428798,0.828675742,0.956930062,0.992295435,0,0,0,0,0,0.000629318,7.85E-05,0.000271275,0.001026023,0.001665732,0.709207289,0.709109042,0.709158315,0.709260807,0.709290751,0.448202,0.34227227,0.383181962,0.503804681,0.568567508,0.483578597,0.310627134,0.40848651,0.555689688,0.621516783,0.058655976,0.009202136,0.027800323,0.112641667,0.199444831,0,0,0,0,0,2.455576666,1.426023272,2.005504523,2.860494721,3.15047468,0.000324864,0.000114544,0.000211213,0.000426667,0.000512777,0.703915728,0.702947661,0.70335754,0.704523165,0.704966599,0.940247217,0.928249233,0.933336189,0.945585413,0.949985182,0.059752783,0.050014818,0.054414587,0.066663811,0.071750767,0,0,0,0,0,0,0,0,0,0,0.009044155,0.007340841,0.008077294,0.009819272,0.010541891,0.001290365,0.001052992,0.001154045,0.001412495,0.001512588,0.708815718,0.708130913,0.708417892,0.709156167,0.709448097,0.369733838,0.053053464,0.213947417,0.501408929,0.585057416,0.180711378,0.05441107,0.107673226,0.231384026,0.26936866,0.471710855,0.200425326,0.335047742,0.626486267,0.798356682,0,0,0,0,0,6.03738106,2.516934093,4.415994289,7.542189114,8.754633555,0.001591462,0.00090293,0.001233609,0.002030741,0.002349127,0.703956483,0.703005828,0.703473901,0.704426549,0.704809222,0.102645225,0.011026827,0.046692675,0.170769338,0.239060768,0.893832843,0.757105837,0.824928494,0.948877331,0.986515199,0.004122794,0.000317145,0.001996281,0.0064612,0.008341189,0,0,0,0,0,0.83029624,0.394936854,0.601800588,1.039430624,1.201616305,0.002902226,0.000761926,0.001807606,0.004289031,0.005742024,0.703984334,0.702412486,0.703203818,0.704972847,0.706403252,0.673033284,0.485035085,0.593278685,0.737305416,0.817606362,0.106273149,0.01030426,0.048172342,0.192479618,0.329942558,0.22020056,0.123273348,0.185265474,0.243503196,0.260451186,0,0,0,0,0,1.830623547,1.282354995,1.538033302,2.251011481,2.910010759,0.0022911,0.000994246,0.00177977,0.002692046,0.002935741,0.705667096,0.703719177,0.704880636,0.706223192,0.706642882
masinloc_river_zam23,NaN,0.565698053,0.428701452,0.515467173,0.591649411,0.615441626,0.146470969,0.078964537,0.115430248,0.164460282,0.18186212,0.304556268,0.227638662,0.264062058,0.349175826,0.426969216,0.918717164,0.747608483,0.855723352,0.963949251,0.995281104,0,0,0,0,0,0.001236169,0.000179587,0.000580941,0.001777952,0.002810066,0.709200563,0.709112015,0.709154092,0.709244492,0.709287271,0.434150575,0.339321786,0.380221991,0.505665737,0.564658514,0.484949362,0.314583502,0.414684928,0.558920695,0.619762368,0.059376187,0.009262723,0.026186991,0.114850075,0.193995196,0,0,0,0,0,2.521650432,1.416040054,2.042007943,2.914879634,3.156430742,0.000305487,0.000107676,0.000205253,0.000424339,0.000507974,0.70397668,0.702954959,0.703452791,0.704490727,0.704977938,0.938629748,0.928023293,0.932319621,0.94478469,0.950146713,0.061370252,0.049853287,0.05521531,0.067680379,0.071976707,0,0,0,0,0,0,0,0,0,0,0.008944524,0.007338066,0.008082641,0.009816261,0.010510083,0.001259284,0.001051032,0.00114785,0.001378932,0.001501069,0.708747325,0.70810002,0.708423712,0.709129969,0.709478117,0.347092607,0.055119053,0.21524402,0.479283919,0.582692037,0.164831908,0.054323311,0.100621234,0.222265427,0.268468437,0.491881946,0.199641804,0.353303948,0.636258363,0.808443334,0,0,0,0,0,6.208506456,2.439492683,4.292419788,7.682209137,8.862260351,0.001632991,0.000916867,0.001225878,0.002061208,0.002351072,0.703945595,0.703007167,0.703505905,0.704447184,0.704812413,0.109813422,0.008562885,0.051322885,0.184331633,0.24005409,0.883445646,0.756764602,0.813443979,0.944375916,0.987342996,0.004503196,0.000514043,0.002121696,0.006654816,0.008222569,0,0,0,0,0,0.858918686,0.413340648,0.632768392,1.040970285,1.196482682,0.002851817,0.000325979,0.00157656,0.004330677,0.005817134,0.70599314,0.702684821,0.704363,0.708053854,0.709420096,0.69973505,0.50428573,0.612221138,0.749332931,0.820177811,0.090195729,0.009206249,0.039587874,0.176475421,0.320364517,0.212569617,0.097751579,0.166422867,0.239103076,0.26005154,0,0,0,0,0,1.73928022,1.267451167,1.446566343,2.167876308,2.746836393,0.002168982,0.000636943,0.001556487,0.00265669,0.002918211,0.7074907,0.7053672,0.706491496,0.708168728,0.708625964
salasa_river_zam23,NaN,0.425375823,0.274052341,0.34248383,0.518285427,0.604312473,0.120536323,0.067618538,0.090370501,0.152328257,0.176944372,0.450462284,0.266088288,0.357768324,0.542262999,0.614179426,0.716435671,0.388017596,0.54173746,0.866717877,0.97715906,0,0,0,0,0,0.00468419,0.000526155,0.002154295,0.007644434,0.014483502,0.709195649,0.70910822,0.709151442,0.709245697,0.709287453,0.444367064,0.343553706,0.391364615,0.51849774,0.568299572,0.423349885,0.251216095,0.350443519,0.481774914,0.568128137,0.136791698,0.025095953,0.084017404,0.18466291,0.223326408,0,0,0,0,0,1.897771554,1.259461478,1.547754772,2.470454523,3.00085205,0.000273535,0.000105551,0.000165917,0.000392052,0.000501709,0.703995964,0.702966721,0.703352443,0.704554675,0.704981538,0.938653116,0.927923761,0.932269968,0.943766483,0.950086969,0.061346884,0.049913031,0.056233517,0.067730032,0.072076239,0,0,0,0,0,0,0,0,0,0,0.008903067,0.007360745,0.008095,0.009761858,0.010465955,0.001269697,0.001048349,0.001131093,0.001393595,0.001509004,0.7087984,0.708127528,0.708417455,0.709176437,0.709459744,0.245950754,0.04142344,0.122278136,0.39210523,0.545892121,0.141670904,0.05102581,0.084943094,0.204586612,0.264081164,0.604680938,0.270235203,0.465362631,0.722284078,0.857299755,0,0,0,0,0,4.426414338,2.123267744,3.098373564,6.218039495,8.229614,0.001570949,0.000916382,0.001191339,0.00202506,0.002360676,0.70398086,0.703012212,0.703405707,0.704469993,0.704850305,0.118705301,0.014069492,0.059788801,0.187491078,0.247447566,0.875378528,0.746764767,0.808704194,0.93687982,0.980983039,0.004518361,0.000491883,0.0020285,0.006697184,0.008239082,0,0,0,0,0,0.74573459,0.400377712,0.536087331,0.973608389,1.177585356,0.001381646,6.85E-05,0.00050667,0.002736263,0.005019789,0.706586954,0.702903216,0.704799492,0.708298455,0.709490248,0.700061102,0.40621364,0.549196821,0.823383778,0.923553743,0.197741697,0.012760771,0.080038163,0.339097324,0.518529778,0.078328169,0.014786081,0.038654373,0.130417805,0.219490258,0,0,0,0,0,2.396206416,1.464641517,2.031938136,2.750424714,3.034333848,0.00245556,0.001251932,0.002033011,0.002749809,0.002973573,0.707411946,0.705659544,0.706735642,0.707996846,0.708597746
bagsit_river_zam23,NaN,NaN,NaN,NaN,NaN,NaN,NaN,NaN,NaN,NaN,NaN,NaN,NaN,NaN,NaN,NaN,NaN,NaN,NaN,NaN,NaN,NaN,NaN,NaN,NaN,NaN,NaN,NaN,NaN,NaN,NaN,NaN,NaN,NaN,NaN,NaN,NaN,NaN,NaN,NaN,NaN,NaN,NaN,NaN,NaN,NaN,NaN,NaN,NaN,NaN,NaN,NaN,NaN,NaN,NaN,NaN,NaN,NaN,NaN,NaN,NaN,NaN,NaN,NaN,NaN,NaN,NaN,NaN,NaN,NaN,NaN,NaN,NaN,NaN,NaN,NaN,NaN,NaN,NaN,NaN,NaN,NaN,NaN,NaN,NaN,NaN,NaN,NaN,NaN,NaN,NaN,NaN,NaN,NaN,NaN,NaN,NaN,NaN,NaN,NaN,NaN,NaN,NaN,NaN,NaN,NaN,NaN,NaN,NaN,NaN,NaN,NaN,NaN,NaN,NaN,NaN,NaN,NaN,NaN,NaN,NaN,NaN,NaN,NaN,NaN,NaN,NaN,NaN,NaN,NaN,NaN,NaN,NaN,NaN,NaN,NaN,NaN,NaN,NaN,NaN,NaN,NaN,NaN,NaN,NaN,NaN,NaN,NaN,NaN,NaN,NaN,NaN,NaN,NaN,NaN,NaN,NaN,NaN,NaN,NaN,NaN,NaN,NaN,NaN,NaN,NaN,NaN,NaN,NaN,NaN,NaN,NaN,NaN,NaN,NaN,NaN,NaN,NaN,NaN,NaN,NaN,NaN,NaN,NaN,NaN,NaN,NaN,NaN,NaN,NaN,NaN,NaN,NaN,NaN,NaN,NaN,NaN,NaN,NaN,NaN,NaN,NaN,NaN,NaN,NaN,NaN,NaN,NaN,NaN,NaN,NaN
bucao_river_zam23,NaN,NaN,NaN,NaN,NaN,NaN,NaN,NaN,NaN,NaN,NaN,NaN,NaN,NaN,NaN,NaN,NaN,NaN,NaN,NaN,NaN,NaN,NaN,NaN,NaN,NaN,NaN,NaN,NaN,NaN,NaN,NaN,NaN,NaN,NaN,NaN,NaN,NaN,NaN,NaN,NaN,NaN,NaN,NaN,NaN,NaN,NaN,NaN,NaN,NaN,NaN,NaN,NaN,NaN,NaN,NaN,NaN,NaN,NaN,NaN,NaN,NaN,NaN,NaN,NaN,NaN,NaN,NaN,NaN,NaN,NaN,NaN,NaN,NaN,NaN,NaN,NaN,NaN,NaN,NaN,NaN,NaN,NaN,NaN,NaN,NaN,NaN,NaN,NaN,NaN,NaN,NaN,NaN,NaN,NaN,NaN,NaN,NaN,NaN,NaN,NaN,NaN,NaN,NaN,NaN,NaN,NaN,NaN,NaN,NaN,NaN,NaN,NaN,NaN,NaN,NaN,NaN,NaN,NaN,NaN,NaN,NaN,NaN,NaN,NaN,NaN,NaN,NaN,NaN,NaN,NaN,NaN,NaN,NaN,NaN,NaN,NaN,NaN,NaN,NaN,NaN,NaN,NaN,NaN,NaN,NaN,NaN,NaN,NaN,NaN,NaN,NaN,NaN,NaN,NaN,NaN,NaN,NaN,NaN,NaN,NaN,NaN,NaN,NaN,NaN,NaN,NaN,NaN,NaN,NaN,NaN,NaN,NaN,NaN,NaN,NaN,NaN,NaN,NaN,NaN,NaN,NaN,NaN,NaN,NaN,NaN,NaN,NaN,NaN,NaN,NaN,NaN,NaN,NaN,NaN,NaN,NaN,NaN,NaN,NaN,NaN,NaN,NaN,NaN,NaN,NaN,NaN,NaN,NaN,NaN,NaN
maloma_river_zam23,NaN,0.43097493,0.279958621,0.342849502,0.517259997,0.59970114,0.117546594,0.067502459,0.090286628,0.151967483,0.179198827,0.447928989,0.261511329,0.362908452,0.532776433,0.614575388,0.712929629,0.384545578,0.556994427,0.878138589,0.96662073,0,0,0,0,0,0.002500524,0.00028738,0.001078814,0.004419907,0.008930934,0.709189143,0.70910911,0.709139893,0.709241372,0.709288608,0.438650429,0.343886987,0.383240924,0.503900646,0.564495352,0.424774246,0.26547496,0.35296146,0.497758877,0.586736395,0.131887852,0.018269757,0.069270282,0.186993825,0.221363694,0,0,0,0,0,2.025227347,1.291885309,1.599262822,2.579016266,3.017846707,0.000306303,0.00010809,0.000186621,0.000419307,0.000499996,0.703975376,0.703008198,0.703442474,0.704517417,0.704976728,0.939044019,0.928126906,0.933070056,0.945223316,0.949497857,0.060955981,0.050502143,0.054776684,0.066929944,0.071873094,0,0,0,0,0,0,0,0,0,0,0.008841097,0.00732206,0.00792166,0.009744341,0.010496851,0.001268307,0.00105485,0.001152084,0.001412473,0.001501235,0.708698291,0.708105414,0.708320298,0.709107636,0.70946266,0.25992566,0.045515524,0.133070059,0.394161212,0.53646061,0.151132503,0.052129616,0.096561923,0.217551655,0.269270199,0.572022999,0.308542872,0.448961223,0.698142648,0.829906276,0,0,0,0,0,3.689819063,2.020966278,2.580361283,5.196821704,8.106746971,0.001616211,0.000920414,0.001205781,0.002014646,0.002350299,0.703884821,0.703003362,0.703328098,0.704451641,0.704833875,0.120740106,0.017084768,0.067605255,0.179802428,0.238536355,0.875365634,0.757395698,0.815455835,0.927600525,0.978224316,0.004277017,0.000422499,0.001910911,0.006353226,0.008081996,0,0,0,0,0,0.731468448,0.39451725,0.53523013,0.950202555,1.17660761,0.001965906,0.000239725,0.001078273,0.003377285,0.005386744,0.704284026,0.702458485,0.703168879,0.705550466,0.708002914,0.684678727,0.405919115,0.556420781,0.788506886,0.905825617,0.198153408,0.014227685,0.088074334,0.327595285,0.507080503,0.093653264,0.014463782,0.049283522,0.147891818,0.237867253,0,0,0,0,0,2.55227138,1.533990456,2.108043497,2.835730366,3.042918518,0.002354616,0.001205623,0.001968345,0.002720712,0.002953197,0.705941533,0.704105423,0.70527403,0.706332772,0.706608323
bulsa_river_us_zam24,NaN,0.418091975,0.281078938,0.346303434,0.532289267,0.603064978,0.121533454,0.068626361,0.093187461,0.154541362,0.176183672,0.450534203,0.265216266,0.340443933,0.535063306,0.617457295,0.704564901,0.396793357,0.542166099,0.868042803,0.972977405,0,0,0,0,0,0.004692141,0.000380508,0.001618761,0.008605273,0.01711393,0.709194582,0.709106972,0.709143446,0.7092489,0.709289434,0.464137606,0.346791325,0.393240842,0.516803489,0.569879837,0.412849102,0.255264868,0.336258357,0.482350042,0.580461973,0.131047485,0.019768547,0.068433491,0.190834907,0.226560943,0,0,0,0,0,1.956900066,1.268135435,1.544330138,2.466874884,2.958743493,0.000302637,0.000108494,0.000209873,0.000420108,0.000512527,0.703966508,0.702968931,0.703460729,0.704479521,0.704944326,0.938723101,0.928116082,0.933017688,0.945382317,0.950034219,0.061276899,0.049965781,0.054617683,0.066982312,0.071883918,0,0,0,0,0,0,0,0,0,0,0.008922184,0.007253297,0.007907396,0.009945584,0.010602034,0.001265391,0.001048196,0.001141118,0.00139275,0.001514247,0.708680943,0.708092789,0.708317229,0.709107252,0.709421894,0.260648523,0.040564201,0.138153552,0.386428622,0.528473943,0.149078741,0.050190548,0.094637124,0.211563893,0.262846895,0.593041724,0.309954552,0.458999205,0.695406693,0.849238121,0,0,0,0,0,3.518927159,2.005022798,2.623813573,5.016571371,7.762446107,0.001700585,0.000941761,0.001261197,0.002075918,0.002348358,0.703738279,0.70298648,0.703283083,0.70419169,0.70472201,0.116232655,0.015701622,0.059554319,0.180516835,0.239086378,0.879826916,0.75645382,0.815052765,0.934357685,0.978456335,0.004630673,0.000363282,0.002414593,0.006843613,0.008191278,0,0,0,0,0,0.734917363,0.39240846,0.512961517,0.95637286,1.171741346,0.002272764,0.00018846,0.001090458,0.003852705,0.005521285,0.704110332,0.702381575,0.702995194,0.70544832,0.707486975,0.647535776,0.375971757,0.493700314,0.767734548,0.908007691,0.248190878,0.020097913,0.127201558,0.394385486,0.555540674,0.08960902,0.01363029,0.044013434,0.154862048,0.226731933,0,0,0,0,0,2.645764321,1.678586872,2.25794246,2.890456957,3.054855535,0.002426908,0.001340344,0.00201743,0.002732292,0.002946257,0.705870067,0.704550054,0.705339602,0.706214167,0.706380911
camiling_river_us_zam24,NaN,0.434874909,0.282304852,0.347946172,0.524607,0.595226944,0.123859454,0.067008784,0.092603525,0.150206782,0.177328836,0.441684135,0.268760899,0.357396758,0.524233231,0.610376396,0.721818545,0.41196612,0.559458338,0.855943771,0.98109999,0,0,0,0,0,0.005103968,0.000335646,0.002082059,0.010140141,0.017758045,0.709201196,0.70911056,0.70915042,0.709247321,0.709291586,0.450855934,0.344685926,0.392953935,0.511079286,0.576370867,0.430964273,0.259431283,0.360886329,0.500403226,0.568341069,0.119097743,0.022162246,0.066775473,0.170726262,0.221479081,0,0,0,0,0,1.946436851,1.227994005,1.539366335,2.500794211,3.067232599,0.000297288,0.00011299,0.000186689,0.000400458,0.000501843,0.703844523,0.702984992,0.703323934,0.704526932,0.704966728,0.938174538,0.927629539,0.931523932,0.945261399,0.949604217,0.061825462,0.050395783,0.054738601,0.068476068,0.072370461,0,0,0,0,0,0,0,0,0,0,0.008918015,0.007383633,0.007989203,0.009819047,0.010489646,0.001273643,0.001056415,0.00113601,0.001401048,0.001510266,0.708660395,0.708080088,0.708301433,0.709044416,0.709426809,0.257280942,0.044800539,0.134661708,0.413298205,0.544848105,0.156334768,0.05226632,0.098909153,0.214094369,0.265108569,0.579602546,0.275917945,0.424663335,0.704270225,0.841727868,0,0,0,0,0,4.065617223,2.064441003,2.843094627,5.696123767,8.048569627,0.00163078,0.000948335,0.001321244,0.002027327,0.002350469,0.70381204,0.703028425,0.703363863,0.704308303,0.704801263,0.138197105,0.015659401,0.067005663,0.195469303,0.247144036,0.857488904,0.747192516,0.798258476,0.928487397,0.979482955,0.004359837,0.00039194,0.002316626,0.007019609,0.008401595,0,0,0,0,0,0.726399523,0.38343084,0.532793441,0.956856968,1.159226595,0.001811168,0.000367038,0.001040234,0.002880246,0.00501221,0.70365929,0.702366092,0.702973876,0.704625201,0.706251944,0.626651561,0.379655072,0.498244098,0.733808433,0.880255937,0.259651793,0.030430634,0.134558065,0.39252795,0.530817174,0.097523202,0.020471368,0.054331284,0.160662121,0.249392475,0,0,0,0,0,2.592519709,1.520672891,2.202722243,2.832631761,3.024251059,0.002496445,0.001462895,0.002121038,0.002762771,0.002958526,0.705635861,0.704468036,0.705133998,0.705983926,0.706151783
camiling_river_ds_zam24,NaN,0.423500247,0.277614244,0.344842365,0.516172939,0.600280146,0.120630681,0.06931296,0.093301665,0.148872409,0.174770624,0.451783931,0.268307779,0.356137332,0.532263082,0.621547389,0.721386649,0.395956793,0.555335505,0.880593503,0.971579716,0,0,0,0,0,0.005077417,0.000360963,0.002091931,0.008497087,0.016654474,0.709209449,0.709111896,0.709158484,0.709250989,0.709293517,0.445924195,0.344673414,0.395877026,0.521517231,0.565315555,0.437479254,0.262992195,0.375316842,0.504601829,0.591919994,0.103035421,0.018044306,0.053749085,0.161383669,0.218167809,0,0,0,0,0,1.840058268,1.258522943,1.508757472,2.359073111,3.054841827,0.000312625,0.000113116,0.000204492,0.000436621,0.000514102,0.703871603,0.702936973,0.703306655,0.704423823,0.704989544,0.938862892,0.928122097,0.933364533,0.944416883,0.949890477,0.061137108,0.050109523,0.055583117,0.066635467,0.071877903,0,0,0,0,0,0,0,0,0,0,0.008915637,0.00728681,0.007922616,0.009757393,0.010563368,0.001245762,0.001045349,0.001139416,0.001392383,0.001495553,0.708736518,0.708096077,0.708337,0.709127808,0.709463651,0.25616093,0.03634529,0.14203876,0.413518729,0.543867379,0.15934703,0.053796697,0.099873416,0.219205642,0.269434638,0.570515998,0.287509139,0.431851176,0.698757763,0.843969857,0,0,0,0,0,4.214868844,2.102375453,2.863249773,5.970794736,8.276610726,0.00166352,0.000930138,0.001283361,0.002109154,0.002371982,0.703819516,0.70301547,0.70334302,0.704319024,0.704823383,0.127244112,0.01346327,0.070118676,0.186251985,0.237681628,0.86862781,0.756991645,0.808662624,0.926704416,0.982725035,0.004320145,0.000643743,0.002296465,0.006256233,0.008189805,0,0,0,0,0,0.724118029,0.397081057,0.526066881,0.960720847,1.164858241,0.001656732,0.000264022,0.001040715,0.003037025,0.005363085,0.703937369,0.702376615,0.703028598,0.705091274,0.706591193,0.642107523,0.38203351,0.501796087,0.762061608,0.893428641,0.242377667,0.024437227,0.123473903,0.375235461,0.536048765,0.104088429,0.018556583,0.046594928,0.166011591,0.232752254,0,0,0,0,0,2.492756717,1.633840406,2.097787668,2.842523437,3.021906037,0.002472911,0.001470022,0.002080496,0.002757492,0.002960291,0.70602419,0.704540798,0.705473079,0.706326652,0.70655605
malabobo_river_zam24,NaN,0.439226863,0.275000473,0.340393497,0.53199153,0.606491115,0.125334561,0.070635243,0.095499641,0.151128282,0.17715292,0.434497956,0.257957789,0.336900485,0.53857672,0.622924058,0.751044897,0.389000642,0.565608316,0.89401765,0.982967262,0,0,0,0,0,0.003551789,0.000327094,0.001409884,0.006422234,0.011993039,0.709198344,0.709111518,0.709154647,0.709247679,0.709290953,0.471247787,0.349776189,0.405522029,0.52276422,0.574767427,0.421064599,0.262369111,0.352719199,0.495908427,0.583335372,0.105056208,0.014369338,0.05472751,0.168813334,0.224010934,0,0,0,0,0,1.917646416,1.225605818,1.493351743,2.44112552,3.027732591,0.000276101,0.00010413,0.000182701,0.000388532,0.000501906,0.703810193,0.702942567,0.70331903,0.704401675,0.704879082,0.93886888,0.92845196,0.932204828,0.945808541,0.950038526,0.06113112,0.049961474,0.054191459,0.067795172,0.07154804,0,0,0,0,0,0,0,0,0,0,0.008956934,0.007239936,0.007745133,0.009683137,0.0103892,0.001239458,0.001051131,0.001141819,0.001370115,0.001513343,0.70863815,0.708088322,0.708310802,0.709051076,0.709415165,0.298230708,0.043642164,0.161108441,0.446104221,0.568164279,0.168261842,0.054859482,0.109830728,0.225937003,0.272730519,0.531316649,0.236913642,0.388291134,0.679963518,0.825429598,0,0,0,0,0,3.994842403,2.054863406,2.73037033,5.987509576,8.501774966,0.001676656,0.000925819,0.001239285,0.002000456,0.002360557,0.703784615,0.703005811,0.703347601,0.704425398,0.70482115,0.138432071,0.013870232,0.068121686,0.195119864,0.248026942,0.856807235,0.747775723,0.799914662,0.92786549,0.983534987,0.004172841,0.000372543,0.002050485,0.006351227,0.008435823,0,0,0,0,0,0.715285929,0.378680284,0.493074457,0.946480084,1.167088093,0.002208247,0.00056112,0.001392968,0.003439978,0.00510468,0.703247008,0.702337891,0.702725956,0.703939611,0.705407111,0.541337092,0.35978223,0.451746967,0.673669682,0.822102427,0.329581822,0.062644364,0.200924302,0.433911545,0.55620953,0.105767293,0.023653981,0.061085705,0.176398566,0.242759035,0,0,0,0,0,2.497093286,1.534176447,2.087443633,2.812715943,3.03526818,0.002531863,0.001467567,0.002127889,0.002774811,0.002971735,0.705303833,0.704273763,0.704899445,0.705551207,0.705723907
bayaoas_river_zam24,NaN,0.444603697,0.275629264,0.359778396,0.533761126,0.607600228,0.12555073,0.069532467,0.091792846,0.154858763,0.178234549,0.425534649,0.251351644,0.341917343,0.516554922,0.606753362,0.755240061,0.413709556,0.581880376,0.87368502,0.973001403,0,0,0,0,0,0.004907659,0.000522887,0.00207238,0.009715231,0.018270014,0.709195229,0.709108946,0.709148182,0.709247948,0.709288266,0.468770229,0.344294021,0.392819356,0.531650232,0.573765932,0.413339863,0.255107977,0.344305006,0.488938592,0.592431584,0.115312983,0.019776699,0.060111256,0.17356297,0.225534201,0,0,0,0,0,1.953032014,1.24773704,1.550525488,2.498930801,2.987018503,0.000308368,0.000119314,0.000200293,0.000412811,0.000503615,0.703987289,0.702969712,0.703366757,0.704456519,0.704985664,0.940422393,0.928260777,0.933921286,0.945813778,0.949814803,0.059577607,0.050185197,0.054186222,0.066078714,0.071739223,0,0,0,0,0,0,0,0,0,0,0.008856493,0.007353759,0.008049164,0.009949593,0.010574045,0.001240367,0.001044474,0.001126505,0.001370293,0.001506747,0.708652613,0.708107604,0.708335177,0.709003168,0.709407059,0.302444681,0.060656426,0.154053443,0.428897919,0.566298649,0.159981529,0.055617578,0.096166664,0.220742959,0.269020011,0.533120945,0.253052336,0.399330268,0.684836757,0.807306381,0,0,0,0,0,3.958819615,2.040779522,2.767727987,6.071918898,8.300531448,0.001634762,0.000944759,0.001259195,0.002025455,0.002340134,0.70382624,0.70299542,0.703349842,0.704359522,0.704790998,0.137877548,0.019435943,0.076890754,0.198512705,0.243409595,0.856742879,0.752676098,0.79782307,0.918032204,0.977498821,0.004575864,0.000535879,0.002206788,0.006636352,0.008304795,0,0,0,0,0,0.709145182,0.384448647,0.519510553,0.947433058,1.168864516,0.001956151,0.000536126,0.001199039,0.003004149,0.005269077,0.703499263,0.702388134,0.702844103,0.704370103,0.706025688,0.60697879,0.372679328,0.485116961,0.709984319,0.832945549,0.271348002,0.048894804,0.144668774,0.387876049,0.558193252,0.118318593,0.021574911,0.062446286,0.173641091,0.242561574,0,0,0,0,0,2.484887093,1.54792717,2.025309721,2.776461005,3.034357346,0.002558342,0.001581344,0.002236258,0.002787981,0.002969962,0.705562533,0.704481848,0.705157813,0.705833612,0.706001669
mapita_river_zam24,NaN,0.441567168,0.276728727,0.349964218,0.528811618,0.600910805,0.127996142,0.067004472,0.094688339,0.157015548,0.178969217,0.433284793,0.264912454,0.344834672,0.526435209,0.605416749,0.725236439,0.371550075,0.558370666,0.885435223,0.975336945,0,0,0,0,0,0.004694603,0.000522295,0.002276233,0.008742882,0.016253594,0.709197874,0.709110848,0.709151007,0.709247328,0.709289663,0.463749997,0.349696197,0.407144718,0.531586716,0.573018042,0.410554868,0.258035099,0.343430396,0.477928523,0.574110039,0.121561846,0.019740647,0.069066742,0.181408992,0.226740877,0,0,0,0,0,1.895959269,1.260555163,1.516838537,2.432213721,2.939703016,0.000296069,0.000115607,0.000188728,0.000408545,0.000506919,0.703919102,0.702956121,0.703358169,0.704460154,0.704938559,0.938713863,0.928030261,0.932757209,0.944245228,0.949736561,0.061286137,0.050263439,0.055754772,0.067242791,0.071969739,0,0,0,0,0,0,0,0,0,0,0.009007187,0.007315666,0.008064209,0.009904176,0.010534556,0.001233224,0.001039116,0.001111413,0.001363335,0.001515701,0.708711144,0.70811108,0.70836797,0.70907899,0.709410888,0.27833171,0.04927936,0.147007714,0.429715422,0.570396165,0.162528138,0.048978629,0.10755489,0.224924949,0.268635522,0.545433742,0.246152489,0.401167466,0.689806133,0.826804319,0,0,0,0,0,3.916769639,2.11282759,2.815395081,5.682909846,8.283467636,0.001639565,0.0009291,0.001288275,0.002053469,0.002343503,0.703742494,0.703032431,0.703326676,0.704267518,0.7048202,0.133755388,0.014291339,0.070053995,0.197753941,0.247112031,0.861405189,0.747525131,0.796969166,0.925308598,0.981961685,0.004478199,0.000529048,0.002414925,0.006947655,0.008476721,0,0,0,0,0,0.775239287,0.399878344,0.548691207,1.01145731,1.177783595,0.002326262,0.000566517,0.001428375,0.003730275,0.005584282,0.70353149,0.702318335,0.702776443,0.70457586,0.706615595,0.587089488,0.369881035,0.452274291,0.70252629,0.840308217,0.29256115,0.040496711,0.154571378,0.425724167,0.551637377,0.116140973,0.019467666,0.055255471,0.174630874,0.239243451,0,0,0,0,0,2.523661716,1.518243659,2.057131931,2.853682275,3.050485974,0.002514527,0.001560159,0.002121564,0.002767139,0.002958604,0.705665691,0.704522456,0.70528222,0.70593769,0.706120456
dumoloc_river_zam24,NaN,0.433635928,0.276692472,0.341496288,0.541796444,0.60335774,0.123890864,0.070293714,0.093175413,0.156596612,0.178722258,0.431416647,0.261116503,0.344628736,0.529637354,0.61300034,0.724159361,0.406646607,0.549383406,0.859218754,0.972731185,0,0,0,0,0,0.004277497,0.000406808,0.001899972,0.0075615,0.014568217,0.709193976,0.709108584,0.709146048,0.709248192,0.709291248,0.462602814,0.342192641,0.396713618,0.524321651,0.574127975,0.423176215,0.271083764,0.354182027,0.49260519,0.592260486,0.112747979,0.016875827,0.063349626,0.167931628,0.218043817,0,0,0,0,0,1.849243973,1.245463912,1.455154635,2.455289401,2.994039902,0.000304464,0.000115212,0.000202729,0.000421161,0.00050661,0.70378409,0.702954567,0.703312568,0.704473612,0.705001245,0.938887793,0.927923586,0.933241136,0.944733712,0.949849873,0.061112207,0.050150127,0.055266288,0.066758864,0.072076414,0,0,0,0,0,0,0,0,0,0,0.00901027,0.007340042,0.008144759,0.009799205,0.010607518,0.001242216,0.001047541,0.00114369,0.001383452,0.001516707,0.708703507,0.708095967,0.708358364,0.709077697,0.709427068,0.275493302,0.064314448,0.153829497,0.430415489,0.570369862,0.156575038,0.057581812,0.097166279,0.221490175,0.269002604,0.567148716,0.241246097,0.400792295,0.690276475,0.827742598,0,0,0,0,0,3.755293452,2.001768154,2.621291704,5.343648947,8.077356889,0.001677151,0.000930544,0.001245731,0.002048839,0.002361805,0.703782876,0.702976923,0.703331128,0.70433493,0.704796777,0.138520936,0.014308756,0.077491294,0.20081257,0.246281402,0.857086507,0.748454999,0.79647698,0.917921068,0.981806425,0.004054974,0.000532783,0.002013833,0.006746898,0.00819328,0,0,0,0,0,0.75838007,0.383017117,0.527738453,0.951109049,1.156899108,0.002138494,0.000520608,0.001245347,0.003330013,0.005167788,0.703841859,0.702363742,0.702947363,0.704993861,0.70680487,0.616823705,0.381736177,0.488764445,0.722118459,0.867584325,0.266446468,0.028960701,0.142713866,0.391208934,0.522859935,0.115144107,0.020217955,0.060159833,0.173868972,0.236668821,0,0,0,0,0,2.563956436,1.534983718,2.146574187,2.850777861,3.05545308,0.002522467,0.001543339,0.002113246,0.002784999,0.002972736,0.705818495,0.704578493,0.705340571,0.706138032,0.706398462
pmb4_zam24,NaN,0.426855622,0.271831499,0.328404521,0.524548523,0.602072255,0.122834525,0.068259097,0.092720657,0.155889152,0.17952859,0.456131909,0.260232027,0.351616235,0.54299298,0.624728581,0.6662615,0.375844604,0.509861546,0.824727578,0.956949054,0,0,0,0,0,0.013208191,0.001790588,0.00753609,0.017811681,0.022085169,0.709210565,0.709112554,0.709155151,0.709255935,0.709292832,0.448869639,0.344121164,0.38875416,0.511888058,0.565270846,0.43200862,0.264826331,0.352028945,0.507318173,0.592395778,0.11492419,0.017334355,0.055279054,0.181542591,0.230039879,0,0,0,0,0,2.066141443,1.31148586,1.671534742,2.645345617,3.064032577,0.000279173,0.000107351,0.000181052,0.000398515,0.000500762,0.70396951,0.703001392,0.703425377,0.704538407,0.70499525,0.939185535,0.928144038,0.932842547,0.945043869,0.950043755,0.060814465,0.049956245,0.054956131,0.067157453,0.071855962,0,0,0,0,0,0,0,0,0,0,0.009025445,0.007305042,0.008134784,0.009863026,0.01057893,0.001268157,0.001069302,0.00115195,0.001398973,0.001506188,0.708830333,0.708142569,0.70845276,0.709177178,0.709443071,0.257816323,0.046003591,0.134303433,0.407478528,0.565829789,0.155251907,0.051385425,0.098451743,0.211270457,0.267225272,0.594669827,0.260983366,0.436317569,0.702580811,0.812065862,0,0,0,0,0,4.529623728,2.153990844,3.061023028,6.562908251,8.430217427,0.001596518,0.000898293,0.001227264,0.002005527,0.002338637,0.703978645,0.703013028,0.703419151,0.704495556,0.704811771,0.111115307,0.017277134,0.060216881,0.171028792,0.228549637,0.885411855,0.767497037,0.824878722,0.936507313,0.97981444,0.004364716,0.000496304,0.002326603,0.006499391,0.008205232,0,0,0,0,0,0.721825222,0.368034998,0.546198629,0.956914762,1.172222137,0.000805382,7.85E-05,0.000336191,0.001568753,0.004042896,0.707099354,0.703270315,0.705599521,0.708376651,0.709462878,0.692263207,0.413847847,0.561710056,0.782532561,0.897436407,0.202533112,0.01875035,0.106469213,0.325996855,0.484522146,0.09992089,0.019039653,0.053866867,0.148323733,0.228124293,0,0,0,0,0,2.355622679,1.471652692,1.948690132,2.705701005,3.010523964,0.002093903,0.000826328,0.001598021,0.002613626,0.002941917,0.707782379,0.706782674,0.707254044,0.708288791,0.708837641
pmb34_zam24,NaN,0.415551492,0.280214921,0.34183504,0.524124084,0.598851728,0.126298985,0.069190535,0.090767186,0.156017407,0.180144526,0.463669757,0.261230147,0.360902658,0.53414396,0.615829575,0.677634357,0.378387723,0.523943748,0.840841647,0.968679119,0,0,0,0,0,0.010697543,0.001438949,0.005671165,0.01675508,0.021351447,0.709203386,0.709115404,0.709160819,0.709252696,0.709286571,0.452725861,0.345821474,0.388806892,0.516500127,0.571955336,0.442120658,0.282473056,0.363758942,0.509586154,0.602970729,0.099810255,0.014782009,0.049080274,0.162291358,0.219085733,0,0,0,0,0,2.175564752,1.270102283,1.616056527,2.729824836,3.099740936,0.000275995,0.000107527,0.00018148,0.000394271,0.000500781,0.704009162,0.702952883,0.703386279,0.704512815,0.704996591,0.938434569,0.928198783,0.932851418,0.945547295,0.950081166,0.061565431,0.049918834,0.054452705,0.067148582,0.071801217,0,0,0,0,0,0,0,0,0,0,0.008824251,0.00737883,0.007927749,0.009724345,0.01054003,0.001267555,0.001049606,0.001133781,0.001414161,0.00150949,0.70879619,0.708157388,0.708455281,0.709166259,0.709457963,0.260488807,0.04277654,0.134692484,0.401468861,0.566604178,0.147546775,0.054333219,0.0987533,0.216085149,0.27094948,0.581094095,0.262801821,0.425255445,0.709632073,0.839092465,0,0,0,0,0,4.762417684,2.126108276,3.134531333,6.832728804,8.577765694,0.001656272,0.000946554,0.001254622,0.002027962,0.00233829,0.703882542,0.703017465,0.70338153,0.704387563,0.70480738,0.113892963,0.011830407,0.060495882,0.173911259,0.241904779,0.883054472,0.754548042,0.821074135,0.935314439,0.98397354,0.004155031,0.000290897,0.002030342,0.006350081,0.008107906,0,0,0,0,0,0.70038134,0.390882087,0.503889072,0.932449161,1.161948076,0.000821436,7.35E-05,0.0003581,0.001604221,0.003447652,0.707015103,0.703629628,0.705877472,0.708495003,0.709608291,0.668835055,0.391128891,0.524461932,0.775033968,0.899031691,0.200237862,0.015047041,0.087114627,0.355604744,0.526219265,0.109740703,0.019123508,0.058972121,0.171061328,0.240175416,0,0,0,0,0,2.30576409,1.376454736,1.783237897,2.739880427,3.027914652,0.002161537,0.000793903,0.001615926,0.00258532,0.002925938,0.707714001,0.706742184,0.707252218,0.708269724,0.708971219
pmb3_zam24,NaN,0.427839653,0.278155099,0.344978978,0.527405623,0.60273654,0.122656616,0.068649461,0.093930261,0.152081021,0.176985709,0.449645326,0.254285195,0.343447545,0.529441734,0.614969005,0.681423805,0.393110508,0.539579256,0.856758667,0.969215399,0,0,0,0,0,0.010868368,0.000914811,0.005058202,0.016535388,0.021516777,0.709209,0.709109714,0.709152795,0.709252811,0.709288796,0.454958101,0.350717307,0.391855973,0.517001381,0.567798485,0.436023501,0.262896896,0.357820722,0.508416609,0.589821095,0.104782012,0.016080395,0.047452413,0.172520288,0.225174778,0,0,0,0,0,2.170738731,1.300569035,1.655545826,2.652473727,3.072421659,0.000301747,0.000107548,0.000185679,0.000400618,0.000503023,0.704045193,0.702981689,0.70348446,0.70453788,0.704972505,0.939548654,0.927885242,0.933754149,0.945421251,0.949871109,0.060451346,0.050128891,0.054578749,0.066245851,0.072114758,0,0,0,0,0,0,0,0,0,0,0.008942301,0.007350327,0.007953959,0.009859715,0.0105825,0.00127451,0.001058496,0.001156615,0.00140075,0.001518164,0.708809128,0.708128919,0.708405547,0.709158517,0.709448752,0.273317484,0.044143843,0.134601383,0.444749222,0.578969317,0.144659743,0.051745973,0.092307677,0.207388861,0.260836072,0.57155904,0.25591729,0.420277443,0.707617264,0.851937403,0,0,0,0,0,4.643794578,2.180101462,3.130364689,6.982421371,8.651036249,0.001663569,0.000920686,0.001250869,0.002049484,0.002367574,0.703908404,0.703014771,0.703383405,0.704358778,0.704803118,0.116606685,0.015938738,0.058717796,0.180261272,0.235454827,0.878355622,0.758567701,0.814191383,0.937545853,0.981989429,0.004113963,0.000370685,0.001958896,0.006478364,0.008444995,0,0,0,0,0,0.762907119,0.392642222,0.573107051,1.019275143,1.176647154,0.000685315,5.27E-05,0.000321751,0.001208306,0.002805835,0.707057093,0.703090717,0.705422979,0.708554736,0.709549193,0.668436229,0.384658741,0.525714018,0.778646017,0.898553696,0.201858058,0.017291775,0.085697429,0.349573591,0.514523965,0.113989237,0.021378764,0.066298605,0.160307058,0.231901284,0,0,0,0,0,2.28793297,1.364245721,1.850162031,2.74788729,3.013862649,0.00232981,0.001125455,0.001816007,0.002654078,0.002939819,0.707757771,0.706684105,0.707266631,0.70829158,0.70886919
pmb2_zam24,NaN,0.447233882,0.279732237,0.353548786,0.537001181,0.599720906,0.120547993,0.0676731,0.088924688,0.151630058,0.177060383,0.435368132,0.263418072,0.3418639,0.523502609,0.611746135,0.657989894,0.370836429,0.491201656,0.804853919,0.957292827,0,0,0,0,0,0.012109869,0.001117936,0.005981097,0.017485075,0.022129319,0.709203444,0.709112894,0.709157079,0.709249004,0.709289779,0.441533091,0.346641877,0.388152567,0.510827522,0.570620526,0.444225668,0.26805796,0.377939307,0.511453575,0.598387151,0.102943781,0.017252198,0.054286729,0.166555974,0.223632798,0,0,0,0,0,2.133621422,1.266813658,1.608268002,2.618060398,3.122229595,0.000297411,0.000118076,0.000189835,0.000412397,0.00050415,0.704008781,0.703001736,0.703439211,0.704537316,0.704954976,0.938682221,0.928290332,0.933059141,0.944674305,0.949746164,0.061317779,0.050253836,0.055325695,0.066940859,0.071709668,0,0,0,0,0,0,0,0,0,0,0.008930884,0.007332884,0.007986166,0.009878161,0.010532829,0.001274881,0.001051781,0.001149858,0.001418388,0.001510539,0.708727758,0.70810101,0.708387456,0.709113599,0.709403665,0.259435361,0.042974606,0.133837472,0.408679208,0.55653056,0.152877968,0.054378867,0.100149931,0.212743455,0.266405846,0.581167752,0.243896323,0.429991651,0.709092153,0.831375213,0,0,0,0,0,4.803373775,2.179492311,3.129195912,6.689750927,8.566341591,0.001561596,0.00092058,0.001174023,0.001990566,0.002342123,0.703873175,0.703021393,0.703418562,0.704406792,0.70481761,0.112595973,0.014549751,0.059253689,0.182289453,0.241336658,0.883931045,0.757329261,0.814886985,0.937200985,0.979676895,0.004214679,0.000370111,0.001938366,0.006367344,0.008104482,0,0,0,0,0,0.750071308,0.38949169,0.526503515,0.99280117,1.158215039,0.000928761,8.92E-05,0.00038101,0.001928248,0.00461183,0.707541587,0.703697773,0.7061825,0.708758522,0.709568692,0.68384403,0.393137267,0.526533275,0.801538999,0.886151931,0.186580524,0.018824422,0.098597336,0.36812113,0.505183841,0.097517933,0.020978479,0.053225382,0.15356045,0.228556245,0,0,0,0,0,2.404760149,1.402315726,1.956139839,2.777668817,3.007735283,0.002086478,0.000524379,0.001548815,0.002595956,0.0029155,0.70775043,0.706862798,0.707278375,0.708257289,0.708808318
pmb1_zam24,NaN,0.438433748,0.276835096,0.348284409,0.525818938,0.602143681,0.122443651,0.069412504,0.093867184,0.152621904,0.179376193,0.430155445,0.264641466,0.349029547,0.522603654,0.615178836,0.711560561,0.394280025,0.547437498,0.854937625,0.97275683,0,0,0,0,0,0.010474961,0.001408793,0.006068133,0.016334023,0.021628954,0.70920855,0.709108487,0.709151271,0.709256079,0.709292322,0.449485846,0.341184933,0.384443134,0.509200154,0.568958725,0.436344284,0.262533721,0.361833237,0.517315565,0.60041452,0.110842766,0.01561766,0.054482064,0.175535078,0.226746468,0,0,0,0,0,2.122586222,1.295858051,1.63834178,2.628291693,3.081650129,0.000291556,0.000111931,0.000182114,0.00040929,0.000508069,0.703978875,0.702985325,0.703482395,0.704568343,0.704988425,0.938817279,0.927822402,0.932350299,0.945045402,0.949916432,0.061182721,0.050083568,0.054954598,0.067649701,0.072177598,0,0,0,0,0,0,0,0,0,0,0.009048775,0.00736558,0.008175615,0.00975384,0.010502971,0.001293516,0.001060809,0.00116124,0.001418347,0.001520191,0.708824373,0.708122007,0.708466333,0.709176349,0.709468364,0.252608179,0.047087491,0.14048166,0.420863837,0.571430996,0.15915665,0.055203036,0.098154495,0.222345986,0.274013738,0.581981804,0.24851459,0.416075252,0.687427644,0.825978269,0,0,0,0,0,4.640869831,2.111066641,3.176557645,6.552010029,8.627304884,0.001567514,0.000887788,0.001172342,0.001959784,0.002348213,0.703968193,0.703026637,0.703445288,0.704436653,0.704860778,0.119178021,0.015728565,0.060997796,0.190952321,0.24661734,0.876508656,0.749630508,0.803184352,0.933767938,0.982062519,0.004447931,0.000385199,0.002443467,0.006665486,0.008395402,0,0,0,0,0,0.759686347,0.38179612,0.531058959,0.995341975,1.168897321,0.000913497,7.09E-05,0.000406833,0.001870827,0.004085389,0.707263137,0.703056865,0.705802272,0.70832051,0.709516301,0.673544546,0.391032986,0.533148619,0.790113718,0.901330088,0.212802094,0.013870668,0.086510645,0.357741954,0.51587114,0.102751677,0.018353167,0.052964837,0.158275179,0.234293078,0,0,0,0,0,2.344061115,1.430748617,1.937849451,2.718276975,3.017946915,0.002192679,0.000679481,0.001612422,0.002610934,0.002932761,0.707903343,0.706822779,0.707341066,0.708312881,0.708766575
sc6_zam24,NaN,0.444924431,0.275755091,0.355380828,0.533205564,0.602294015,0.123646641,0.067465861,0.087134461,0.147970021,0.176812922,0.436821358,0.265760748,0.346213642,0.528040136,0.616123952,0.723641747,0.386133117,0.557659209,0.866608144,0.980824909,0,0,0,0,0,0.006981594,0.000591894,0.003511571,0.011757165,0.019475322,0.709195211,0.70910892,0.709145593,0.709249443,0.709286923,0.441257792,0.34198534,0.383247695,0.503046366,0.568445063,0.44724909,0.272992486,0.378903148,0.511161098,0.595713815,0.099999429,0.018265605,0.057716309,0.163485919,0.221402369,0,0,0,0,0,2.062935799,1.294589546,1.649091823,2.590194992,3.073720565,0.000318298,0.000112784,0.000208161,0.000408287,0.000506326,0.703995063,0.703000861,0.703437173,0.704502954,0.704979846,0.938773855,0.927843426,0.932569292,0.945437592,0.950082114,0.061226145,0.049917886,0.054562408,0.067430708,0.072156574,0,0,0,0,0,0,0,0,0,0,0.008838844,0.007307911,0.007962178,0.00979774,0.010501979,0.001281705,0.001048381,0.001159349,0.001419575,0.001516118,0.708806299,0.708095718,0.708388067,0.709159878,0.709471889,0.258080025,0.043282149,0.12847448,0.419318817,0.563691621,0.157352128,0.057777906,0.099701402,0.225373939,0.27307074,0.57992556,0.244275399,0.429325517,0.681685957,0.834569678,0,0,0,0,0,4.686757583,2.229628631,3.337915281,6.885774756,8.615934935,0.001580255,0.00089264,0.001215839,0.002052799,0.002360704,0.703977978,0.703014518,0.703411681,0.704432834,0.704834312,0.095075244,0.012627873,0.047477514,0.164332055,0.240189614,0.900379567,0.756997991,0.833075087,0.949730151,0.983647081,0.004260571,0.000464516,0.002189894,0.006554047,0.00831841,0,0,0,0,0,0.751558217,0.388354291,0.541695532,0.94608005,1.156274269,0.00072237,9.49E-05,0.000340101,0.001331194,0.002517742,0.705313287,0.702622225,0.704039035,0.707140909,0.708892162,0.708301905,0.469716363,0.604790762,0.805114601,0.89975423,0.15440015,0.01138036,0.067603146,0.268200905,0.422302404,0.119219716,0.01855696,0.065843581,0.170219017,0.234005318,0,0,0,0,0,2.407129422,1.430390777,1.97196779,2.735222133,2.987171337,0.002435434,0.001419985,0.002020586,0.002781317,0.002954981,0.707047048,0.705107999,0.706192979,0.707663127,0.708096219
sc7_zam24,NaN,0.450377427,0.279924796,0.350367344,0.524130806,0.605262169,0.122189709,0.068890446,0.097126771,0.15375957,0.177841458,0.435932119,0.254595335,0.342105247,0.520888449,0.601488003,0.716677087,0.390241988,0.566513478,0.86500949,0.980999632,0,0,0,0,0,0.008561431,0.000835197,0.004354103,0.013684347,0.020545582,0.709198204,0.709106065,0.709154699,0.709245926,0.709290218,0.443401653,0.343509433,0.380833924,0.507943389,0.566801417,0.452730526,0.29677205,0.391554409,0.52119575,0.604761533,0.08956679,0.014876257,0.039298695,0.14774898,0.219206271,0,0,0,0,0,2.212152923,1.291306738,1.702586834,2.706243863,3.09212554,0.000273838,0.000107944,0.00018084,0.000387127,0.000500341,0.703907061,0.702940943,0.703407093,0.704507712,0.704979211,0.938248042,0.927766774,0.932338217,0.945343379,0.94995546,0.061751958,0.05004454,0.054656621,0.067661783,0.072233226,0,0,0,0,0,0,0,0,0,0,0.008881144,0.007327365,0.007956585,0.009702792,0.010509925,0.001289631,0.00105472,0.00115204,0.001426707,0.001517519,0.708761662,0.708103604,0.708353286,0.709138739,0.709432375,0.286552078,0.058353566,0.162329242,0.411054588,0.564956068,0.166388963,0.056921398,0.109886164,0.220805514,0.266465976,0.551906908,0.250772775,0.420045405,0.674744858,0.791001187,0,0,0,0,0,4.657381685,2.096901777,3.03553734,6.791357221,8.457599507,0.001661205,0.000953029,0.001239089,0.002048921,0.002362126,0.703912022,0.702989455,0.703384808,0.704377452,0.704832684,0.089736955,0.012016752,0.042865819,0.154804517,0.234779748,0.903863918,0.76110315,0.839617607,0.952467682,0.983355835,0.004670221,0.000396111,0.002153571,0.006681043,0.008418944,0,0,0,0,0,0.753481524,0.382396106,0.519343449,0.958912566,1.148325555,0.000977132,0.000158078,0.000533974,0.0015094,0.002519516,0.704834171,0.702471514,0.703641823,0.706217513,0.708244897,0.70749882,0.459226193,0.604564062,0.789300519,0.888184114,0.148174068,0.01155108,0.070608009,0.259368572,0.390300565,0.131819418,0.027391089,0.073600361,0.181665823,0.237862413,0,0,0,0,0,2.350175725,1.457739377,1.958830574,2.730336723,2.993039145,0.002429073,0.001398627,0.002002401,0.002692431,0.002950306,0.706391397,0.70445392,0.705696719,0.707130378,0.707562996
sc4_zam24,NaN,0.44557558,0.281693622,0.358654592,0.537866287,0.609117228,0.124913562,0.070147567,0.094434526,0.153523324,0.179401536,0.43158614,0.255485485,0.33888619,0.517596484,0.603002609,0.737184763,0.384453829,0.551922887,0.881419447,0.97198825,0,0,0,0,0,0.005542514,0.000472844,0.002309467,0.010371997,0.017957012,0.709195645,0.70911135,0.709144435,0.709250582,0.709291012,0.451833081,0.340770209,0.387830542,0.522359335,0.572074548,0.444792269,0.273149798,0.367854815,0.514876988,0.595433069,0.09811279,0.012447949,0.051103195,0.159552584,0.221236644,0,0,0,0,0,2.116546434,1.294952708,1.64956587,2.648924485,3.108858135,0.000290428,0.000106512,0.000193626,0.000420362,0.000501337,0.703951814,0.702973948,0.703396804,0.704456121,0.704972113,0.939381625,0.928266494,0.933186602,0.945511847,0.949919936,0.060618375,0.050080064,0.054488153,0.066813398,0.071733506,0,0,0,0,0,0,0,0,0,0,0.009098863,0.007318862,0.008096523,0.009880433,0.010582969,0.001246828,0.001040175,0.001122331,0.001390559,0.001503302,0.708764959,0.708119299,0.708396473,0.709116851,0.709458119,0.255069301,0.040072871,0.126449546,0.410228804,0.571943324,0.166413884,0.060054476,0.105827689,0.222332787,0.271719701,0.590201389,0.245352674,0.409826479,0.708305853,0.815566432,0,0,0,0,0,4.476572549,2.099629173,3.031331296,6.604623622,8.647772621,0.001672736,0.000918414,0.001218062,0.002088158,0.002362535,0.703841624,0.703002568,0.703347741,0.704312887,0.704788363,0.10185255,0.010276747,0.050831703,0.171174509,0.242415625,0.892655333,0.751867043,0.824519684,0.943194009,0.984141958,0.004526763,0.000500888,0.002470973,0.006780509,0.008431476,0,0,0,0,0,0.755113199,0.386509018,0.541713391,0.958247512,1.189511648,0.000940388,0.000160003,0.000555678,0.00156156,0.002759944,0.704676832,0.702443631,0.703488848,0.705974308,0.707652149,0.689681314,0.397736954,0.578367912,0.786440916,0.893763861,0.182021594,0.014457763,0.089756313,0.294611655,0.479782328,0.110832241,0.024192142,0.069304068,0.172034469,0.244823048,0,0,0,0,0,2.443440265,1.501881412,2.000937365,2.790032369,3.021678086,0.002413008,0.001347615,0.001999559,0.002743386,0.002961061,0.706415609,0.70459634,0.705675707,0.706937324,0.707325059
sc1_zam24,NaN,0.307783329,0.265113348,0.281808571,0.364112809,0.490180271,0.103031307,0.06681983,0.080996894,0.132276704,0.170513756,0.572378654,0.403360021,0.52241648,0.617029102,0.650638109,0.492889713,0.389804047,0.435513555,0.610023835,0.873288641,0,0,0,0,0,0.001502951,0.000344102,0.000982867,0.001965322,0.002747834,0.709192433,0.709109672,0.709146695,0.709239329,0.709288791,0.450157011,0.343392958,0.400616265,0.526591911,0.571220793,0.41222544,0.249934412,0.337612654,0.49405996,0.583031785,0.13216696,0.01998494,0.071186615,0.184557535,0.22934773,0,0,0,0,0,2.124861963,1.269004181,1.613496908,2.632477424,3.086695057,0.000279368,0.000106479,0.00017551,0.000395977,0.000499527,0.703929134,0.702963503,0.703401383,0.704597537,0.704999045,0.93877762,0.928404585,0.932421929,0.944727453,0.949658472,0.06122238,0.050341528,0.055272547,0.067578071,0.071595415,0,0,0,0,0,0,0,0,0,0,0.008955749,0.007382683,0.00807074,0.009875475,0.010535008,0.001277549,0.001053343,0.001148844,0.001405792,0.001512651,0.708861611,0.70814778,0.708493379,0.709178762,0.709463663,0.128359496,0.029833182,0.076438158,0.234292127,0.399073297,0.116303373,0.048894978,0.074279176,0.182199383,0.259143019,0.718988462,0.439338059,0.628276392,0.811245936,0.883325526,0,0,0,0,0,3.739108328,2.123761373,2.701032959,5.351621978,7.850275092,0.001276022,0.000873935,0.001028714,0.001658038,0.002261565,0.704139712,0.703039307,0.703494649,0.704535569,0.704809578,0.113172743,0.016112876,0.051566292,0.182489794,0.242713029,0.883263045,0.752579696,0.812646696,0.943596101,0.980654985,0.004464317,0.000499851,0.00225693,0.006552242,0.008462799,0,0,0,0,0,0.718520793,0.377903126,0.537765972,0.95837284,1.200925154,0.002722895,0.000281948,0.001150598,0.004189752,0.005858167,0.707085108,0.702688268,0.704751812,0.708580893,0.709600903,0.703747384,0.47710905,0.607841403,0.79239356,0.905733224,0.21545079,0.03017798,0.128729955,0.302703225,0.446076416,0.063732486,0.014712062,0.036777206,0.104040842,0.203738686,0,0,0,0,0,2.436601782,1.496763455,2.044709858,2.759427405,3.019736093,0.00255048,0.00138015,0.002184011,0.002819329,0.002962407,0.70752349,0.707085931,0.707280263,0.707827284,0.708370473
lawis_river_zam24,NaN,0.444091381,0.278730932,0.368573882,0.52961758,0.599993833,0.125065898,0.067561863,0.088176345,0.154397703,0.180128429,0.429871288,0.261544123,0.348526567,0.509531281,0.607266267,0.745928544,0.391632687,0.568238299,0.865916451,0.970504088,0,0,0,0,0,0.002794953,0.0002158,0.00124321,0.005891738,0.011683222,0.709203537,0.709107654,0.709151776,0.709248126,0.70928676,0.443196947,0.342431155,0.381919323,0.50066358,0.570254556,0.44798668,0.280930859,0.37727356,0.52707645,0.609008192,0.093820558,0.014951313,0.048347999,0.158651289,0.221908543,0,0,0,0,0,2.042832435,1.281398291,1.601748368,2.578089955,3.057226466,0.000296734,0.000112735,0.00019839,0.000412701,0.000504367,0.703986032,0.702955923,0.703432533,0.704450557,0.704965024,0.939561271,0.928193696,0.933703398,0.945804631,0.950159077,0.060438729,0.049840923,0.054195369,0.066296602,0.071806304,0,0,0,0,0,0,0,0,0,0,0.008862216,0.00732258,0.007993479,0.009847762,0.01056523,0.001256153,0.001042839,0.001134661,0.001396926,0.001524047,0.708779277,0.708081346,0.708377715,0.709162566,0.709432664,0.288691072,0.049612751,0.160894086,0.414000529,0.559135157,0.162948123,0.055971944,0.108005237,0.218475863,0.268792792,0.557356805,0.23784266,0.428071991,0.675686052,0.817297026,0,0,0,0,0,4.691780516,2.143910937,3.240030138,6.592816365,8.757800508,0.001646831,0.000912846,0.00126071,0.002012295,0.002354329,0.704009333,0.703042876,0.703502092,0.704429457,0.70479345,0.117226398,0.010524392,0.065188258,0.184275763,0.244899284,0.879552646,0.749085283,0.810634399,0.930980022,0.984612026,0.004428549,0.000339823,0.002320499,0.006722694,0.00828483,0,0,0,0,0,0.7690831,0.380782747,0.52994699,0.979011673,1.183853088,0.001130104,0.000250144,0.000677616,0.001868641,0.00369928,0.704025089,0.702379981,0.703086357,0.705173892,0.706634742,0.627198515,0.391856475,0.512056679,0.730374549,0.865407253,0.217109269,0.016246617,0.101419788,0.333882071,0.496083841,0.146463971,0.030929539,0.088178485,0.202248217,0.248273716,0,0,0,0,0,2.371041195,1.386630466,1.912507263,2.704565888,2.989701173,0.002428838,0.001259315,0.002024184,0.002764326,0.00295435,0.705971657,0.704049408,0.705269769,0.706399782,0.706668505
masinloc_river_zam24,NaN,0.426060483,0.278380342,0.338057124,0.518778994,0.59811719,0.123298912,0.069048279,0.09254345,0.153261788,0.180336665,0.451291497,0.268452103,0.353901431,0.534040098,0.610745615,0.704691676,0.392611597,0.543676309,0.852127203,0.973475035,0,0,0,0,0,0.008678329,0.001154704,0.004210518,0.014167419,0.020758285,0.709211062,0.709110787,0.709151709,0.709249274,0.709291764,0.446686272,0.343023476,0.392850022,0.511546774,0.572621082,0.439266013,0.267346092,0.366241199,0.507023869,0.590650226,0.108926077,0.016817582,0.057908607,0.172738857,0.225917079,0,0,0,0,0,2.127926891,1.274811229,1.640357652,2.67474838,3.089271671,0.000280168,0.000109493,0.00018022,0.000399756,0.000497144,0.703917022,0.702953212,0.703396193,0.704522986,0.704976826,0.937988792,0.927642502,0.93201571,0.944822086,0.949761758,0.062011208,0.050238242,0.055177914,0.06798429,0.072357498,0,0,0,0,0,0,0,0,0,0,0.008923878,0.007345541,0.008018597,0.009874025,0.010516628,0.00129378,0.001049239,0.001149133,0.001431773,0.001517978,0.708884153,0.708145075,0.708513658,0.709187791,0.709449434,0.280095365,0.045454636,0.14331575,0.394586641,0.551143686,0.154168119,0.047715661,0.094149179,0.214389141,0.268089386,0.580457519,0.256372227,0.429926573,0.692486433,0.84072737,0,0,0,0,0,4.921641177,2.077201445,3.23253189,6.704877183,8.401908672,0.001588791,0.000902767,0.001214105,0.001977439,0.002340072,0.703925719,0.703013593,0.703408673,0.704426767,0.704808931,0.116042891,0.012955684,0.05520469,0.17935728,0.233856351,0.879734435,0.761472991,0.817894441,0.939613539,0.982763529,0.004573139,0.000418363,0.002141313,0.006666767,0.008058888,0,0,0,0,0,0.705396349,0.379358251,0.522580955,0.982406327,1.17546666,0.000802618,8.31E-05,0.000380733,0.00166519,0.003345393,0.706505575,0.702842343,0.704459833,0.708174669,0.709422652,0.697942361,0.423474742,0.563795678,0.802852321,0.907338278,0.180960951,0.01823731,0.085927459,0.310718867,0.486829883,0.103924511,0.01921238,0.059071544,0.159226414,0.235221007,0,0,0,0,0,2.317490059,1.317445362,1.79205308,2.721017842,2.999838818,0.002476615,0.001128202,0.001960294,0.002736042,0.002941443,0.707516482,0.706127009,0.706831298,0.708150471,0.708762223
salasa_river_zam24,NaN,0.43078894,0.27565071,0.341392422,0.530239895,0.599109297,0.129692717,0.069220275,0.09830057,0.156733771,0.17746875,0.438458872,0.259961001,0.347335031,0.527889919,0.595408656,0.713384065,0.388290519,0.547516605,0.876271435,0.982579619,0,0,0,0,0,0.003571293,0.000374436,0.001644229,0.006169378,0.012714729,0.709200439,0.709109803,0.709148967,0.709247769,0.709283811,0.451750418,0.341965532,0.397420012,0.521489818,0.569245442,0.429151339,0.258892841,0.360165986,0.496380922,0.58467364,0.116379413,0.018007314,0.056668875,0.170532179,0.218560217,0,0,0,0,0,2.105110833,1.267849474,1.635023166,2.647789555,3.084653598,0.00027696,0.000111259,0.000175998,0.00038177,0.000505103,0.704024676,0.702934931,0.70337444,0.704638161,0.704992223,0.938214758,0.927852464,0.932350618,0.944767266,0.950005942,0.061785242,0.049994058,0.055232734,0.067649382,0.072147536,0,0,0,0,0,0,0,0,0,0,0.008995393,0.007303433,0.008110552,0.009801728,0.010541927,0.001276646,0.001044289,0.001159133,0.001416572,0.00150184,0.708774863,0.708114223,0.708386331,0.70915212,0.709464361,0.268710664,0.046274977,0.141782491,0.424849986,0.570506172,0.155872525,0.0513519,0.098517604,0.228193073,0.27108094,0.563854175,0.23951287,0.409020132,0.700496236,0.844287909,0,0,0,0,0,4.896181299,2.091229798,3.361862148,6.842343838,8.300984563,0.001567566,0.00090209,0.001217669,0.001938447,0.002319245,0.703915147,0.703016759,0.703437439,0.704405058,0.704846993,0.116935223,0.014112557,0.057870394,0.178536157,0.243038552,0.878268417,0.752707629,0.816639523,0.936931318,0.980266327,0.00460943,0.000577496,0.002298388,0.006520284,0.008201722,0,0,0,0,0,0.779872916,0.395408378,0.533633787,1.031540574,1.184861622,0.001028199,0.000119418,0.00044263,0.001990355,0.004754062,0.706355996,0.702650077,0.704522065,0.707980422,0.709332168,0.658111562,0.383815626,0.533223823,0.781714213,0.909905051,0.211339416,0.01540633,0.092272826,0.345400279,0.498513275,0.106562259,0.017700136,0.063460846,0.163966122,0.238437183,0,0,0,0,0,2.364884847,1.385141371,1.852113978,2.729694891,3.01664941,0.002478861,0.001389145,0.002058208,0.002760873,0.002953733,0.707481758,0.705699867,0.706743575,0.707998184,0.708637594
bagsit_river_zam24,NaN,0.446271053,0.274025016,0.342255598,0.535705853,0.608929212,0.12335114,0.067910662,0.088911176,0.156555107,0.179426189,0.427202293,0.252560677,0.345274164,0.529072576,0.623826374,0.702122827,0.379780381,0.531467579,0.85180485,0.973406656,0,0,0,0,0,0.009793126,0.000933522,0.004364625,0.014525044,0.021365629,0.709203555,0.709109989,0.709150969,0.709258617,0.709291046,0.45121336,0.344825976,0.389028343,0.516131179,0.568608575,0.437692681,0.25990149,0.378429316,0.50739821,0.585971974,0.10882264,0.014932964,0.048623509,0.168265827,0.223588342,0,0,0,0,0,2.130786587,1.275036974,1.696051389,2.702530155,3.069200123,0.000299522,0.000104783,0.000183436,0.000401149,0.000498198,0.703998071,0.702929383,0.703324184,0.704537677,0.704971947,0.939155181,0.927798915,0.933483127,0.945495425,0.949722998,0.060844819,0.050277002,0.054504575,0.066516873,0.072201085,0,0,0,0,0,0,0,0,0,0,0.008826057,0.007310067,0.007933017,0.00975665,0.010505238,0.001269888,0.001038745,0.001144678,0.00140357,0.001509305,0.708802897,0.708116976,0.708437255,0.709144266,0.70943742,0.256199855,0.049832257,0.131800777,0.427109003,0.555286351,0.149975573,0.050177907,0.092025802,0.208645663,0.270744053,0.576199934,0.245339535,0.412888805,0.718344568,0.847728716,0,0,0,0,0,4.820860873,2.221187214,3.174212349,6.949173218,8.56640655,0.001555875,0.000888446,0.0012101,0.002028898,0.002332775,0.703893502,0.703019757,0.703453967,0.704425958,0.704827208,0.106545839,0.013045057,0.052977423,0.160503076,0.241589458,0.889621645,0.754040379,0.83408627,0.943704025,0.982648533,0.004405937,0.00038334,0.002041952,0.006595056,0.008317385,0,0,0,0,0,0.764187564,0.368472309,0.537057637,0.948382676,1.175653611,0.000792637,7.61E-05,0.000379556,0.001475299,0.003421784,0.706063878,0.702753227,0.704491766,0.707740417,0.709486479,0.671689887,0.410970119,0.540795787,0.789882909,0.898977486,0.221241856,0.017840091,0.088222896,0.34307067,0.489585236,0.101063143,0.017565276,0.055622347,0.154209044,0.233655805,0,0,0,0,0,2.36683544,1.411811243,1.905985917,2.730753859,3.016474867,0.002394456,0.001197478,0.001941118,0.002719538,0.002970288,0.707227889,0.705424096,0.706344324,0.70784212,0.708603562
bancal_river_zam24,NaN,0.343140803,0.267793486,0.288670274,0.422617099,0.550245721,0.114392574,0.069215898,0.087911054,0.148112022,0.176930954,0.537385834,0.320355206,0.452064887,0.589732117,0.638590137,0.487853368,0.35358345,0.402905775,0.671189117,0.924303569,0,0,0,0,0,0.001627737,0.00032065,0.001027087,0.002396822,0.003891965,0.709197212,0.709109509,0.709149424,0.709254846,0.709289889,0.450363211,0.34532794,0.391519291,0.508003545,0.565992907,0.411760913,0.266061509,0.336390031,0.474582078,0.575515839,0.142530142,0.019833304,0.079641807,0.194141698,0.229411123,0,0,0,0,0,2.026337835,1.260483459,1.592776711,2.504892807,3.024487554,0.000289615,0.000111348,0.000186337,0.000410205,0.000501096,0.704012625,0.702963946,0.703396087,0.704622509,0.704993043,0.938797628,0.928341845,0.933358363,0.945068317,0.95002029,0.061202372,0.04997971,0.054931683,0.066641637,0.071658155,0,0,0,0,0,0,0,0,0,0,0.008962609,0.007319153,0.00798639,0.009851348,0.010452991,0.001284176,0.001052989,0.001163839,0.001393278,0.001506909,0.708837266,0.708100928,0.708481537,0.709137539,0.709463398,0.131386314,0.034773789,0.075345468,0.215631159,0.419891204,0.138932276,0.051135305,0.088173276,0.201439452,0.264934743,0.712152163,0.452329219,0.633631354,0.784461225,0.86367288,0,0,0,0,0,3.105983195,1.997095421,2.475843751,4.286972576,7.632066577,0.001356595,0.000886602,0.001055763,0.001681973,0.002225145,0.704032269,0.70305245,0.703451025,0.704545124,0.704836058,0.116921832,0.016109565,0.058969434,0.182559046,0.240303532,0.879065917,0.753912698,0.8132966,0.934725248,0.98013165,0.004295223,0.000412398,0.002314366,0.00678606,0.008225965,0,0,0,0,0,0.786135925,0.375528724,0.553168574,0.984996683,1.169901122,0.002654176,0.000229179,0.001301911,0.004451666,0.005831228,0.706774229,0.702673219,0.704675893,0.708330792,0.709439919,0.736348954,0.525653528,0.646683301,0.828429903,0.936486518,0.166077941,0.021115949,0.0884915,0.265480859,0.412732813,0.064949831,0.01303835,0.030710023,0.113512203,0.200435874,0,0,0,0,0,2.584855426,1.599189939,2.242735657,2.851688311,3.053575121,0.002476285,0.001462496,0.002085269,0.002772236,0.002938854,0.707064287,0.706563444,0.706745123,0.707501005,0.708201551
bucao_river_zam24,NaN,0.444006466,0.276841068,0.34058721,0.538240475,0.610289499,0.118751453,0.068843845,0.09054021,0.153613029,0.177392298,0.439012149,0.253730222,0.344557149,0.531780027,0.610820838,0.717843778,0.39471069,0.541888203,0.88219085,0.978307956,0,0,0,0,0,0.002479394,0.000190206,0.001178664,0.004667197,0.009213166,0.709202919,0.709111359,0.709157161,0.70925496,0.709290609,0.465569827,0.343788473,0.400386917,0.523312632,0.572369159,0.404877602,0.255934495,0.32602035,0.473407269,0.583516573,0.139941433,0.022385721,0.081278013,0.190059515,0.228018813,0,0,0,0,0,1.759184399,1.246843928,1.443704269,2.300113305,3.024617952,0.000306394,0.000115628,0.000198286,0.000416691,0.000492674,0.703905972,0.702929126,0.703328542,0.704427671,0.704970769,0.938027456,0.927708099,0.93224694,0.945024196,0.949703207,0.061972544,0.050296793,0.054975804,0.06775306,0.072291901,0,0,0,0,0,0,0,0,0,0,0.008936418,0.007297796,0.008057224,0.009867738,0.010543139,0.001270492,0.001055072,0.001152544,0.001411252,0.001515518,0.708744877,0.70811073,0.708364655,0.709154943,0.709446914,0.26049744,0.049354474,0.12238951,0.387555362,0.535514325,0.161124922,0.054697387,0.097613629,0.212572744,0.267625696,0.578220215,0.289662259,0.460226384,0.708374531,0.835160692,0,0,0,0,0,3.404527373,2.006776567,2.472084158,4.988603193,7.813444871,0.001620545,0.000933874,0.001266049,0.002048248,0.002347165,0.703836708,0.703000589,0.703397185,0.704340106,0.704809618,0.130334556,0.015789467,0.065744618,0.189006104,0.244829793,0.865452689,0.751133649,0.806989276,0.930864516,0.979390455,0.004191595,0.000521752,0.002351712,0.006505787,0.008208638,0,0,0,0,0,0.747436872,0.374289937,0.542404889,0.95794431,1.161940808,0.002153045,0.000399077,0.001189703,0.003677794,0.005533594,0.70403046,0.702359112,0.703183164,0.705225076,0.707570835,0.676500777,0.393132744,0.54533676,0.779278308,0.902216761,0.22201553,0.026075246,0.107398382,0.353154882,0.526791726,0.086878343,0.016214634,0.043493695,0.141533976,0.237241297,0,0,0,0,0,2.580471114,1.691830289,2.220848159,2.855795393,3.039757938,0.002266416,0.000906052,0.001710875,0.002651717,0.002935037,0.705984073,0.704282877,0.705483596,0.706311191,0.706553964
dapya_river_zam24,NaN,0.432579104,0.28512952,0.353922599,0.527810384,0.606829833,0.127924387,0.070515298,0.094045571,0.155833035,0.179131433,0.432644209,0.26135573,0.3490336,0.522453347,0.616946395,0.733276675,0.394777179,0.551959395,0.863534389,0.982659288,0,0,0,0,0,0.004483989,0.000504847,0.002113445,0.009382042,0.015861502,0.709201114,0.709108224,0.709143634,0.709255369,0.709290499,0.449837901,0.345358845,0.386064859,0.504706158,0.565978797,0.446736399,0.290028418,0.380089831,0.512518239,0.598514309,0.09590712,0.019380246,0.051225973,0.15538622,0.215373642,0,0,0,0,0,2.138671846,1.280744613,1.588806732,2.59664381,3.106687179,0.00028338,0.000106528,0.000188957,0.00039833,0.000505932,0.703876407,0.702942593,0.703287079,0.70446013,0.705002018,0.939114553,0.927931229,0.933046938,0.945890565,0.95026192,0.060885447,0.04973808,0.054109435,0.066953062,0.072068771,0,0,0,0,0,0,0,0,0,0,0.008931781,0.007328236,0.008087324,0.009840904,0.010572671,0.001280854,0.001049234,0.001148096,0.001416874,0.001513891,0.708746762,0.708120481,0.708405522,0.709140414,0.709445594,0.248041417,0.047724329,0.136095359,0.37809549,0.533388039,0.15634434,0.050957439,0.094532539,0.214626039,0.26568092,0.585841428,0.29546597,0.448664207,0.71843456,0.846967136,0,0,0,0,0,4.328794369,2.137531147,3.037837419,6.593467954,8.466457641,0.001638113,0.000923174,0.00122359,0.002021372,0.002333785,0.703804434,0.702981681,0.70332229,0.704340361,0.704792818,0.110395857,0.011340606,0.05908626,0.170405065,0.240181617,0.884849637,0.756799055,0.825399371,0.936349198,0.983745221,0.004427056,0.000485869,0.002489463,0.006540759,0.008239277,0,0,0,0,0,0.742660407,0.378431159,0.544544214,0.940583052,1.170421694,0.001232347,0.000220454,0.000694985,0.002069113,0.003927984,0.703734449,0.702348337,0.7028397,0.704965708,0.706484113,0.652588952,0.387992294,0.533450635,0.774870042,0.897620027,0.19262309,0.017678097,0.098291815,0.331740673,0.5044699,0.117761908,0.019478247,0.063980913,0.173104417,0.243558085,0,0,0,0,0,2.476794756,1.448308913,1.968110395,2.790845911,3.034231429,0.002484746,0.001257135,0.001989226,0.002760333,0.002962907,0.705666871,0.703974537,0.705028855,0.706082783,0.706327014
maloma_river_zam24,NaN,0.431619923,0.278578177,0.337720546,0.529131935,0.601995289,0.124651072,0.070301437,0.09450408,0.152479151,0.176929809,0.441392946,0.268628167,0.343830593,0.537512055,0.611694155,0.692677623,0.390867449,0.540668784,0.827453431,0.96734274,0,0,0,0,0,0.002432437,0.000187357,0.001088375,0.004759164,0.007824823,0.709200726,0.709109728,0.709150079,0.709247604,0.709289593,0.447030627,0.343826257,0.392282804,0.509972725,0.565367767,0.42183354,0.247276583,0.342307505,0.491228429,0.588652905,0.14211134,0.023214403,0.072679403,0.185836751,0.227180941,0,0,0,0,0,1.962095991,1.258518687,1.565904652,2.446538298,3.059660351,0.000327998,0.000116594,0.000201418,0.000433965,0.000514876,0.703894621,0.702975808,0.703407534,0.704516603,0.704919599,0.939547657,0.928177625,0.933802622,0.945346303,0.949913563,0.060452343,0.050086437,0.054653697,0.066197378,0.071822375,0,0,0,0,0,0,0,0,0,0,0.008844736,0.007374249,0.007985437,0.009834337,0.010533047,0.001288825,0.001051413,0.001150376,0.001425804,0.001514946,0.708766263,0.708114452,0.708420168,0.709107588,0.709435816,0.262522004,0.041953529,0.122054933,0.392222838,0.539732778,0.160463386,0.050958294,0.098720187,0.223449862,0.271010219,0.583548781,0.275110817,0.439243617,0.69910152,0.836739752,0,0,0,0,0,3.836578678,2.054298323,2.793644277,5.467908475,8.137137859,0.001575778,0.00090428,0.001182367,0.002008503,0.002309223,0.703915763,0.702979664,0.703411276,0.704423479,0.704830998,0.12399588,0.01333072,0.057510608,0.183272583,0.24538326,0.872849146,0.751569527,0.811588677,0.938431379,0.982760413,0.004399757,0.000409315,0.00192602,0.006613272,0.008067473,0,0,0,0,0,0.735609959,0.379831076,0.537755106,0.944673955,1.156900978,0.001600596,0.000237507,0.000959346,0.00295255,0.005136353,0.704786831,0.702443774,0.703488089,0.706420911,0.708860426,0.688336514,0.395087382,0.544477125,0.789685464,0.904358388,0.191757419,0.015975547,0.085311928,0.338641684,0.522664118,0.100165068,0.017716284,0.049343558,0.156048731,0.239733589,0,0,0,0,0,2.468233232,1.585695385,2.156742016,2.809528395,3.047316431,0.002396729,0.001064167,0.001894075,0.002707793,0.002946428,0.706114597,0.704462156,0.705503656,0.706715988,0.707080432
