sample_id,date,prec_Ca,prec_Ca_pct05,prec_Ca_pct25,prec_Ca_pct75,prec_Ca_pct95,prec_Mg,prec_Mg_pct05,prec_Mg_pct25,prec_Mg_pct75,prec_Mg_pct95,prec_Na,prec_Na_pct05,prec_Na_pct25,prec_Na_pct75,prec_Na_pct95,prec_Cl,prec_Cl_pct05,prec_Cl_pct25,prec_Cl_pct75,prec_Cl_pct95,prec_Si,prec_Si_pct05,prec_Si_pct25,prec_Si_pct75,prec_Si_pct95,bslt_Ca,bslt_Ca_pct05,bslt_Ca_pct25,bslt_Ca_pct75,bslt_Ca_pct95,bslt_Mg,bslt_Mg_pct05,bslt_Mg_pct25,bslt_Mg_pct75,bslt_Mg_pct95,bslt_Na,bslt_Na_pct05,bslt_Na_pct25,bslt_Na_pct75,bslt_Na_pct95,bslt_Cl,bslt_Cl_pct05,bslt_Cl_pct25,bslt_Cl_pct75,bslt_Cl_pct95,bslt_Si,bslt_Si_pct05,bslt_Si_pct25,bslt_Si_pct75,bslt_Si_pct95,carb_Ca,carb_Ca_pct05,carb_Ca_pct25,carb_Ca_pct75,carb_Ca_pct95,carb_Mg,carb_Mg_pct05,carb_Mg_pct25,carb_Mg_pct75,carb_Mg_pct95,carb_Na,carb_Na_pct05,carb_Na_pct25,carb_Na_pct75,carb_Na_pct95,carb_Cl,carb_Cl_pct05,carb_Cl_pct25,carb_Cl_pct75,carb_Cl_pct95,carb_Si,carb_Si_pct05,carb_Si_pct25,carb_Si_pct75,carb_Si_pct95,flsc_Ca,flsc_Ca_pct05,flsc_Ca_pct25,flsc_Ca_pct75,flsc_Ca_pct95,flsc_Mg,flsc_Mg_pct05,flsc_Mg_pct25,flsc_Mg_pct75,flsc_Mg_pct95,flsc_Na,flsc_Na_pct05,flsc_Na_pct25,flsc_Na_pct75,flsc_Na_pct95,flsc_Cl,flsc_Cl_pct05,flsc_Cl_pct25,flsc_Cl_pct75,flsc_Cl_pct95,flsc_Si,flsc_Si_pct05,flsc_Si_pct25,flsc_Si_pct75,flsc_Si_pct95,umfc_Ca,umfc_Ca_pct05,umfc_Ca_pct25,umfc_Ca_pct75,umfc_Ca_pct95,umfc_Mg,umfc_Mg_pct05,umfc_Mg_pct25,umfc_Mg_pct75,umfc_Mg_pct95,umfc_Na,umfc_Na_pct05,umfc_Na_pct25,umfc_Na_pct75,umfc_Na_pct95,umfc_Cl,umfc_Cl_pct05,umfc_Cl_pct25,umfc_Cl_pct75,umfc_Cl_pct95,umfc_Si,umfc_Si_pct05,umfc_Si_pct25,umfc_Si_pct75,umfc_Si_pct95,clay_Ca,clay_Ca_pct05,clay_Ca_pct25,clay_Ca_pct75,clay_Ca_pct95,clay_Mg,clay_Mg_pct05,clay_Mg_pct25,clay_Mg_pct75,clay_Mg_pct95,clay_Na,clay_Na_pct05,clay_Na_pct25,clay_Na_pct75,clay_Na_pct95,clay_Cl,clay_Cl_pct05,clay_Cl_pct25,clay_Cl_pct75,clay_Cl_pct95,clay_Si,clay_Si_pct05,clay_Si_pct25,clay_Si_pct75,clay_Si_pct95
lawis_river_schopka,NaN,0.445273897,0.27545444,0.357643327,0.527770595,0.599165044,0.124431592,0.071586703,0.092686407,0.154690595,0.179888935,0.428349215,0.26891743,0.351640768,0.519688992,0.604644912,0.65157078,0.374309775,0.495431365,0.834185205,0.961363763,0,0,0,0,0,0.464106241,0.35262994,0.39952469,0.524698837,0.5697773,0.412738442,0.255622498,0.349011783,0.481942171,0.580198513,0.122142565,0.020976819,0.072322792,0.181313805,0.224460244,0,0,0,0,0,2.108009716,1.299708051,1.666130425,2.712048101,3.120919816,0.939179385,0.927803445,0.932926037,0.945063462,0.950245802,0.060820615,0.049754198,0.054936538,0.067073963,0.072196555,0,0,0,0,0,0,0,0,0,0,0.009004813,0.007274897,0.00787325,0.009827033,0.010564588,0.280007404,0.045043408,0.129778047,0.42812244,0.55138679,0.16250444,0.055965165,0.110970592,0.219698945,0.264132266,0.550915985,0.26796257,0.42212719,0.699870597,0.800338111,0,0,0,0,0,4.953354361,2.162243549,3.619591325,6.922897467,8.646877734,0.104031876,0.014005806,0.055014299,0.168533805,0.233099362,0.890647095,0.761915361,0.827502235,0.941952976,0.981122862,0.004358265,0.000549803,0.002259062,0.006514669,0.008249655,0,0,0,0,0,0.757608382,0.374541272,0.543475829,0.982551424,1.163844459,0.694416971,0.416611533,0.589887117,0.789895511,0.900993091,0.200723826,0.016368321,0.101399065,0.313098205,0.47847409,0.095081238,0.015670819,0.053819359,0.147664439,0.226942312,0,0,0,0,0,2.355660529,1.424472578,1.936449138,2.782642253,3.035621297
bulsa_river_ds_schopka,NaN,0.436459801,0.280125285,0.348244369,0.534840931,0.606411287,0.125154926,0.0680844,0.093289262,0.156543711,0.177358609,0.444290067,0.265881738,0.34589922,0.519219356,0.605920195,0.640060157,0.370980413,0.468212281,0.818577168,0.964414725,0,0,0,0,0,0.441061423,0.342020547,0.392378675,0.506363724,0.565523275,0.423822798,0.255497641,0.345978745,0.489849336,0.581413257,0.140612764,0.019189515,0.076462406,0.190220778,0.22841834,0,0,0,0,0,2.122674311,1.259969535,1.637630946,2.725770828,3.104200141,0.939504611,0.927933462,0.932844357,0.945362098,0.950178462,0.060495389,0.049821538,0.054637902,0.067155643,0.072066538,0,0,0,0,0,0,0,0,0,0,0.008929368,0.007316581,0.008041104,0.00991181,0.01056012,0.207270856,0.03909318,0.09925074,0.346467295,0.527541965,0.147490483,0.047126373,0.094579763,0.210721075,0.266215347,0.637167358,0.318670164,0.507156715,0.727762024,0.83571646,0,0,0,0,0,3.332186493,2.045999393,2.603791061,4.664511972,7.407215147,0.124840461,0.017098102,0.065615211,0.192808806,0.247201841,0.871045484,0.75117209,0.803109663,0.930527197,0.980352064,0.004046991,0.000323271,0.002060112,0.006283263,0.008193786,0,0,0,0,0,0.723465868,0.374518102,0.524046098,0.959310582,1.179136497,0.65499296,0.377989225,0.520723468,0.78180474,0.893845026,0.232823427,0.023270144,0.10982877,0.384031237,0.545631893,0.080501486,0.012437739,0.035827638,0.146784753,0.23368282,0,0,0,0,0,2.493212986,1.473322565,2.01615432,2.789589988,3.023544505
camiling_river_us_schopka,NaN,0.45029332,0.282401571,0.362832813,0.534527275,0.612255377,0.123914877,0.068660022,0.092911217,0.154137672,0.178085989,0.42302357,0.257208502,0.337090078,0.516905211,0.612484002,0.65946608,0.365207841,0.504302841,0.829163401,0.955939067,0,0,0,0,0,0.454093171,0.345589891,0.393514017,0.518503926,0.568724387,0.418146655,0.25672223,0.344674438,0.481144311,0.581900154,0.135149893,0.01603351,0.063789011,0.191912499,0.228958062,0,0,0,0,0,2.13357533,1.311865046,1.619595961,2.671716474,3.10474118,0.939199778,0.928202797,0.932836162,0.945072896,0.949960623,0.060800222,0.050039377,0.054927104,0.067163838,0.071797203,0,0,0,0,0,0,0,0,0,0,0.009019471,0.007302972,0.008065727,0.00987011,0.010536572,0.238594632,0.040601168,0.130677427,0.379943385,0.519098513,0.139492338,0.050957251,0.092009865,0.209174746,0.262555525,0.613398662,0.300750891,0.468702097,0.720926716,0.85805588,0,0,0,0,0,3.997078428,2.116846818,2.991192384,5.967429874,8.479813257,0.121787819,0.011164599,0.059264564,0.182762387,0.243131441,0.874596892,0.753693017,0.811975561,0.933727197,0.983343116,0.004122174,0.000451571,0.002003394,0.006332219,0.008172801,0,0,0,0,0,0.723578426,0.382538268,0.534851237,0.973380496,1.176466478,0.634873932,0.383886745,0.508507906,0.75823678,0.888180782,0.246491699,0.031764566,0.136205277,0.3883013,0.545723204,0.085041328,0.015714173,0.042140415,0.143082216,0.22091874,0,0,0,0,0,2.458070048,1.497159889,2.049481683,2.808813766,3.029760284
malabobo_river_schopka,NaN,0.439622979,0.279893577,0.354326109,0.52797266,0.609036985,0.119120603,0.068249503,0.092505105,0.156148041,0.178483788,0.438417177,0.2562428,0.352963087,0.526885446,0.613185857,0.696730652,0.379473599,0.533597044,0.842107227,0.976058897,0,0,0,0,0,0.444277097,0.341192586,0.392375016,0.511206433,0.566057884,0.415237909,0.2514689,0.351959252,0.485880551,0.570720642,0.141637025,0.023396197,0.077150434,0.19137057,0.230005015,0,0,0,0,0,2.195611507,1.253104912,1.626725503,2.753747233,3.110668006,0.938964698,0.927678214,0.932510504,0.945784503,0.950263544,0.061035302,0.049736456,0.054215497,0.067489496,0.072321786,0,0,0,0,0,0,0,0,0,0,0.009093226,0.007308062,0.00808217,0.009916918,0.010567052,0.249599014,0.052368665,0.139204285,0.39711398,0.561411125,0.139987149,0.050752695,0.087300017,0.19835268,0.259561826,0.601640918,0.292679905,0.450763923,0.717131342,0.83574685,0,0,0,0,0,4.374145017,2.132348448,2.920553438,5.96169935,8.087263498,0.111498641,0.015463996,0.060362411,0.189820345,0.246743461,0.88533277,0.749603924,0.806120014,0.936309162,0.981129332,0.004150928,0.000346456,0.002117946,0.006347698,0.008200136,0,0,0,0,0,0.77204547,0.377450165,0.562705034,0.98870875,1.172511387,0.649242239,0.374351664,0.512891977,0.777418682,0.894059576,0.246134447,0.027618083,0.116846007,0.377040337,0.5357478,0.087411549,0.015690964,0.044420409,0.147282249,0.226219835,0,0,0,0,0,2.393408925,1.446334705,1.906597096,2.788062835,3.01808167
dumoloc_river_schopka,NaN,0.427526069,0.277271353,0.340806341,0.533624369,0.608165584,0.125953698,0.071712224,0.096181137,0.15843797,0.179399445,0.440793662,0.263421072,0.342169978,0.527672451,0.611046793,0.673643362,0.382225841,0.50850159,0.837114653,0.965683409,0,0,0,0,0,0.448781146,0.342955037,0.388258326,0.509941771,0.5627104,0.412588736,0.25640975,0.340576473,0.487724171,0.593254661,0.143305407,0.023796985,0.076665917,0.197800929,0.230557273,0,0,0,0,0,2.111627915,1.2734344,1.637884289,2.582786723,3.045989808,0.939155385,0.928360449,0.933094093,0.945371519,0.94998361,0.060844615,0.05001639,0.054628481,0.066905907,0.071639551,0,0,0,0,0,0,0,0,0,0,0.008867323,0.007291348,0.007948205,0.009820444,0.010469886,0.234753618,0.040784256,0.118849069,0.405342235,0.553373136,0.151377527,0.052274394,0.106880725,0.209046916,0.268520302,0.595022847,0.297364131,0.440648965,0.711956168,0.840534816,0,0,0,0,0,4.462926998,2.175514958,3.20420863,6.343457064,8.386822426,0.139629512,0.01299693,0.064384451,0.197985931,0.242605319,0.855867495,0.754849428,0.797273923,0.931372028,0.98399679,0.004601311,0.000436159,0.002263033,0.006676263,0.008183392,0,0,0,0,0,0.754782161,0.394722285,0.559146759,0.978715277,1.183580398,0.647445663,0.378126713,0.511733394,0.778506071,0.907626754,0.25000942,0.021580225,0.123946915,0.383195492,0.561172578,0.078522722,0.015586207,0.042151892,0.144612125,0.221712437,0,0,0,0,0,2.438848196,1.443232226,1.974537485,2.778299491,3.03930468
malabobo_river_schopka,NaN,0.442820546,0.272867668,0.356055155,0.529384421,0.602238968,0.118216116,0.068721733,0.092592356,0.146164803,0.179356113,0.433628983,0.275993618,0.354975509,0.520825822,0.607382527,0.67073966,0.386312717,0.51266486,0.846737851,0.97614005,0,0,0,0,0,0.452120271,0.344020637,0.404618425,0.509782641,0.570044835,0.40814841,0.249764724,0.34101869,0.489563339,0.572012264,0.131622175,0.02016576,0.072068709,0.192711815,0.229531992,0,0,0,0,0,2.068437175,1.241326421,1.565570756,2.609909451,3.092242223,0.939215454,0.928113596,0.932954051,0.945545232,0.950294039,0.060784546,0.049705961,0.054454768,0.067045949,0.071886404,0,0,0,0,0,0,0,0,0,0,0.009023039,0.007333661,0.008062492,0.009867034,0.010479246,0.25362673,0.044000444,0.127022366,0.404478212,0.545843068,0.155057675,0.055105135,0.098738351,0.217253742,0.263233296,0.578748106,0.278644749,0.444617909,0.710476738,0.828066594,0,0,0,0,0,4.235989027,2.13789331,3.018547687,6.199996411,8.28234814,0.115745951,0.013511641,0.061556336,0.18806034,0.245509416,0.881191203,0.751769377,0.808131203,0.932358056,0.980402707,0.004717082,0.000426647,0.002123324,0.006905555,0.008354357,0,0,0,0,0,0.793772883,0.380131791,0.573641437,1.004407701,1.186360065,0.640556306,0.37298313,0.503074696,0.768365259,0.892982045,0.269561419,0.033378577,0.124969822,0.392407866,0.545483359,0.083189791,0.013834549,0.042011515,0.138060337,0.232835682,0,0,0,0,0,2.380182084,1.483159016,1.938512111,2.736188965,3.030987387
malabobo_river_schopka,NaN,0.440952687,0.274954411,0.347306022,0.533856774,0.603984174,0.125010984,0.068321588,0.089527657,0.155254339,0.177140924,0.431396913,0.264930806,0.340184422,0.528974895,0.611984957,0.632700848,0.378380585,0.490498715,0.803349649,0.963646108,0,0,0,0,0,0.469346309,0.346330956,0.411114081,0.527406802,0.572623653,0.402721817,0.251980666,0.330714729,0.467151816,0.572226739,0.141814758,0.01752,0.070343093,0.191983335,0.228985409,0,0,0,0,0,2.084603764,1.244698725,1.557307373,2.636872501,3.075363184,0.939374769,0.927716486,0.933175565,0.945213508,0.950226219,0.060625231,0.049773781,0.054786492,0.066824435,0.072283514,0,0,0,0,0,0,0,0,0,0,0.0089668,0.007331959,0.008074505,0.009832901,0.01050317,0.257487332,0.049318423,0.137780197,0.404076116,0.54607629,0.145403566,0.050436041,0.096652909,0.210770593,0.258973785,0.59059458,0.277165075,0.450681192,0.719543632,0.82408099,0,0,0,0,0,4.571766742,2.156245817,3.07537745,6.373133505,8.476772098,0.130418764,0.015337208,0.063864332,0.197723933,0.239114024,0.867043328,0.755102127,0.799393066,0.932174036,0.979011704,0.00440808,0.000482536,0.002350757,0.006574823,0.008266399,0,0,0,0,0,0.751902325,0.378692521,0.558692683,0.996028695,1.173708436,0.626685188,0.379956028,0.492577339,0.7642295,0.903839351,0.26924109,0.027134562,0.128369978,0.413245109,0.524500639,0.076807626,0.014095751,0.042095589,0.134399504,0.223404616,0,0,0,0,0,2.352745934,1.414905306,1.951631297,2.754613329,3.030660082
lawis_river_schopka,NaN,0.425535254,0.278803873,0.345984658,0.513444474,0.594838391,0.12621043,0.069258101,0.094933608,0.155743361,0.178923467,0.452103357,0.266157444,0.358200816,0.521422813,0.605519762,0.660883419,0.382071823,0.498505816,0.8146606,0.96513745,0,0,0,0,0,0.44560636,0.345487071,0.382690666,0.513829644,0.566535953,0.4289691,0.252439272,0.35452247,0.495407684,0.582725192,0.129169019,0.022173384,0.06747347,0.178158545,0.225905448,0,0,0,0,0,2.169744867,1.245836566,1.635502116,2.725614039,3.13585492,0.938416703,0.928010707,0.932542442,0.944981242,0.949925194,0.061583297,0.050074806,0.055018758,0.067457558,0.071989293,0,0,0,0,0,0,0,0,0,0,0.008785686,0.007324455,0.0079412,0.009739318,0.010537871,0.281010766,0.03876337,0.125988283,0.430282554,0.572903744,0.152221764,0.054048086,0.095962447,0.211520622,0.268798924,0.561132681,0.24225639,0.402399477,0.706201721,0.856994123,0,0,0,0,0,4.913348349,2.212530048,3.357870288,6.902593125,8.676300269,0.097891294,0.01319162,0.047318338,0.160106637,0.233011446,0.899209002,0.762392651,0.835559777,0.948766439,0.981798517,0.004470811,0.000506406,0.002508643,0.006293398,0.008229822,0,0,0,0,0,0.809186392,0.395557173,0.558636684,1.052016818,1.201032634,0.718095202,0.426390283,0.59182211,0.813239651,0.920039115,0.176846783,0.012139805,0.077084808,0.296917316,0.467432479,0.083571951,0.01746764,0.046446418,0.151600347,0.241311229,0,0,0,0,0,2.304802732,1.37302589,1.837584751,2.715894864,3.015028715
lawis_river_schopka,NaN,0.433871585,0.279353318,0.350100501,0.535689795,0.599905202,0.122949871,0.069881569,0.09326844,0.155622795,0.179014989,0.432784015,0.265173432,0.343204653,0.521116285,0.618312197,0.669111687,0.365534215,0.500038279,0.827278837,0.965301104,0,0,0,0,0,0.455633924,0.340973642,0.388501268,0.518142804,0.573439731,0.427062456,0.27440008,0.366879365,0.500264791,0.591606586,0.116528331,0.016345468,0.05639828,0.168875518,0.221179656,0,0,0,0,0,2.228705368,1.265520716,1.721847292,2.70837321,3.107400104,0.938579963,0.928225402,0.933067612,0.944074049,0.949274106,0.061420037,0.050725894,0.055925951,0.066932388,0.071774598,0,0,0,0,0,0,0,0,0,0,0.008903533,0.007315924,0.007902012,0.009889683,0.010564846,0.275149023,0.043877621,0.145737931,0.444007414,0.575437368,0.159462999,0.053002657,0.0997725,0.223561446,0.270038461,0.563328333,0.256177395,0.397353309,0.689717484,0.826730264,0,0,0,0,0,5.041651628,2.15479924,3.491306424,6.929151361,8.612928532,0.082545594,0.010362328,0.041303454,0.155556567,0.234974801,0.911513061,0.761130021,0.838056106,0.954653509,0.984735336,0.00418276,0.000459177,0.002368521,0.006534208,0.008198294,0,0,0,0,0,0.75894433,0.391274316,0.565637982,0.996255434,1.177041582,0.711838658,0.432741148,0.588780632,0.808718203,0.911407442,0.165774894,0.021292604,0.075077587,0.299916667,0.480620418,0.09322058,0.017315755,0.044585023,0.159483159,0.224973696,0,0,0,0,0,2.344227329,1.320553262,1.852340041,2.68968776,3.01525175
bulsa_river_ds_zam22,NaN,0.432874611,0.281277685,0.346750525,0.524558894,0.598287074,0.124639891,0.068426566,0.09168461,0.152506141,0.175484829,0.443914502,0.266310692,0.354572622,0.523711515,0.604376971,0.622984057,0.374112876,0.492347841,0.801769833,0.957087949,0,0,0,0,0,0.458455641,0.347996342,0.396976519,0.518352828,0.565094952,0.4076214,0.251260416,0.337882962,0.489504221,0.579054767,0.132668332,0.022556392,0.070209287,0.190151643,0.226666655,0,0,0,0,0,2.043329158,1.256584973,1.60438714,2.573797723,3.081011322,0.939448935,0.928324668,0.933924419,0.944544104,0.950060296,0.060551065,0.049939704,0.055455896,0.066075581,0.071675332,0,0,0,0,0,0,0,0,0,0,0.00894658,0.007297618,0.008012378,0.009739588,0.010539036,0.227436132,0.035486683,0.116164481,0.381596655,0.525647426,0.155297322,0.0527568,0.096586101,0.213249342,0.267173308,0.600451525,0.32054581,0.463630933,0.720541109,0.846349051,0,0,0,0,0,3.420191336,2.030009337,2.568115539,5.100857578,7.975654813,0.13035653,0.014656073,0.05995578,0.190478053,0.24748259,0.864583437,0.748114963,0.804774179,0.936516821,0.980660314,0.004298211,0.0005704,0.002279145,0.006594615,0.008449785,0,0,0,0,0,0.747572551,0.38794387,0.541368992,0.966493333,1.184024047,0.652109077,0.383669742,0.504313758,0.775550869,0.917184098,0.250280094,0.020565191,0.108901888,0.404995249,0.544273178,0.075376671,0.014615716,0.039042569,0.133765056,0.22202333,0,0,0,0,0,2.481074673,1.477229804,2.044158948,2.836486537,3.030986196
bulsa_river_us_zam22,NaN,0.436566764,0.2761218,0.341141528,0.53331732,0.607134488,0.123366654,0.068961999,0.09357907,0.154509504,0.178983965,0.436205204,0.252353298,0.34946473,0.535920964,0.613301829,0.653052322,0.37974109,0.494620852,0.832990324,0.970009405,0,0,0,0,0,0.468279718,0.346027289,0.400708976,0.525996141,0.572300163,0.412819438,0.24269581,0.3399042,0.47767684,0.572208059,0.130995653,0.016475622,0.069146186,0.194463676,0.23153817,0,0,0,0,0,2.125712452,1.264423927,1.639357193,2.689853748,3.106625265,0.940249172,0.9280524,0.933951516,0.945475754,0.949760783,0.059750828,0.050239217,0.054524246,0.066048484,0.0719476,0,0,0,0,0,0,0,0,0,0,0.008865829,0.007318515,0.007952901,0.009757956,0.010528385,0.206794505,0.036700447,0.100799604,0.319629762,0.52963296,0.148295464,0.050317299,0.089013855,0.204111508,0.265673166,0.633579644,0.345273591,0.517589364,0.737453319,0.860130031,0,0,0,0,0,3.620184056,2.086626085,2.625964855,4.792671823,7.496478645,0.132129937,0.018074063,0.065358597,0.197156717,0.246920559,0.863127611,0.747360591,0.798465863,0.929485367,0.977348,0.00434411,0.000652719,0.002049894,0.006503351,0.008142615,0,0,0,0,0,0.748543184,0.375236965,0.538234205,0.993769248,1.189061205,0.666508673,0.37868462,0.508357996,0.777626883,0.916604292,0.237676486,0.021393427,0.111993633,0.379848158,0.536730883,0.077225063,0.015999776,0.039049519,0.135062425,0.23180645,0,0,0,0,0,2.398184308,1.436088941,1.975286344,2.729290063,3.01118285
camiling_river_ds_zam22, ,0.442340123,0.279284012,0.349033961,0.527388584,0.599971417,0.125200122,0.068937548,0.094124296,0.155288589,0.177946336,0.435235821,0.271723048,0.347157382,0.52279728,0.615355933,0.620642417,0.367890709,0.476389284,0.798231815,0.962707019,0,0,0,0,0,0.456936522,0.342043844,0.391822457,0.50981953,0.569266148,0.405663426,0.255099852,0.342666724,0.474450012,0.578713743,0.139865546,0.026847982,0.079714219,0.197698866,0.229476161,0,0,0,0,0,2.093213335,1.261531138,1.55981947,2.682125451,3.104283598,0.939621967,0.928759415,0.933249993,0.944875899,0.95027979,0.060378033,0.04972021,0.055124101,0.066750007,0.071240585,0,0,0,0,0,0,0,0,0,0,0.008790992,0.007348359,0.007980336,0.009708103,0.010537164,0.239202206,0.039496407,0.131217042,0.391797422,0.545720934,0.150038008,0.051427921,0.091661048,0.205566148,0.265580932,0.598936641,0.285101561,0.473777204,0.70827346,0.830665028,0,0,0,0,0,4.299511583,2.09457573,2.980161484,6.316603055,8.435418588,0.125391589,0.012155808,0.061682,0.197814416,0.247964937,0.871366134,0.74738322,0.797906209,0.932706872,0.983372974,0.004494787,0.000579418,0.002133286,0.006518325,0.00819959,0,0,0,0,0,0.730385399,0.383402414,0.521608817,0.984062334,1.192735618,0.63529948,0.383702754,0.506441364,0.776975531,0.896274466,0.279022581,0.029585372,0.128196147,0.391232375,0.542799142,0.072522818,0.016281061,0.039158051,0.12673497,0.217226258,0,0,0,0,0,2.416130559,1.449299038,1.985491601,2.796872909,3.029859201
malabobo_river_zam22,NaN,0.43315271,0.280920664,0.351703264,0.538488984,0.609438624,0.126776406,0.068574207,0.09597884,0.156303546,0.176700565,0.4426573,0.253609057,0.344817555,0.522045847,0.602793895,0.674706116,0.36473398,0.486140255,0.841062145,0.971266835,0,0,0,0,0,0.461940618,0.345833989,0.395961026,0.518919294,0.572376236,0.409198699,0.254269872,0.340917002,0.476861224,0.570170568,0.140599878,0.018195349,0.070616568,0.191649036,0.226409814,0,0,0,0,0,2.100905609,1.255629165,1.635395374,2.627914614,3.114314844,0.940478569,0.928259286,0.933842993,0.945722662,0.949882529,0.059521431,0.050117471,0.054277338,0.066157007,0.071740714,0,0,0,0,0,0,0,0,0,0,0.008870012,0.007315862,0.008145279,0.009691868,0.010508439,0.233378139,0.038729128,0.113938127,0.390311535,0.533058755,0.149631729,0.05169466,0.099063157,0.213240271,0.263341759,0.60063183,0.311936439,0.470294384,0.710485944,0.854108152,0,0,0,0,0,4.148371428,2.164724968,2.878154764,5.871332636,8.387069685,0.128050824,0.013644091,0.060352362,0.181327334,0.24526266,0.868905074,0.751740567,0.812470572,0.934822937,0.981392039,0.004365215,0.000586981,0.002259474,0.006274272,0.008322078,0,0,0,0,0,0.73938034,0.380333732,0.528981277,0.998365536,1.178133841,0.630016709,0.374504086,0.506853684,0.759566522,0.900965332,0.272333442,0.022800909,0.130888669,0.39103225,0.539495887,0.078598771,0.01472671,0.035690906,0.140639207,0.229246865,0,0,0,0,0,2.382837735,1.443932396,1.995173346,2.791150296,3.03049109
bayaoas_river_zam22,NaN,0.430945116,0.272646757,0.33436163,0.529417264,0.598706183,0.121245296,0.067577072,0.091340524,0.149528335,0.17771609,0.452643426,0.261067231,0.34475842,0.544593228,0.620551547,0.656926031,0.366772125,0.495599262,0.816004399,0.957622064,0,0,0,0,0,0.454254426,0.345979708,0.404082925,0.520499251,0.562573181,0.416237102,0.260718751,0.350009628,0.477508572,0.574901551,0.134438611,0.018728923,0.065110414,0.186574062,0.230553404,0,0,0,0,0,2.11454836,1.283224236,1.665854857,2.650577825,3.096519655,0.939677783,0.928617623,0.934326104,0.945793618,0.950085807,0.060322217,0.049914193,0.054206382,0.065673896,0.071382377,0,0,0,0,0,0,0,0,0,0,0.008917311,0.007351039,0.00805702,0.009807034,0.01055041,0.256744145,0.046752346,0.133575786,0.381567802,0.542237528,0.156392662,0.054148864,0.094403878,0.215767004,0.267467813,0.586837418,0.32032552,0.445816046,0.704788361,0.825007074,0,0,0,0,0,4.299529547,2.07180646,3.003062968,6.41451797,8.467372687,0.122406737,0.015710824,0.06491811,0.189056186,0.241478975,0.874118889,0.754415243,0.807368009,0.930895262,0.979924561,0.00409475,0.000243697,0.002027504,0.006464232,0.008272369,0,0,0,0,0,0.763778181,0.385907807,0.529441368,0.975487106,1.169996346,0.648237906,0.391242847,0.512995476,0.766896112,0.89593178,0.257518718,0.022675719,0.136811105,0.385868011,0.533297036,0.081209172,0.016961635,0.040618575,0.145325235,0.228648368,0,0,0,0,0,2.387071982,1.414138355,1.919714688,2.785574785,3.026421764
dumoloc_river_zam22,NaN,0.43915977,0.273425847,0.349450952,0.521971349,0.598958295,0.121240849,0.069629134,0.091521424,0.152155951,0.179777615,0.429301832,0.270728812,0.354744723,0.527638231,0.614960696,0.690027659,0.376390227,0.489163041,0.848708571,0.950790719,0,0,0,0,0,0.457028212,0.353716578,0.402663407,0.523584878,0.572723246,0.411516468,0.247315408,0.337725538,0.480260778,0.572291401,0.133750715,0.016090947,0.076383985,0.188357824,0.228127212,0,0,0,0,0,2.150386212,1.259653681,1.626683019,2.617582512,3.072912042,0.938491427,0.927618226,0.932090275,0.945174678,0.949553834,0.061508573,0.050446166,0.054825322,0.067909725,0.072381774,0,0,0,0,0,0,0,0,0,0,0.00898857,0.007393292,0.008039077,0.009850396,0.010531297,0.212739706,0.035316601,0.108075405,0.346136635,0.496608563,0.152394626,0.052807774,0.093708637,0.21083812,0.268248066,0.619175569,0.323561333,0.482872494,0.726330414,0.852821061,0,0,0,0,0,3.803741563,2.042644353,2.726893215,5.306934032,7.754440252,0.122335924,0.017723627,0.06315089,0.189813584,0.241892784,0.873649846,0.753040179,0.807913458,0.934031129,0.978516549,0.004271425,0.000319958,0.002089467,0.006620643,0.008185586,0,0,0,0,0,0.75606091,0.394639367,0.540291229,0.979512264,1.186493687,0.648707763,0.395436091,0.522281405,0.779287031,0.884930554,0.245069585,0.019550715,0.118919944,0.369920003,0.521509839,0.078846048,0.013919459,0.038265508,0.143104137,0.239124209,0,0,0,0,0,2.450442355,1.492302496,2.073786726,2.828565796,3.047836426
mapita_river_zam22,NaN,0.42872106,0.276722978,0.343171203,0.52321484,0.595387273,0.12635424,0.067642353,0.09436627,0.155946983,0.177237275,0.447500816,0.262872558,0.355549472,0.532664768,0.620245074,0.676738262,0.366999961,0.502004326,0.826598808,0.96650508,0,0,0,0,0,0.45979567,0.34150889,0.392894583,0.515223045,0.572456212,0.397646123,0.256605367,0.332854822,0.478732436,0.581694226,0.148635098,0.022125359,0.075693394,0.193494504,0.227599083,0,0,0,0,0,2.129593038,1.254746532,1.545926821,2.718061305,3.1455344,0.93808054,0.927716213,0.932912917,0.944912861,0.949524138,0.06191946,0.050475862,0.055087139,0.067087083,0.072283787,0,0,0,0,0,0,0,0,0,0,0.00875962,0.007324032,0.007919701,0.009755023,0.01053941,0.254364682,0.047017709,0.120523163,0.393149303,0.529857346,0.145607991,0.049375567,0.090152136,0.210010691,0.267638387,0.599710432,0.292825827,0.453069667,0.717860187,0.837299381,0,0,0,0,0,4.05825276,2.117118999,2.818447435,5.986035748,8.058594825,0.132239625,0.018430835,0.0733642,0.192154326,0.249255712,0.862981141,0.74659674,0.803483106,0.92239154,0.977248043,0.00455001,0.000538327,0.002153863,0.006628465,0.008289905,0,0,0,0,0,0.756230392,0.398181527,0.555751021,0.978067728,1.158888464,0.645234214,0.373358158,0.491872696,0.770795843,0.909756333,0.244706195,0.031094108,0.125809854,0.394935294,0.574772959,0.086193565,0.012768397,0.038010189,0.143157314,0.232830799,0,0,0,0,0,2.472316377,1.441383522,2.065197793,2.793259863,3.037289013
pmb1_zam22,NaN,0.446211786,0.276542623,0.348445903,0.535266714,0.603694279,0.119705324,0.070263977,0.091539681,0.150304098,0.177361158,0.434274946,0.258809113,0.340930168,0.534333498,0.619406284,0.663460662,0.372911381,0.510770644,0.839484004,0.962446374,0,0,0,0,0,0.451835973,0.347392285,0.401726197,0.518498892,0.566410174,0.413168808,0.252349443,0.34595568,0.484822632,0.582791807,0.134738521,0.021371353,0.069440559,0.186884613,0.226135373,0,0,0,0,0,2.086396063,1.250858743,1.596585095,2.604952213,3.048871577,0.938971567,0.928676445,0.933479289,0.945122826,0.949795755,0.061028433,0.050204245,0.054877174,0.066520711,0.071323555,0,0,0,0,0,0,0,0,0,0,0.009002608,0.007296694,0.007953086,0.009869412,0.010574547,0.284012496,0.055113351,0.15430626,0.438599719,0.573582595,0.16058261,0.051598974,0.102272064,0.213781261,0.266370758,0.554855555,0.234212271,0.415224094,0.690034235,0.816909589,0,0,0,0,0,4.744431484,2.094039954,3.076287125,6.608962883,8.675013685,0.122952955,0.013711916,0.070354579,0.193760378,0.238882657,0.871608746,0.755675566,0.801994094,0.926950369,0.98359714,0.004157717,0.000476413,0.002047337,0.006365532,0.008287149,0,0,0,0,0,0.725172516,0.385914041,0.535955283,0.940684467,1.186595062,0.653202703,0.38095256,0.508443893,0.771421868,0.903336263,0.247298217,0.030635283,0.114915469,0.386452563,0.544514958,0.084657125,0.015330221,0.040424979,0.133474155,0.225219301,0,0,0,0,0,2.392704083,1.421474442,1.950216236,2.763756804,3.034545318
pmb2_zam22,NaN,0.436774193,0.272563105,0.338480918,0.537820004,0.608267832,0.122204136,0.070146151,0.091757195,0.153719831,0.177835268,0.447054995,0.252932606,0.345673092,0.539243004,0.620285406,0.662762737,0.374971899,0.505434347,0.829070512,0.963131287,0,0,0,0,0,0.467020886,0.342897682,0.393996526,0.523449868,0.571670836,0.41185045,0.253858984,0.338584698,0.485856131,0.562951419,0.130248381,0.019765084,0.077381237,0.184699456,0.227380192,0,0,0,0,0,2.038002026,1.266484854,1.616267463,2.563382439,3.075570865,0.938718893,0.927985128,0.932889378,0.945132346,0.950144616,0.061281107,0.049855384,0.054867654,0.067110622,0.072014872,0,0,0,0,0,0,0,0,0,0,0.008957563,0.007363729,0.008011958,0.009857183,0.010475134,0.267671779,0.047444283,0.136164872,0.407199692,0.561759224,0.159961723,0.058722249,0.103067955,0.220275212,0.270123562,0.585050737,0.26028418,0.416449623,0.710351104,0.818885835,0,0,0,0,0,5.009910763,2.159609682,3.369757561,6.905359441,8.771990893,0.129885635,0.014016769,0.0573669,0.190403494,0.242934105,0.866267624,0.754946917,0.804973251,0.939246788,0.982059782,0.004358359,0.00030162,0.002004367,0.006465398,0.008456541,0,0,0,0,0,0.719841486,0.376378576,0.529268187,0.923356481,1.153978742,0.641576852,0.373773384,0.501390974,0.771613941,0.904956399,0.25244938,0.031263612,0.117367654,0.399018141,0.542889029,0.085748826,0.015215511,0.041844845,0.132062763,0.2275036,0,0,0,0,0,2.266533032,1.431661338,1.899792174,2.686178595,2.984493093
pmb4_zam22,NaN,0.448222478,0.279997504,0.361397044,0.52783846,0.611230437,0.120463805,0.071511383,0.093711964,0.154239733,0.177285056,0.432240463,0.262330548,0.340352454,0.517210151,0.607985456,0.652548229,0.383623028,0.489034022,0.829184863,0.968438225,0,0,0,0,0,0.457455497,0.344471582,0.395536568,0.523564744,0.575059986,0.404626105,0.250464973,0.340653068,0.489213357,0.569153409,0.13853768,0.02130195,0.075137252,0.186607972,0.227962436,0,0,0,0,0,2.203967278,1.253569163,1.635832654,2.72798312,3.108133093,0.938879821,0.928116741,0.933077126,0.945228843,0.949563126,0.061120179,0.050436874,0.054771157,0.066922874,0.071883259,0,0,0,0,0,0,0,0,0,0,0.008913522,0.007334761,0.007943628,0.009841291,0.010505461,0.288583872,0.037228393,0.139071671,0.432050182,0.566403281,0.162061757,0.054366566,0.097211079,0.221045776,0.269342717,0.559341501,0.244387297,0.397370497,0.696502513,0.823207069,0,0,0,0,0,4.894043598,2.22819733,3.004652849,6.777925012,8.56639317,0.128024156,0.013872367,0.06185829,0.192433539,0.249789136,0.866429939,0.746462631,0.804858056,0.932333129,0.981363266,0.004134865,0.000460344,0.002084872,0.006554019,0.008188608,0,0,0,0,0,0.75770055,0.36716021,0.526823763,0.962540532,1.191869891,0.650343399,0.384796349,0.514599259,0.783894921,0.920653985,0.250055648,0.019330341,0.098969309,0.379407384,0.549587163,0.087258213,0.013186715,0.040753428,0.143111126,0.226240496,0,0,0,0,0,2.337520081,1.411783031,1.918288863,2.741579938,3.016672131
pmb3_zam22,NaN,0.431114194,0.271960973,0.335589892,0.51751416,0.594402545,0.124933009,0.068797484,0.089827781,0.155716077,0.178279491,0.439533837,0.269175986,0.356728947,0.540217649,0.624662615,0.659213051,0.371804536,0.492622753,0.81098964,0.961331984,0,0,0,0,0,0.454572313,0.344045788,0.39681064,0.51965356,0.569771643,0.418697276,0.249412286,0.342574059,0.481891744,0.584480845,0.13042785,0.017680822,0.061948822,0.192908843,0.227505879,0,0,0,0,0,2.126007055,1.255286998,1.556075313,2.628579256,3.042340827,0.940132728,0.928851055,0.934286924,0.945848977,0.950034908,0.059867272,0.049965092,0.054151023,0.065713076,0.071148945,0,0,0,0,0,0,0,0,0,0,0.008988357,0.007287628,0.008114201,0.009804435,0.010576258,0.283765451,0.046331484,0.129797256,0.444577319,0.568559335,0.159653206,0.054844723,0.099015202,0.216258106,0.267087482,0.573149907,0.241541652,0.393988753,0.691964763,0.828297055,0,0,0,0,0,5.182007418,2.173127008,3.588342213,7.0351931,8.549537192,0.132236392,0.014441847,0.066254932,0.18394059,0.24238201,0.863507952,0.753245911,0.812180371,0.928189537,0.981725434,0.004332867,0.000531241,0.002220501,0.006767026,0.008456604,0,0,0,0,0,0.760826425,0.372927243,0.543720179,0.966463822,1.167666994,0.632015912,0.382647382,0.518169998,0.754461527,0.898950017,0.253213282,0.0184992,0.123115878,0.374195337,0.527268359,0.09429699,0.016706303,0.050907953,0.154656806,0.236997724,0,0,0,0,0,2.346584541,1.391323833,1.873213746,2.759671427,3.023881859
sc7_zam22,NaN,0.422539408,0.275795977,0.339407369,0.505745069,0.593875854,0.118635214,0.06736951,0.085853521,0.150675736,0.176650687,0.446864921,0.273497059,0.37053135,0.54319187,0.618981389,0.625711107,0.372869914,0.48222441,0.813656402,0.966430001,0,0,0,0,0,0.449749442,0.346367255,0.397201915,0.522554076,0.573020546,0.419353406,0.259263331,0.353237418,0.491280836,0.572268677,0.122297977,0.016638147,0.068617557,0.17401278,0.225240463,0,0,0,0,0,2.146195352,1.253376348,1.647887964,2.665572613,3.075406266,0.939419183,0.928169738,0.932954695,0.944406864,0.950234958,0.060580817,0.049765042,0.055593136,0.067045305,0.071830262,0,0,0,0,0,0,0,0,0,0,0.008924172,0.007378353,0.008091,0.009787061,0.010451117,0.269150284,0.056867924,0.141575961,0.417207852,0.561440421,0.160317868,0.053112532,0.098789128,0.219130924,0.271464021,0.565453158,0.247780977,0.413049402,0.696899554,0.817660032,0,0,0,0,0,5.153527265,2.15953672,3.425408274,6.9884671,8.697218047,0.109497313,0.012313167,0.051472264,0.177176415,0.23748022,0.886700234,0.756500109,0.817629862,0.944917064,0.985356455,0.004160445,0.000332521,0.002025383,0.00637745,0.008331807,0,0,0,0,0,0.758918881,0.378053084,0.562837048,0.975206255,1.182232113,0.705051448,0.443157911,0.59237839,0.796826145,0.910863224,0.177172647,0.02165148,0.081978709,0.298912191,0.453175166,0.091063199,0.016999226,0.045558624,0.159139272,0.241342558,0,0,0,0,0,2.224463205,1.356252153,1.78011582,2.661785822,2.953501237
lawis_river_zam22,NaN,0.431501699,0.276510295,0.34609811,0.522584383,0.603663629,0.122042266,0.067772437,0.092547152,0.151575126,0.17795987,0.440973009,0.26705654,0.352533884,0.537045531,0.61487571,0.657142597,0.373567651,0.507127215,0.838257983,0.967806433,0,0,0,0,0,0.467379014,0.346931122,0.396648576,0.529112598,0.570551159,0.410265588,0.245658162,0.335459209,0.476715753,0.576458733,0.136801367,0.01637694,0.067716277,0.191350261,0.230472121,0,0,0,0,0,2.080275691,1.236283175,1.622930459,2.600544352,3.091412565,0.937971081,0.927853464,0.932634321,0.944866396,0.95008801,0.062028919,0.04991199,0.055133604,0.067365679,0.072146536,0,0,0,0,0,0,0,0,0,0,0.008953204,0.007319387,0.008035455,0.009757393,0.010532635,0.272199933,0.046429851,0.144111385,0.41791902,0.566593445,0.158849076,0.053366769,0.100115509,0.218418009,0.263339858,0.558658043,0.26925659,0.42476047,0.685271422,0.828942902,0,0,0,0,0,4.723716345,2.098778546,3.193554725,6.477839595,8.6630197,0.113343217,0.012270129,0.053213621,0.186546215,0.2385872,0.881310358,0.75726279,0.810055847,0.943175795,0.983989446,0.004497128,0.000467466,0.002283342,0.006667414,0.008394546,0,0,0,0,0,0.75541202,0.369425893,0.546178935,0.952562601,1.163765157,0.660699301,0.409019258,0.553147729,0.782755602,0.918670551,0.216625075,0.018465081,0.107091314,0.351973046,0.497332354,0.08883619,0.015388706,0.042562846,0.15139928,0.233098616,0,0,0,0,0,2.34849527,1.430467312,1.937359235,2.774175449,3.029165029
masinloc_river_zam22,NaN,0.422411184,0.278066064,0.342301128,0.504249153,0.600837899,0.120748086,0.07117401,0.089482934,0.148500106,0.175509384,0.455412743,0.274611048,0.372419618,0.53761048,0.617495006,0.643291727,0.361006065,0.468391202,0.814570433,0.964790303,0,0,0,0,0,0.458584402,0.344125529,0.389482857,0.52579706,0.575220377,0.409057479,0.266648248,0.336694841,0.475550303,0.587273399,0.13126243,0.018643818,0.07094517,0.182776575,0.229527206,0,0,0,0,0,2.132444314,1.265988948,1.694377329,2.654539451,3.110416224,0.938479563,0.927673003,0.932562331,0.945084459,0.950087205,0.061520437,0.049912795,0.054915541,0.067437669,0.072326997,0,0,0,0,0,0,0,0,0,0,0.008750553,0.007313685,0.007934064,0.00956388,0.01053028,0.185680231,0.042217289,0.103511015,0.303454904,0.472159721,0.142006127,0.052656766,0.091279816,0.197363929,0.264299075,0.644818286,0.355458824,0.545843779,0.751552185,0.863711081,0,0,0,0,0,3.281831283,2.012606809,2.517429583,4.529942144,7.662559464,0.124691916,0.017589109,0.064050751,0.190315707,0.246125253,0.869515211,0.748642375,0.804412609,0.930174837,0.976764819,0.004651317,0.00042974,0.002319131,0.007010621,0.008253916,0,0,0,0,0,0.736026491,0.390476179,0.530101113,0.93990529,1.169393174,0.680620142,0.402123937,0.545803618,0.788115075,0.896277699,0.227277976,0.02313072,0.103790882,0.358199828,0.516494096,0.084859267,0.013803862,0.037916921,0.142294206,0.225512999,0,0,0,0,0,2.453651019,1.501829195,2.023326143,2.822122399,3.034714851
salasa_river_zam22,NaN,0.37059446,0.274513341,0.314456358,0.438796446,0.547884272,0.122954588,0.068846405,0.095433726,0.153518363,0.17745451,0.501532786,0.323561878,0.439488131,0.560522619,0.615731806,0.861316125,0.728411577,0.793463524,0.928892631,0.990664146,0,0,0,0,0,0.450665708,0.345504982,0.385853983,0.513734858,0.5674139,0.418406839,0.259074945,0.35926254,0.498295038,0.594871551,0.121313996,0.01936308,0.066656101,0.181824887,0.224873523,0,0,0,0,0,2.21894241,1.267878018,1.696332441,2.7262089,3.124430281,0.940307349,0.928747342,0.93426648,0.945590641,0.949845084,0.059692651,0.050154916,0.054409359,0.06573352,0.071252658,0,0,0,0,0,0,0,0,0,0,0.008935943,0.007284838,0.007913173,0.009900677,0.010571721,0.250918872,0.049532283,0.127193993,0.421080838,0.542923553,0.159217825,0.052164481,0.105693123,0.216926529,0.267858071,0.581259758,0.269260915,0.431437435,0.701147423,0.829787177,0,0,0,0,0,5.21443005,2.470706538,3.779933001,7.106666416,8.591234162,0.111847976,0.01337059,0.058865774,0.167049106,0.242153302,0.883916545,0.753327018,0.827525019,0.937061704,0.983814406,0.003995318,0.000555322,0.001983362,0.006301156,0.008223674,0,0,0,0,0,0.806560075,0.393430008,0.576936438,1.023370987,1.18884035,0.687071157,0.406117183,0.551516381,0.785997403,0.913991722,0.180870892,0.016252014,0.08814705,0.318142122,0.495445778,0.097722771,0.017762932,0.053615844,0.159352494,0.248273865,0,0,0,0,0,2.147174928,1.343632403,1.749055277,2.610960596,3.019303472
bagsit_river_zam22,NaN,0.406477398,0.272399148,0.333174123,0.522923275,0.603356417,0.119976139,0.071122048,0.09032054,0.151793782,0.17664286,0.463330063,0.262774906,0.352482232,0.544905139,0.614515024,0.648150786,0.373529054,0.49332068,0.838352074,0.964601307,0,0,0,0,0,0.443477425,0.342257881,0.383505859,0.509599111,0.5705028,0.419727716,0.260456004,0.345859701,0.500537407,0.592698167,0.129116507,0.019409808,0.069026574,0.186667022,0.225862085,0,0,0,0,0,2.129221793,1.279639032,1.611146128,2.662623483,3.08147691,0.939123206,0.928100376,0.932092115,0.944761214,0.950083134,0.060876794,0.049916866,0.055238786,0.067907885,0.071899624,0,0,0,0,0,0,0,0,0,0,0.008958457,0.00742738,0.008146143,0.009835126,0.010547419,0.251930254,0.037461676,0.122722869,0.408187536,0.561569535,0.153479384,0.056826024,0.096527096,0.218656374,0.267614634,0.582357155,0.268477375,0.422888412,0.723542026,0.846234862,0,0,0,0,0,4.619134216,2.142193114,3.1114642,6.755553272,8.560419251,0.114218968,0.016060387,0.057727054,0.183056378,0.246440595,0.879799173,0.750628913,0.811644962,0.938621039,0.98066281,0.004816377,0.000493287,0.002161258,0.006749867,0.00829158,0,0,0,0,0,0.699635067,0.382397812,0.504767399,0.940885897,1.176049943,0.696321968,0.418572621,0.560241599,0.800218149,0.902885343,0.180932852,0.026483783,0.086086071,0.336668904,0.486922967,0.08656188,0.014926981,0.042654401,0.148223193,0.242051143,0,0,0,0,0,2.432236843,1.416242747,1.986579813,2.783879784,3.038597657
bancal_river_zam22,NaN,0.353012599,0.269884776,0.302394161,0.425888732,0.544330119,0.11946359,0.067851295,0.086806356,0.151393711,0.175842437,0.52352947,0.344515536,0.449073156,0.569075562,0.638858621,0.869674144,0.738642945,0.79887715,0.926729616,0.988855605,0,0,0,0,0,0.457203071,0.348727232,0.394957826,0.522799168,0.572853495,0.421603693,0.253154962,0.352108661,0.499323128,0.592965764,0.11973735,0.016747384,0.057531448,0.177036772,0.224596505,0,0,0,0,0,2.120849131,1.293948858,1.65001976,2.682493165,3.092908748,0.938585167,0.928247733,0.932820595,0.94409615,0.949956503,0.061414833,0.050043497,0.05590385,0.067179405,0.071752267,0,0,0,0,0,0,0,0,0,0,0.008848821,0.007309005,0.008026523,0.009769233,0.010438345,0.27341288,0.057154219,0.15036154,0.416573709,0.560103933,0.143698488,0.051197103,0.094509059,0.21246342,0.265721669,0.569250816,0.255335345,0.426612873,0.692643692,0.824117779,0,0,0,0,0,5.396002871,2.428241736,3.633261585,6.955097062,8.682197064,0.11086615,0.01031204,0.055384411,0.175117242,0.239676534,0.883503882,0.756205454,0.82154728,0.940706836,0.986194885,0.004668523,0.000401063,0.002128397,0.006954784,0.008509696,0,0,0,0,0,0.783961957,0.405352298,0.58614439,1.014272085,1.185256901,0.689398015,0.447789631,0.578195517,0.784329491,0.917468805,0.18827025,0.011787917,0.084969967,0.301906547,0.441005814,0.10427847,0.019450335,0.050440702,0.166723616,0.23442642,0,0,0,0,0,2.14879518,1.342563829,1.747066107,2.599353073,3.003487494
bucao_river_zam22,NaN,0.411884323,0.274327614,0.330308794,0.498864821,0.594610154,0.114317824,0.068425673,0.08876257,0.148413877,0.176565874,0.47331031,0.286109241,0.377781613,0.551146664,0.623869526,0.584409424,0.357967274,0.433042976,0.760555423,0.947206008,0,0,0,0,0,0.458246243,0.34520333,0.402719146,0.523064985,0.573930786,0.400809362,0.239989227,0.33806318,0.47768327,0.563211044,0.138181931,0.019375013,0.073886523,0.196101155,0.227640312,0,0,0,0,0,2.06834496,1.255427174,1.604267421,2.543059649,3.060452955,0.938979981,0.927681088,0.932063789,0.945249504,0.950111637,0.061020019,0.049888363,0.054750496,0.067936211,0.072318912,0,0,0,0,0,0,0,0,0,0,0.008947569,0.007362955,0.008076322,0.009807635,0.010523819,0.229290107,0.042061884,0.110993386,0.369984628,0.512404742,0.148407828,0.05251205,0.093173484,0.20963746,0.268602288,0.613838562,0.317578821,0.472759379,0.732041331,0.846073739,0,0,0,0,0,3.537937393,2.061204602,2.765120672,5.101374115,8.096479311,0.122279706,0.014072628,0.055482987,0.198040788,0.246128905,0.872962812,0.749530399,0.800252555,0.938981319,0.981610664,0.004404563,0.000306557,0.001889792,0.006340678,0.008364496,0,0,0,0,0,0.784266702,0.38367815,0.536622738,0.978462586,1.192519149,0.647773265,0.369852118,0.513271221,0.768252127,0.89451617,0.232782919,0.029451762,0.112433487,0.389385711,0.549058157,0.076604836,0.015607207,0.04359594,0.139804124,0.239411497,0,0,0,0,0,2.522187494,1.48417916,2.050260987,2.820590495,3.054946041
maloma_river_zam22,NaN,0.428747087,0.27589118,0.344089964,0.519955946,0.597129064,0.120819854,0.068253348,0.094649677,0.153394462,0.180595534,0.450418375,0.268190594,0.360356314,0.533756411,0.601418512,0.639084079,0.366641937,0.481142556,0.834279659,0.965455281,0,0,0,0,0,0.460819857,0.345166429,0.399500167,0.51844775,0.569269481,0.406418849,0.237767593,0.326730353,0.478790629,0.583381472,0.138998218,0.016764585,0.079180087,0.191316949,0.23079161,0,0,0,0,0,2.159652563,1.277189653,1.669865767,2.638308453,3.061224029,0.94006357,0.92835576,0.934264617,0.945562166,0.949813438,0.05993643,0.050186562,0.054437834,0.065735383,0.07164424,0,0,0,0,0,0,0,0,0,0,0.008858168,0.007320044,0.007947657,0.009694722,0.010501951,0.231136655,0.053872505,0.125139445,0.352421442,0.541134134,0.156217469,0.056917138,0.098579179,0.212209352,0.267007249,0.606393358,0.297934217,0.47882119,0.700742809,0.845198381,0,0,0,0,0,3.784877226,2.11021523,2.780517501,5.44113143,8.174308338,0.120732926,0.014840929,0.062007703,0.185196114,0.242238561,0.874043344,0.752522088,0.810569815,0.932907904,0.979903794,0.004835604,0.000489854,0.002648514,0.006948632,0.008374151,0,0,0,0,0,0.733235831,0.381121,0.539354248,0.951233038,1.157870258,0.675333412,0.383213893,0.530140831,0.797985855,0.909892312,0.231522223,0.020985589,0.105897111,0.377474907,0.525995771,0.079216008,0.015550478,0.03935534,0.131771988,0.223063042,0,0,0,0,0,2.39240551,1.406096307,1.938182365,2.76700917,3.008645543
bulsa_river_us_zam23,NaN,0.427503287,0.275955712,0.335683007,0.507010947,0.59563807,0.122180916,0.069746735,0.092673389,0.154900735,0.177694929,0.450582149,0.259427573,0.364124622,0.528322334,0.615116452,0.659464103,0.379614593,0.522181331,0.837889016,0.96854534,0,0,0,0,0,0.463900208,0.344729866,0.39407149,0.528007996,0.573486228,0.399593907,0.247519002,0.334955522,0.476643181,0.57706201,0.141233586,0.018682018,0.076145359,0.195940153,0.230995605,0,0,0,0,0,2.081313919,1.266864827,1.642933914,2.565999631,3.090428501,0.939286847,0.927861845,0.933254089,0.945045726,0.950022951,0.060713153,0.049977049,0.054954274,0.066745911,0.072138155,0,0,0,0,0,0,0,0,0,0,0.008948108,0.007313456,0.00801503,0.009817606,0.010579543,0.232325805,0.0418885,0.115430803,0.36960953,0.558561934,0.147904641,0.049206703,0.088604733,0.20421933,0.264792719,0.602305639,0.292610711,0.484584787,0.718882128,0.85497019,0,0,0,0,0,3.685621561,2.044676962,2.665759852,5.301237214,8.239640974,0.122183838,0.01914883,0.068648655,0.189884113,0.248436306,0.873561364,0.748062893,0.80467416,0.926882025,0.975114809,0.004072317,0.000421788,0.002019882,0.006433355,0.00832815,0,0,0,0,0,0.737220829,0.374555514,0.528674773,0.996862258,1.176469899,0.629180074,0.385546156,0.508010671,0.771207689,0.883443852,0.255151052,0.02581111,0.133643718,0.388412895,0.534889201,0.094803972,0.016654392,0.043839035,0.145973222,0.235493559,0,0,0,0,0,2.417797716,1.434104761,1.934237717,2.801556314,3.027878534
camiling_river_ds_zam23,NaN,0.421897828,0.274393588,0.336632019,0.513169156,0.601170154,0.120003068,0.067234767,0.091907276,0.149492137,0.172881256,0.463836075,0.268177805,0.3637538,0.541701538,0.62192052,0.64557618,0.365212614,0.482192592,0.809430887,0.954423314,0,0,0,0,0,0.456721819,0.341479928,0.396148753,0.517971188,0.572336811,0.412239837,0.265411316,0.345069192,0.471280295,0.584367776,0.140180443,0.021399411,0.071564493,0.195963397,0.229829164,0,0,0,0,0,2.196363397,1.292499497,1.711371159,2.654664199,3.082258456,0.938882561,0.928273735,0.932955838,0.945385763,0.949877117,0.061117439,0.050122883,0.054614237,0.067044162,0.071726265,0,0,0,0,0,0,0,0,0,0,0.008894282,0.007254796,0.007950279,0.009881056,0.010539572,0.254532542,0.042474119,0.138406242,0.397302002,0.547340559,0.15459508,0.051108266,0.091069768,0.222791025,0.270056762,0.593351179,0.275952429,0.418107438,0.716671624,0.833489884,0,0,0,0,0,4.591589555,2.122890388,3.211281574,6.374208975,8.479291545,0.132157164,0.018787654,0.06699663,0.193934162,0.241594822,0.862011974,0.754577244,0.801781008,0.927365738,0.978965795,0.004409207,0.000580326,0.00237004,0.00674426,0.008376784,0,0,0,0,0,0.767211047,0.376978686,0.559784465,1.003939049,1.182078028,0.646367061,0.394994923,0.507631222,0.768374783,0.877531443,0.25047453,0.030394553,0.11615084,0.384674069,0.505273263,0.092765516,0.015565995,0.046379189,0.153483045,0.230548785,0,0,0,0,0,2.322417769,1.358781164,1.893839301,2.705300066,3.016762963
malabobo_river_zam23,NaN,0.439660709,0.277211143,0.345260513,0.538328576,0.606246327,0.121561372,0.066824259,0.090632116,0.15044802,0.175886345,0.434865621,0.25688669,0.349038672,0.526407702,0.618592343,0.657962403,0.376989037,0.502609691,0.838850359,0.973358385,0,0,0,0,0,0.468946115,0.344272237,0.390331417,0.530971991,0.573242915,0.400446294,0.236107154,0.319597217,0.477285231,0.594013263,0.142920327,0.019294692,0.081855282,0.198817143,0.228153354,0,0,0,0,0,2.065560138,1.272612934,1.551382011,2.541064409,3.048906838,0.939258615,0.927970216,0.932576915,0.945757618,0.950149166,0.060741385,0.049850834,0.054242382,0.067423085,0.072029784,0,0,0,0,0,0,0,0,0,0,0.009030405,0.007432513,0.008143069,0.009878938,0.010588264,0.225123628,0.040578583,0.11471055,0.399800492,0.565406454,0.159233604,0.054713743,0.100743291,0.21734782,0.270040327,0.604847805,0.261083838,0.429635297,0.722352651,0.826212192,0,0,0,0,0,4.60481057,2.090887444,3.153803011,6.485638797,8.423950745,0.127018934,0.020495289,0.064737214,0.189233533,0.247232887,0.867924804,0.748111174,0.80575531,0.93112057,0.974067867,0.004650398,0.000529845,0.00222724,0.006541716,0.00814381,0,0,0,0,0,0.770719074,0.386691646,0.564306142,0.989538749,1.192373586,0.646096756,0.377848027,0.505427999,0.765831756,0.90838007,0.263414333,0.018899124,0.128164462,0.385290959,0.523423537,0.08200259,0.017547769,0.040900425,0.142740988,0.234568506,0,0,0,0,0,2.265967572,1.336493903,1.792004327,2.714689539,3.01355021
bayaoas_river_zam23,NaN,0.440783145,0.268796042,0.349040999,0.520856472,0.601426559,0.128728078,0.067973783,0.093106107,0.156590892,0.179830536,0.431962486,0.259960081,0.353516743,0.51851629,0.599406071,0.643322483,0.36984069,0.457624797,0.837874553,0.973727832,0,0,0,0,0,0.481155706,0.349722751,0.412960071,0.529148186,0.575181104,0.401731457,0.247147866,0.328885303,0.469060751,0.556536682,0.141847037,0.017604162,0.066306987,0.188026322,0.226911375,0,0,0,0,0,2.2045595,1.298930195,1.684153262,2.759044168,3.088951751,0.938858732,0.928152997,0.932840816,0.945624956,0.950383124,0.061141268,0.049616876,0.054375044,0.067159184,0.071847003,0,0,0,0,0,0,0,0,0,0,0.009017714,0.007319188,0.008122753,0.009880677,0.010546641,0.262507313,0.046673045,0.140443424,0.401874735,0.563134941,0.153791499,0.052155811,0.10315592,0.219740976,0.268531057,0.571594354,0.267244068,0.443455578,0.702842508,0.8238636,0,0,0,0,0,4.755913809,2.125941116,3.256785645,6.696539026,8.481316546,0.124345357,0.012548486,0.06342196,0.190642919,0.242395172,0.872636663,0.754184467,0.803435342,0.931785027,0.98248031,0.004358367,0.00049543,0.002163318,0.006685539,0.008240042,0,0,0,0,0,0.749317434,0.376375559,0.531467679,0.957562482,1.156059915,0.617420676,0.395157609,0.488549051,0.754948992,0.889969044,0.259027966,0.023587886,0.124814356,0.384052659,0.523612535,0.092314391,0.01545922,0.048174041,0.152670237,0.23762675,0,0,0,0,0,2.363852927,1.381018984,1.880453908,2.732596149,3.035901535
mapita_river_zam23,NaN,0.425440724,0.280762254,0.350601478,0.5250549,0.60066271,0.124495418,0.068252204,0.091661487,0.158992374,0.178569059,0.450038338,0.259558667,0.353404567,0.531039794,0.610813264,0.634897884,0.374166577,0.487817451,0.822188042,0.950074938,0,0,0,0,0,0.456798884,0.343659517,0.39195018,0.52243888,0.572653625,0.419896886,0.252128106,0.343914727,0.494122622,0.583692964,0.127478894,0.016788954,0.061663824,0.18420359,0.229289914,0,0,0,0,0,2.048645075,1.285206918,1.581601035,2.589367163,3.079675171,0.93915446,0.927894135,0.933054886,0.945307467,0.949807736,0.06084554,0.050192264,0.054692533,0.066945114,0.072105865,0,0,0,0,0,0,0,0,0,0,0.008963995,0.007339007,0.008083849,0.009724271,0.010524921,0.258063319,0.049153708,0.144090494,0.399919597,0.543922551,0.156609968,0.056347542,0.099673048,0.208517167,0.26181401,0.587710792,0.296858584,0.444743329,0.707928371,0.824395816,0,0,0,0,0,4.223773233,2.065264892,3.083912799,6.336213113,8.530379628,0.13805804,0.010835404,0.06633269,0.192826588,0.246196761,0.857136262,0.750156148,0.801979673,0.932302876,0.985415397,0.004156392,0.000487175,0.001999653,0.00672519,0.008337024,0,0,0,0,0,0.778270016,0.384540811,0.575035442,0.98704941,1.189031345,0.635842567,0.387281113,0.499821001,0.772926244,0.894541581,0.234304008,0.026361052,0.129610232,0.385276144,0.539663949,0.093097774,0.014441605,0.048342605,0.158702167,0.238563926,0,0,0,0,0,2.406749888,1.405269521,1.93793608,2.765171942,3.041859416
dumoloc_river_zam23,NaN,0.430791775,0.273194574,0.337052015,0.522654485,0.602849762,0.122535704,0.070670121,0.09524131,0.151615526,0.17553661,0.445556855,0.269598416,0.354046818,0.528288916,0.616449906,0.63267335,0.362518427,0.479121837,0.813148295,0.9573908,0,0,0,0,0,0.461184784,0.344618625,0.391132292,0.528967615,0.571923395,0.415501356,0.237837387,0.333078752,0.48361684,0.577149109,0.133934072,0.018162574,0.061022469,0.186520516,0.231057804,0,0,0,0,0,2.155347455,1.249791441,1.674801271,2.636886944,3.051076859,0.938727696,0.928244281,0.932510874,0.945034247,0.9498818,0.061272304,0.0501182,0.054965753,0.067489126,0.071755719,0,0,0,0,0,0,0,0,0,0,0.008780141,0.007261268,0.007867601,0.009674254,0.010556462,0.242789144,0.046269518,0.144439953,0.404539099,0.556085466,0.156140622,0.051022879,0.09795509,0.201936082,0.258987894,0.579266841,0.279224311,0.435808906,0.714308603,0.824275356,0,0,0,0,0,4.228196456,2.154184001,3.052997899,6.281472207,8.580491256,0.123092574,0.020242849,0.065624934,0.200555728,0.245443173,0.871696995,0.750038249,0.794048281,0.928964808,0.978457971,0.00430478,0.000573901,0.002115172,0.006353608,0.008263886,0,0,0,0,0,0.732246786,0.374755795,0.528884521,0.963649226,1.18303156,0.638934116,0.382890054,0.497318916,0.758967256,0.896542524,0.247962174,0.028582284,0.13262798,0.378493819,0.533681334,0.08935801,0.015096898,0.048036648,0.154513864,0.233343857,0,0,0,0,0,2.284826072,1.363427404,1.842741973,2.683583765,3.001268133
pmb1_zam23,NaN,0.438584782,0.273311264,0.353988961,0.515024385,0.602069158,0.120079051,0.070738245,0.098010147,0.152385079,0.179752529,0.438760159,0.256754761,0.361258093,0.527419649,0.604726336,0.672805568,0.371975031,0.515066513,0.833021614,0.968685509,0,0,0,0,0,0.470915847,0.342561681,0.402819439,0.528625616,0.569839115,0.423648998,0.247352957,0.345794562,0.489145662,0.585430475,0.117013896,0.01893113,0.059661961,0.179352952,0.225294289,0,0,0,0,0,2.120100327,1.272793434,1.583830997,2.644008033,3.076828061,0.938924218,0.928350812,0.932677583,0.944694393,0.949918084,0.061075782,0.050081916,0.055305607,0.067322417,0.071649188,0,0,0,0,0,0,0,0,0,0,0.008792796,0.007363911,0.007967156,0.009679552,0.01047029,0.272347547,0.051487689,0.148103411,0.43175812,0.567279915,0.159039283,0.052892251,0.099210074,0.216375495,0.269854395,0.56418849,0.217794393,0.415874222,0.68420293,0.824531993,0,0,0,0,0,5.096383376,2.232380654,3.488719263,6.716226266,8.628874173,0.118389254,0.018701325,0.064695704,0.179638262,0.245411437,0.878087259,0.752707385,0.816121246,0.932341781,0.979343799,0.004655377,0.000504944,0.002305565,0.006692188,0.00834405,0,0,0,0,0,0.736155367,0.37590342,0.539854119,0.993418021,1.184255189,0.621143551,0.367880381,0.483489012,0.764386396,0.881886628,0.248715273,0.032025658,0.119301806,0.412580816,0.545616865,0.099289327,0.016858484,0.048637638,0.165624776,0.243237872,0,0,0,0,0,2.278773188,1.374636784,1.802004405,2.64881044,2.987174427
pmb2_zam23,NaN,0.440462197,0.271492338,0.348688257,0.529777472,0.598228173,0.129723109,0.069450964,0.098266251,0.155444563,0.17967214,0.43205572,0.262607803,0.341653806,0.528631937,0.614191392,0.668856002,0.380969608,0.510315647,0.825495366,0.970038397,0,0,0,0,0,0.458276941,0.347056146,0.395471391,0.517320322,0.572191983,0.418001949,0.255517339,0.350076278,0.493542261,0.577778405,0.122529129,0.01911535,0.071666779,0.172772622,0.221886781,0,0,0,0,0,2.081436396,1.287854064,1.527643293,2.654124004,3.136284884,0.939040349,0.928034375,0.932786149,0.944718881,0.95004279,0.060959651,0.04995721,0.055281119,0.067213851,0.071965625,0,0,0,0,0,0,0,0,0,0,0.008771182,0.007276094,0.007908467,0.009762096,0.010520208,0.311965105,0.051806006,0.168583883,0.461936321,0.572078309,0.157081943,0.048594124,0.101968639,0.210843602,0.264846908,0.519056852,0.237682984,0.3798445,0.682397586,0.833270545,0,0,0,0,0,4.886634848,2.145431699,3.263241147,6.974713111,8.557947953,0.122869061,0.012293835,0.064963984,0.195281457,0.244523443,0.872874696,0.752441306,0.800538117,0.929383701,0.981582794,0.004845252,0.000414066,0.00231006,0.006785167,0.008289046,0,0,0,0,0,0.773134023,0.389204141,0.565680898,0.985832147,1.17586129,0.608347631,0.377787678,0.471334192,0.750469449,0.892739117,0.265603896,0.030746567,0.119780334,0.388248614,0.539016777,0.106722189,0.01653962,0.061565489,0.16463326,0.24791809,0,0,0,0,0,2.258313558,1.400834358,1.778843642,2.709741374,3.012592411
pmb3_zam23,NaN,0.451761891,0.286304028,0.368202289,0.543028076,0.610666125,0.13321304,0.070117288,0.097563081,0.156861594,0.178187827,0.427749017,0.248800491,0.328193126,0.500313366,0.601550494,0.66261321,0.369220563,0.507749662,0.839845873,0.966717578,0,0,0,0,0,0.457471675,0.345761503,0.391653057,0.520578075,0.569759432,0.414630607,0.250129157,0.34331118,0.495043492,0.588743681,0.126299529,0.023801375,0.066055623,0.184621741,0.226678988,0,0,0,0,0,2.1866389,1.301470565,1.683005039,2.668754113,3.119851414,0.938829628,0.928093833,0.932858934,0.945845276,0.950062398,0.061170372,0.049937602,0.054154724,0.067141066,0.071906167,0,0,0,0,0,0,0,0,0,0,0.008858441,0.007315506,0.008000217,0.009790217,0.010538832,0.271448405,0.056525388,0.128655292,0.40987639,0.560477692,0.146222337,0.049309531,0.090174088,0.215860974,0.273642865,0.579133822,0.278018225,0.431413148,0.701152923,0.823814923,0,0,0,0,0,5.56799078,2.143010018,3.659506068,7.293092915,8.781547089,0.125429753,0.016001501,0.065063824,0.192317467,0.246618678,0.870538822,0.74953915,0.803405183,0.929433388,0.981665938,0.004210955,0.000388215,0.001999025,0.006642416,0.008211817,0,0,0,0,0,0.72742881,0.385190289,0.532914553,0.984522075,1.161003053,0.626737513,0.37569909,0.495090451,0.758808607,0.872025726,0.252216398,0.017806637,0.105737344,0.383691105,0.514052196,0.106820079,0.018178609,0.059093775,0.174015594,0.245465507,0,0,0,0,0,2.242805439,1.337548115,1.754761712,2.665593473,2.9928302
pmb4_zam23,NaN,0.426193871,0.278465723,0.347804944,0.517212838,0.591765831,0.125904325,0.069565958,0.093863718,0.156697947,0.177973529,0.446801273,0.258207806,0.362017452,0.529586974,0.613901581,0.650626606,0.376071828,0.495737509,0.822132984,0.963289413,0,0,0,0,0,0.444928626,0.345888214,0.39464975,0.51398491,0.56659645,0.423066397,0.260644164,0.347852828,0.488443258,0.570840747,0.128421812,0.023053673,0.070147825,0.183660658,0.228522774,0,0,0,0,0,2.114396811,1.259880208,1.66546068,2.649366143,3.069427431,0.938429027,0.928025384,0.932578273,0.944636597,0.949472376,0.061570973,0.050527624,0.055363403,0.067421727,0.071974616,0,0,0,0,0,0,0,0,0,0,0.008896679,0.007286773,0.007973248,0.009806576,0.010507527,0.273919828,0.045105921,0.131984375,0.42527672,0.558190668,0.156985791,0.048956064,0.094833184,0.209177818,0.268796722,0.576208992,0.264551078,0.434255819,0.69336147,0.825767318,0,0,0,0,0,4.767689853,2.188294104,3.383451353,6.701428406,8.577851524,0.124652479,0.017883173,0.060661876,0.197337896,0.244960622,0.871582364,0.750919679,0.799988719,0.93360948,0.979512486,0.004174479,0.000346229,0.002241692,0.006669567,0.008326534,0,0,0,0,0,0.761202246,0.400108426,0.558592187,0.974330008,1.191499134,0.639958869,0.383553313,0.507277898,0.757363538,0.874720888,0.24414486,0.027576734,0.135995032,0.381660557,0.542559567,0.090864492,0.017797818,0.049390319,0.149462526,0.225585235,0,0,0,0,0,2.208459124,1.359049273,1.762323615,2.650881122,3.014808139
sc7_zam23,NaN,0.444668219,0.27964399,0.350187028,0.519667128,0.597912765,0.122416551,0.070266565,0.097268142,0.152074197,0.176378987,0.424467978,0.269372572,0.348663763,0.531360809,0.610357345,0.667253959,0.363634331,0.494911611,0.819491711,0.963608987,0,0,0,0,0,0.451014164,0.341747336,0.388921818,0.50772968,0.565567953,0.423993891,0.260099827,0.354008816,0.498353878,0.597985863,0.124846462,0.01848454,0.064286488,0.187138587,0.226997619,0,0,0,0,0,2.126647681,1.273714372,1.656646052,2.663396135,3.12267996,0.940021272,0.928587332,0.933362188,0.946229873,0.950250189,0.059978728,0.049749811,0.053770127,0.066637812,0.071412668,0,0,0,0,0,0,0,0,0,0,0.008972428,0.007311662,0.008166882,0.009889207,0.010557633,0.217176908,0.044719398,0.114154528,0.372455082,0.556592335,0.152765846,0.047372969,0.095915155,0.210347655,0.266261587,0.614835795,0.292362851,0.473429865,0.733387968,0.849348579,0,0,0,0,0,4.433629325,2.055405768,3.092510658,6.061826606,8.436071178,0.104286117,0.013300064,0.055955953,0.159086871,0.235437449,0.89203173,0.764089667,0.835079238,0.940795204,0.983279429,0.00483836,0.000536534,0.002440875,0.006638473,0.008419306,0,0,0,0,0,0.732883581,0.377377517,0.53127258,0.939904968,1.175126544,0.718762223,0.455309508,0.619430061,0.812934871,0.921174623,0.175032408,0.017560157,0.082111215,0.280031573,0.46066401,0.078306667,0.015063905,0.038916988,0.134079549,0.227126619,0,0,0,0,0,2.430761356,1.492929306,2.047900534,2.759268456,3.013069329
sc5_zam23,NaN,0.431637351,0.271703396,0.343796344,0.519002238,0.610858366,0.124551595,0.067519839,0.094589999,0.155745348,0.178068593,0.442710685,0.248302874,0.355642314,0.532552159,0.614155459,0.635862959,0.365564453,0.471478676,0.814400649,0.957496522,0,0,0,0,0,0.447011942,0.341056535,0.387912532,0.510205883,0.564149684,0.41970769,0.256472584,0.348921133,0.492434266,0.594667178,0.131501142,0.019464696,0.068621695,0.188389766,0.226816923,0,0,0,0,0,2.065625582,1.262991713,1.577140378,2.602645809,3.078501775,0.938509848,0.9278462,0.932816819,0.944933458,0.949637021,0.061490152,0.050362979,0.055066542,0.067183181,0.0721538,0,0,0,0,0,0,0,0,0,0,0.008916839,0.007369901,0.008082808,0.009877112,0.01053504,0.250127009,0.042976579,0.125194102,0.429948463,0.561803306,0.158018175,0.052705736,0.098767462,0.222214123,0.269433615,0.597020297,0.254139782,0.425138543,0.698953883,0.821577093,0,0,0,0,0,4.75024833,2.183363365,3.214025327,6.685569464,8.455456142,0.105488419,0.007861522,0.043285643,0.160963508,0.231398898,0.89137659,0.764361644,0.833965426,0.953120258,0.988788534,0.004386476,0.000426117,0.002205252,0.006659708,0.008338712,0,0,0,0,0,0.693678662,0.38390195,0.525298831,0.940571591,1.150887668,0.713067973,0.447491933,0.59286834,0.79345752,0.912178421,0.190740189,0.021375334,0.089334222,0.306875105,0.473471818,0.07911665,0.014012053,0.042058435,0.136826955,0.227502274,0,0,0,0,0,2.416092044,1.462262082,2.010342102,2.769381386,3.036747634
sc1_zam23,NaN,0.451079792,0.275233245,0.348954592,0.536443827,0.607499339,0.124443239,0.068874469,0.092371089,0.155550392,0.177973667,0.425410141,0.256374154,0.341586244,0.526320356,0.618263878,0.686881678,0.382180155,0.505664378,0.827801381,0.957002288,0,0,0,0,0,0.455434,0.343787792,0.400814095,0.52587613,0.571452799,0.415363845,0.243273948,0.334581821,0.483569587,0.580549846,0.129100222,0.016627449,0.068688316,0.190190752,0.230806386,0,0,0,0,0,2.187780994,1.261534099,1.645051627,2.709919119,3.11406572,0.939305624,0.928083923,0.933117405,0.944962987,0.949226956,0.060694376,0.050773044,0.055037013,0.066882595,0.071916077,0,0,0,0,0,0,0,0,0,0,0.008953032,0.007313698,0.008094456,0.009931989,0.010533753,0.088315812,0.028222381,0.054442221,0.146892704,0.244111145,0.114710463,0.047361094,0.076004551,0.17795516,0.255822526,0.764436927,0.628809596,0.703786316,0.8280449,0.885808526,0,0,0,0,0,2.285324179,1.949040185,2.078728645,2.621634577,3.157073557,0.121525376,0.009955767,0.057239399,0.183988694,0.246754541,0.875229788,0.749012534,0.811790961,0.937930098,0.98551909,0.004130017,0.000425297,0.001861847,0.006751921,0.008388295,0,0,0,0,0,0.708493264,0.389382216,0.510706145,0.924185822,1.15647887,0.69607427,0.384629855,0.526103519,0.81369626,0.918283924,0.211943009,0.015411315,0.089467055,0.382751845,0.526443489,0.07206411,0.014306046,0.038896885,0.134774646,0.22594804,0,0,0,0,0,2.741544122,2.046438525,2.503427532,2.941173442,3.054242883
lawis_river_zam23,NaN,0.549019521,0.412573626,0.500444727,0.594203264,0.618607397,0.139626212,0.074823527,0.108887585,0.16364784,0.179296524,0.319462419,0.220302362,0.275084542,0.373639012,0.450412902,0.891854664,0.693793516,0.822045178,0.95092049,0.99287005,0,0,0,0,0,0.453610099,0.343348764,0.394150421,0.516726308,0.570041277,0.458728929,0.287758797,0.392513728,0.537607723,0.61321571,0.069621922,0.010610724,0.032855985,0.129464514,0.198816929,0,0,0,0,0,2.526449877,1.347299811,1.957292948,2.919546282,3.134738623,0.93862717,0.927926518,0.933543877,0.945303688,0.950098415,0.06137283,0.049901585,0.054696312,0.066456123,0.072073482,0,0,0,0,0,0,0,0,0,0,0.00889359,0.007307328,0.008013791,0.009817046,0.010501702,0.35296086,0.057433568,0.200080793,0.487866432,0.573926321,0.165825689,0.055712488,0.100736216,0.231108075,0.270243867,0.496677521,0.216225911,0.347049073,0.638936603,0.794691199,0,0,0,0,0,6.410255338,2.576009054,4.68240314,7.96111922,8.808326756,0.114959372,0.01155571,0.055430115,0.176381539,0.235039445,0.879106146,0.759683533,0.820185832,0.941096667,0.982550544,0.004550547,0.000470383,0.002374561,0.006855179,0.008392497,0,0,0,0,0,0.842520926,0.405139314,0.597113019,1.062197703,1.202906112,0.63576152,0.422820943,0.548879814,0.713088719,0.788050561,0.145442701,0.013173969,0.071687622,0.24167952,0.363760499,0.219485464,0.132328597,0.185439029,0.246003503,0.26123068,0,0,0,0,0,1.71107867,1.292404795,1.473899606,2.167163203,2.753741039
masinloc_river_zam23,NaN,0.546864988,0.418019202,0.503419701,0.58936252,0.616268158,0.145010326,0.081255097,0.116398583,0.164128157,0.181258514,0.315458321,0.23046033,0.270260685,0.360696347,0.441196528,0.907535086,0.71673869,0.841918134,0.958316549,0.991836925,0,0,0,0,0,0.44586795,0.351339348,0.398368646,0.508667477,0.566989746,0.46976336,0.295821678,0.395257912,0.533825905,0.598609306,0.076788172,0.01073704,0.031693768,0.125887498,0.210414827,0,0,0,0,0,2.565247135,1.349259935,2.03159712,2.912787175,3.151715131,0.938602851,0.927808387,0.93301848,0.944565121,0.949666816,0.061397149,0.050333184,0.055434879,0.06698152,0.072191613,0,0,0,0,0,0,0,0,0,0,0.009007088,0.007282618,0.00809137,0.009782961,0.010477644,0.356712458,0.062427059,0.201343003,0.487578683,0.579116825,0.180382351,0.060974868,0.125973579,0.225854972,0.27053655,0.469004665,0.221831961,0.343628659,0.626948614,0.789761051,0,0,0,0,0,6.213623525,2.550153396,4.66116303,7.814296282,8.795504838,0.112160148,0.012573715,0.059423259,0.170466744,0.235394497,0.883819793,0.760851006,0.825548129,0.935954752,0.983984188,0.004210298,0.000442122,0.002088879,0.00618563,0.00817948,0,0,0,0,0,0.828230963,0.37549188,0.608976295,1.061266166,1.202123883,0.673443676,0.432031253,0.576520692,0.737043009,0.807056561,0.115874073,0.008431722,0.053323893,0.211835812,0.357706143,0.209505202,0.111512943,0.177567592,0.241271716,0.260373892,0,0,0,0,0,1.742331882,1.272218837,1.470493327,2.124080947,2.720523355
salasa_river_zam23,NaN,0.421047706,0.278662663,0.342478139,0.512998677,0.595807184,0.123625331,0.068941649,0.090747106,0.154509373,0.178841172,0.453067542,0.282259423,0.361983353,0.533562471,0.608104274,0.633447994,0.370086072,0.471056823,0.80703135,0.943684108,0,0,0,0,0,0.452547237,0.345614368,0.394864283,0.514000774,0.569788782,0.415019807,0.24607079,0.333190939,0.492899816,0.584356071,0.141078369,0.017157664,0.071268203,0.188427051,0.227308328,0,0,0,0,0,2.137250305,1.266505669,1.617824833,2.647466794,3.099381983,0.938730356,0.927911171,0.932470142,0.945415348,0.950042418,0.061269644,0.049957582,0.054584652,0.067529858,0.072088829,0,0,0,0,0,0,0,0,0,0,0.008977821,0.007314366,0.008105218,0.009802541,0.010537138,0.256359282,0.041740922,0.141079065,0.399730004,0.550937153,0.147778131,0.054977583,0.093135352,0.210100198,0.265543503,0.577966126,0.292797017,0.444728369,0.696404384,0.852819001,0,0,0,0,0,4.508165063,2.121453376,3.201128463,6.382044046,8.39058855,0.116341104,0.013930867,0.063569644,0.187823187,0.244646409,0.87906777,0.750596705,0.807697316,0.931784079,0.982975606,0.003884708,0.000302901,0.001814076,0.006638489,0.008292581,0,0,0,0,0,0.733277327,0.377843106,0.503737386,0.983694285,1.182745246,0.641135977,0.374989128,0.500135642,0.769431273,0.901641079,0.259129741,0.025025143,0.125737925,0.381843699,0.51974815,0.084707728,0.015408165,0.045759224,0.136193575,0.228030161,0,0,0,0,0,2.381057981,1.476420415,1.91721564,2.759163319,3.020395864
bagsit_river_zam23,NaN,0.446778368,0.278945786,0.353609153,0.544904843,0.603113634,0.118071758,0.068559582,0.09125544,0.155487571,0.178771418,0.430998051,0.252064153,0.336081969,0.526660179,0.622383792,0.692563982,0.364748292,0.516133678,0.845087417,0.968669287,0,0,0,0,0,0.456599799,0.345811703,0.39334541,0.516140535,0.571399207,0.404392744,0.247290688,0.342583174,0.467120588,0.588604732,0.143839102,0.017128125,0.0777482,0.196584246,0.229989639,0,0,0,0,0,2.159237804,1.226849644,1.563984845,2.657562188,3.085172349,0.938201804,0.927992532,0.932621658,0.944962567,0.94969679,0.061798196,0.05030321,0.055037433,0.067378342,0.072007468,0,0,0,0,0,0,0,0,0,0,0.008851587,0.007380946,0.008155327,0.009790429,0.010517019,0.231830315,0.042178327,0.11376994,0.381488878,0.536035017,0.154545215,0.050394742,0.089838562,0.222866479,0.271802158,0.604217548,0.298739924,0.484748208,0.714811969,0.822550826,0,0,0,0,0,4.062449157,2.059053654,2.817844175,5.72427598,7.990239496,0.117959594,0.01514845,0.061307064,0.179646954,0.246368249,0.878133455,0.747144101,0.814409199,0.935259029,0.980382982,0.004032913,0.000267059,0.001917214,0.006425295,0.008310746,0,0,0,0,0,0.725181734,0.383102284,0.535552511,0.971957229,1.158026173,0.635018671,0.401550317,0.524862868,0.768725596,0.899251375,0.259255797,0.025795808,0.136579441,0.370512504,0.509168269,0.086167295,0.016573004,0.048673988,0.143564545,0.226818072,0,0,0,0,0,2.456743404,1.548003497,2.04447647,2.815852859,3.040806727
bucao_river_zam23,NaN,NaN,NaN,NaN,NaN,NaN,NaN,NaN,NaN,NaN,NaN,NaN,NaN,NaN,NaN,NaN,NaN,NaN,NaN,NaN,NaN,NaN,NaN,NaN,NaN,NaN,NaN,NaN,NaN,NaN,NaN,NaN,NaN,NaN,NaN,NaN,NaN,NaN,NaN,NaN,NaN,NaN,NaN,NaN,NaN,NaN,NaN,NaN,NaN,NaN,NaN,NaN,NaN,NaN,NaN,NaN,NaN,NaN,NaN,NaN,NaN,NaN,NaN,NaN,NaN,NaN,NaN,NaN,NaN,NaN,NaN,NaN,NaN,NaN,NaN,NaN,NaN,NaN,NaN,NaN,NaN,NaN,NaN,NaN,NaN,NaN,NaN,NaN,NaN,NaN,NaN,NaN,NaN,NaN,NaN,NaN,NaN,NaN,NaN,NaN,NaN,NaN,NaN,NaN,NaN,NaN,NaN,NaN,NaN,NaN,NaN,NaN,NaN,NaN,NaN,NaN,NaN,NaN,NaN,NaN,NaN,NaN,NaN,NaN,NaN,NaN,NaN,NaN,NaN,NaN,NaN,NaN,NaN,NaN,NaN,NaN,NaN,NaN,NaN,NaN,NaN,NaN,NaN,NaN,NaN,NaN,NaN,NaN,NaN,NaN,NaN
maloma_river_zam23,NaN,0.432465505,0.282275821,0.349801695,0.526843859,0.598955323,0.120994619,0.069352774,0.092019891,0.152556198,0.178058426,0.436889703,0.270880114,0.350332943,0.520367366,0.605689128,0.654144685,0.377150186,0.489486898,0.829234576,0.960768617,0,0,0,0,0,0.454318676,0.345751905,0.40048796,0.516022312,0.574877192,0.418043393,0.249767099,0.339926568,0.48086216,0.581581287,0.130999033,0.018841112,0.067205314,0.190397859,0.224718454,0,0,0,0,0,2.087168636,1.248880847,1.577244849,2.645904384,3.092221069,0.937869578,0.928404555,0.932372903,0.945284559,0.94952595,0.062130422,0.05047405,0.054715441,0.067627097,0.071595445,0,0,0,0,0,0,0,0,0,0,0.008841823,0.007363591,0.008069852,0.009724541,0.010612147,0.241226823,0.040536677,0.120303441,0.375188901,0.539605165,0.145369268,0.051246881,0.098070835,0.212964446,0.263913781,0.599340117,0.303227688,0.470741061,0.715829614,0.838266688,0,0,0,0,0,4.17758157,2.127812032,2.834319088,6.032354641,8.362658897,0.111268766,0.012756775,0.057517629,0.180144767,0.244083359,0.88316777,0.750196754,0.815603489,0.938383964,0.984030287,0.004700115,0.000436795,0.002145022,0.006889942,0.008243257,0,0,0,0,0,0.758721899,0.39427382,0.526306047,1.013106823,1.17546317,0.622935846,0.384323348,0.509781648,0.752780025,0.877770837,0.265330117,0.028417513,0.142205914,0.405398007,0.53509037,0.082053326,0.016823823,0.040141877,0.140051558,0.224570283,0,0,0,0,0,2.354696812,1.426014134,1.89932891,2.729184269,3.000740185
bulsa_river_us_zam24,NaN,0.421549363,0.274732624,0.339554083,0.535674685,0.603911634,0.127521714,0.071310769,0.093308836,0.156495232,0.17566905,0.446620893,0.247008758,0.350925498,0.532128916,0.616282461,0.67608053,0.37457068,0.493844235,0.839461068,0.959562917,0,0,0,0,0,0.460873894,0.346167115,0.399344827,0.521195797,0.565832109,0.407164493,0.257078991,0.344756534,0.474810284,0.566055257,0.139659229,0.017628116,0.072952968,0.188931083,0.227298655,0,0,0,0,0,2.045038424,1.257187815,1.533945025,2.621667591,3.084259896,0.938751658,0.927976243,0.932942868,0.944243492,0.949850713,0.061248342,0.050149287,0.055756508,0.067057132,0.072023757,0,0,0,0,0,0,0,0,0,0,0.008831728,0.007369863,0.008117193,0.009649112,0.010474359,0.214630844,0.041330496,0.119222585,0.367245768,0.537429771,0.141925865,0.05005898,0.088600464,0.200606157,0.27093991,0.621319734,0.296275744,0.476734443,0.731971499,0.85357695,0,0,0,0,0,3.894912981,2.126024876,2.978637846,5.597734697,8.142061038,0.132053798,0.016457895,0.065562259,0.197549619,0.247372383,0.863826531,0.746681493,0.797364654,0.929869163,0.980775272,0.004382896,0.000347431,0.001856238,0.006599284,0.008327204,0,0,0,0,0,0.751601519,0.37435936,0.525804853,1.004833342,1.177955774,0.637762694,0.383585984,0.511126049,0.78868914,0.908767693,0.259875835,0.023488973,0.119829655,0.381346749,0.531645257,0.074805964,0.013351202,0.037137017,0.135899542,0.236817832,0,0,0,0,0,2.478024974,1.516176802,2.008460243,2.789038819,3.033100709
camiling_river_us_zam24,NaN,0.444742611,0.278016763,0.354030527,0.530647702,0.606504471,0.123950115,0.070373385,0.095380974,0.154641766,0.179693283,0.429113024,0.245165159,0.344953479,0.522695461,0.60461358,0.666450233,0.376707818,0.493344444,0.830297126,0.959214189,0,0,0,0,0,0.456527912,0.343343793,0.393492013,0.521515393,0.563959165,0.413291273,0.252288874,0.345041539,0.476048504,0.581588343,0.132648382,0.021033026,0.078024412,0.190770565,0.228440287,0,0,0,0,0,2.161677598,1.265689688,1.625653834,2.707966738,3.104800325,0.939033612,0.927907265,0.93293437,0.945380069,0.949958649,0.060966388,0.050041351,0.054619931,0.06706563,0.072092735,0,0,0,0,0,0,0,0,0,0,0.008911752,0.007331,0.00812309,0.009839728,0.010491095,0.242159814,0.044466539,0.133282778,0.36317457,0.564640232,0.153091941,0.051684512,0.093109882,0.214184356,0.262555587,0.607158888,0.282286778,0.46060718,0.712405339,0.857519321,0,0,0,0,0,4.773268918,2.181312613,3.097255159,6.523576295,8.686793856,0.120526439,0.015303572,0.07068093,0.187278339,0.249178043,0.87654958,0.747539089,0.808505607,0.925441836,0.978865309,0.004538933,0.00042829,0.002090478,0.006474569,0.00836633,0,0,0,0,0,0.753776424,0.377375416,0.519457717,0.996219684,1.195067547,0.657092062,0.380313934,0.503990189,0.783971141,0.906952398,0.237530426,0.018167165,0.116259862,0.392188871,0.541232206,0.089881449,0.014275926,0.044326467,0.147351114,0.241617525,0,0,0,0,0,2.384431824,1.462383209,1.942479028,2.761136259,3.020706415
camiling_river_ds_zam24,NaN,0.44924908,0.281059473,0.3532403,0.525239914,0.598753729,0.119846032,0.068865122,0.089033604,0.152377352,0.174124442,0.441743721,0.269495573,0.36075425,0.527225882,0.608247922,0.66812184,0.371402402,0.506556662,0.85443658,0.963884109,0,0,0,0,0,0.453112001,0.345905201,0.391627174,0.515148454,0.569376986,0.41368958,0.253666504,0.341981937,0.48325865,0.582723366,0.138728047,0.023234206,0.071707706,0.189498603,0.226515345,0,0,0,0,0,2.08913311,1.237374694,1.618769536,2.695834522,3.081465546,0.939129105,0.928263784,0.933636124,0.944283343,0.949673592,0.060870895,0.050326408,0.055716657,0.066363876,0.071736216,0,0,0,0,0,0,0,0,0,0,0.008864829,0.007342648,0.007940361,0.009834102,0.010559288,0.266935849,0.046878105,0.133331983,0.420767956,0.551593878,0.14707176,0.050499399,0.095286535,0.205851531,0.26433168,0.572714248,0.278016188,0.427480229,0.717463633,0.836875537,0,0,0,0,0,4.50943885,2.157600684,3.107421234,6.140078118,8.398932362,0.122876552,0.013093344,0.06297368,0.187349296,0.244022778,0.873334296,0.75124881,0.807879628,0.933949484,0.981788885,0.00446627,0.000418849,0.002237517,0.006539397,0.008287534,0,0,0,0,0,0.770231774,0.382435594,0.549761611,0.99626983,1.176424781,0.65265196,0.372678538,0.513675002,0.776125577,0.895389036,0.250123223,0.023073934,0.108965565,0.377317603,0.538191147,0.088463207,0.015350607,0.044407411,0.148057193,0.240070524,0,0,0,0,0,2.380213272,1.391719775,1.92683156,2.774590896,3.026440716
malabobo_river_zam24,NaN,0.445421398,0.278339285,0.348984523,0.531648211,0.608269499,0.12674519,0.06880137,0.093975774,0.1525756,0.176756867,0.430046437,0.262000712,0.343942445,0.525610432,0.603921644,0.639575318,0.371198054,0.493144745,0.815973456,0.956572506,0,0,0,0,0,0.460007093,0.350936272,0.404342207,0.516579696,0.569298632,0.404748436,0.252970479,0.328937764,0.472616112,0.58656697,0.137640679,0.019696459,0.074251596,0.191481201,0.22878445,0,0,0,0,0,2.12579627,1.249372037,1.61838263,2.646158944,3.086111643,0.93911296,0.927960911,0.932562632,0.944943596,0.949563925,0.06088704,0.050436075,0.055056404,0.067437368,0.072039089,0,0,0,0,0,0,0,0,0,0,0.008842136,0.00734998,0.007919144,0.009745467,0.01047656,0.26387783,0.042999076,0.122794191,0.419595867,0.563633927,0.164493915,0.054035791,0.105484573,0.227987661,0.272171668,0.56263077,0.269955244,0.397507967,0.694127451,0.840677307,0,0,0,0,0,4.848852349,2.096467943,3.117376389,6.708535513,8.706676574,0.128638746,0.015533756,0.065524742,0.192343508,0.243774149,0.868208649,0.751889267,0.802804036,0.931547379,0.981291056,0.004591272,0.000417574,0.002013042,0.006511474,0.008374854,0,0,0,0,0,0.735922224,0.380391182,0.541708544,0.965882373,1.184907351,0.659100553,0.36642582,0.504079874,0.772216339,0.887159716,0.233081238,0.02255753,0.114119498,0.379978689,0.553349983,0.092824231,0.015891472,0.045935706,0.149850469,0.234093023,0,0,0,0,0,2.333891933,1.378749385,1.866376579,2.727336289,3.042766739
bayaoas_river_zam24,NaN,0.458617856,0.285468273,0.372473819,0.535746193,0.604015663,0.118028514,0.066765721,0.090682077,0.152412181,0.175705511,0.431675928,0.266822626,0.340595454,0.512776558,0.597099521,0.643810603,0.366199817,0.475967584,0.824690001,0.961812938,0,0,0,0,0,0.462565574,0.345661133,0.389999262,0.528681259,0.57376578,0.411079448,0.245951624,0.33981449,0.484061351,0.586905767,0.133783762,0.020160226,0.073859658,0.186616803,0.223749744,0,0,0,0,0,2.103377917,1.294094854,1.658821088,2.581501829,3.098726918,0.938755373,0.927842411,0.932098484,0.944933276,0.949950991,0.061244627,0.050049009,0.055066724,0.067901516,0.072157589,0,0,0,0,0,0,0,0,0,0,0.008814564,0.007321835,0.007959708,0.009787459,0.010496925,0.274062285,0.041801992,0.146212372,0.437892603,0.567210365,0.154225619,0.049161752,0.092776287,0.221114483,0.266059441,0.561887452,0.247996943,0.413630179,0.694560562,0.834639133,0,0,0,0,0,4.764228141,2.145330555,3.207273012,6.831677664,8.646664434,0.12919607,0.018583285,0.055472313,0.190421642,0.249660212,0.866681554,0.74537027,0.803490129,0.939734307,0.978596887,0.004213823,0.000399396,0.002071806,0.006403027,0.008246048,0,0,0,0,0,0.743748074,0.371694012,0.525061313,0.96199226,1.161334593,0.614006736,0.372592839,0.476229085,0.757246437,0.887069019,0.279057785,0.029864534,0.132527648,0.411767411,0.550301525,0.092867576,0.01927826,0.044506051,0.151770759,0.229208113,0,0,0,0,0,2.339382194,1.387643592,1.792945114,2.721613317,2.988347799
mapita_river_zam24,NaN,0.427823312,0.272769697,0.345647598,0.509435463,0.597782551,0.12538142,0.068690593,0.096088375,0.150509801,0.177758644,0.446549351,0.268925893,0.361016968,0.52957265,0.605772478,0.621972146,0.374557613,0.488092099,0.813513294,0.95999255,0,0,0,0,0,0.44723915,0.348099236,0.389099907,0.517759359,0.571862646,0.423829929,0.243535926,0.351254308,0.481071127,0.584643015,0.134054878,0.022004431,0.079278343,0.185246258,0.223163329,0,0,0,0,0,2.064655891,1.262436641,1.590981164,2.64289488,3.10920734,0.937765378,0.927620591,0.932390504,0.944280976,0.949747717,0.062234622,0.050252283,0.055719024,0.067609496,0.072379409,0,0,0,0,0,0,0,0,0,0,0.008801329,0.007339629,0.007901313,0.009757012,0.010562987,0.267291882,0.044667174,0.159021359,0.403206446,0.547671124,0.158941302,0.050571328,0.098310671,0.215614118,0.264185863,0.568346011,0.279199502,0.437912095,0.696155761,0.827562197,0,0,0,0,0,4.330628501,2.085203543,3.133349582,6.563826865,8.496847397,0.122544728,0.012264656,0.06351577,0.195350225,0.239840249,0.874226076,0.755553052,0.799010248,0.934139404,0.98436258,0.00417831,0.000422653,0.002265752,0.006488189,0.008218017,0,0,0,0,0,0.764817253,0.37531165,0.51528006,0.973829983,1.195394949,0.610937172,0.368639506,0.496853311,0.725432221,0.881778772,0.277432525,0.029608113,0.153361034,0.401872467,0.54216535,0.086626766,0.016364283,0.04357456,0.156601666,0.234921052,0,0,0,0,0,2.354251495,1.415619567,1.812815293,2.732412734,3.028905002
dumoloc_river_zam24,NaN,0.443108396,0.281573112,0.358768941,0.534663665,0.608809761,0.121208002,0.069036115,0.093004876,0.154135669,0.176477799,0.439132087,0.261665543,0.350670449,0.524602047,0.606089933,0.653572478,0.372594894,0.487035466,0.818919418,0.968572163,0,0,0,0,0,0.456316691,0.345923198,0.393955298,0.517053921,0.572434434,0.408383014,0.244783405,0.334663902,0.474278285,0.588041894,0.136822713,0.027072718,0.076649657,0.187121621,0.228067247,0,0,0,0,0,2.041984817,1.254250551,1.602523385,2.602126885,3.055325113,0.939230698,0.928376768,0.933134772,0.944926502,0.94956063,0.060769302,0.05043937,0.055073498,0.066865228,0.071623232,0,0,0,0,0,0,0,0,0,0,0.008782465,0.007331745,0.007989817,0.009683266,0.010524372,0.252135253,0.043021868,0.123786368,0.384242171,0.543979484,0.15396893,0.057486051,0.10018298,0.217883621,0.265293166,0.58123301,0.282508359,0.460883291,0.711110542,0.834749521,0,0,0,0,0,4.653284268,2.247174037,3.23902839,6.39896532,8.27104392,0.132516387,0.014267634,0.058748818,0.191870853,0.246374321,0.862552273,0.74864693,0.803353744,0.936992952,0.979300195,0.004257952,0.000449333,0.002100033,0.006634676,0.008243258,0,0,0,0,0,0.779076261,0.395340183,0.556627092,0.992751823,1.187142341,0.629202512,0.375526064,0.492657262,0.765582984,0.895126155,0.253686035,0.024781067,0.117935583,0.407315736,0.542327548,0.093733108,0.016311952,0.052953343,0.140171671,0.23011979,0,0,0,0,0,2.365810556,1.405639161,1.89230596,2.724304928,3.0165886
pmb4_zam24,NaN,0.425430057,0.277462404,0.336443436,0.516643645,0.601310252,0.127430843,0.0693429,0.094386595,0.153148948,0.176141054,0.452102442,0.275362433,0.357231532,0.528739751,0.606580263,0.687744579,0.380342468,0.518159502,0.843894601,0.971007722,0,0,0,0,0,0.450766005,0.347862689,0.390591301,0.514592173,0.572621777,0.417489692,0.249044628,0.356297543,0.489219152,0.57494704,0.134379545,0.017896697,0.067112474,0.185538969,0.225020631,0,0,0,0,0,2.048850974,1.238298266,1.526608316,2.577030821,3.081250019,0.938569949,0.928077415,0.932520952,0.945117857,0.950286102,0.061430051,0.049713898,0.054882143,0.067479048,0.071922585,0,0,0,0,0,0,0,0,0,0,0.008887029,0.007345004,0.008051894,0.009864834,0.010525193,0.284461827,0.04354018,0.149167373,0.416200039,0.564197328,0.156879128,0.055069318,0.103919215,0.211761876,0.258099842,0.575415094,0.259269937,0.408719238,0.699681734,0.820586066,0,0,0,0,0,4.773309715,2.111158608,3.151081202,6.757115096,8.698944096,0.1207001,0.013651799,0.057889595,0.181593504,0.238896639,0.877222151,0.754831807,0.8143956,0.938153211,0.982095776,0.004610472,0.000365981,0.002265433,0.006867499,0.0083254,0,0,0,0,0,0.723849464,0.389415369,0.533950757,0.978741397,1.185364661,0.641666474,0.394343539,0.516049438,0.762094098,0.907307114,0.253391504,0.02073954,0.116250969,0.379503268,0.517520659,0.092583962,0.017071452,0.047081778,0.153813493,0.231457988,0,0,0,0,0,2.37559698,1.451918706,1.939650198,2.73394268,2.993048382
pmb34_zam24,NaN,0.435116477,0.281309213,0.351280642,0.54056176,0.601519757,0.126112591,0.071025059,0.099907502,0.151832436,0.179008541,0.429736853,0.255428384,0.333883076,0.533433353,0.607509415,0.654478138,0.367828271,0.472404727,0.814634658,0.956232143,0,0,0,0,0,0.459849777,0.350646637,0.403467897,0.515962153,0.570658163,0.414155582,0.246324101,0.341192579,0.482554851,0.577328072,0.130960693,0.019425256,0.075487168,0.185509132,0.22675739,0,0,0,0,0,2.088129173,1.264821113,1.608920133,2.603032256,3.104249474,0.939850406,0.928090161,0.932625075,0.945789058,0.950119809,0.060149594,0.049880191,0.054210942,0.067374925,0.071909839,0,0,0,0,0,0,0,0,0,0,0.008904234,0.007359065,0.008062602,0.009875071,0.010551285,0.278490776,0.045728009,0.149664372,0.438016338,0.57499618,0.159674451,0.054155802,0.102488307,0.217300829,0.265196891,0.550858129,0.254603652,0.392777722,0.693614072,0.832901071,0,0,0,0,0,5.03978574,2.214503192,3.32020362,6.840058114,8.693853172,0.112624668,0.017456609,0.058491594,0.185825617,0.242412971,0.882697593,0.752706204,0.811295035,0.937065314,0.978076158,0.004288419,0.000590491,0.002052768,0.00647954,0.008258064,0,0,0,0,0,0.719089447,0.365059109,0.519166631,0.926604912,1.17637389,0.629984528,0.397542233,0.504875908,0.743191156,0.898706162,0.241227855,0.021194118,0.130592178,0.374366211,0.519973157,0.106626126,0.020789469,0.056032632,0.159523515,0.227556647,0,0,0,0,0,2.311671012,1.398390257,1.840491714,2.74215589,3.03421735
pmb3_zam24,NaN,0.449195049,0.278350637,0.348818781,0.534378519,0.610634138,0.12209552,0.067642146,0.096118449,0.150393983,0.177747774,0.425586529,0.259318799,0.340005776,0.524033794,0.609834916,0.671582944,0.378839038,0.517223863,0.836411493,0.956909561,0,0,0,0,0,0.448308272,0.343047372,0.388998794,0.513978035,0.568896756,0.411009311,0.252373992,0.347116208,0.48969108,0.590566003,0.137051,0.019203299,0.073003486,0.187820824,0.230345844,0,0,0,0,0,2.138989283,1.2756617,1.653905121,2.663347351,3.06641849,0.938925799,0.927795712,0.932921472,0.945703001,0.950065779,0.061074201,0.049934221,0.054296999,0.067078528,0.072204288,0,0,0,0,0,0,0,0,0,0,0.008917266,0.007292098,0.008059682,0.009845839,0.010486327,0.273882044,0.049096768,0.159048093,0.416741063,0.555465964,0.163667041,0.051061158,0.095924446,0.218702722,0.267944271,0.55968185,0.264763432,0.417285448,0.68211295,0.827740963,0,0,0,0,0,5.003169362,2.178283598,3.290409759,6.844734636,8.573697474,0.119511264,0.013141074,0.064135683,0.191319689,0.244802464,0.877296251,0.750080185,0.803990939,0.930768439,0.983578353,0.004600917,0.000561292,0.0025755,0.006638116,0.008332576,0,0,0,0,0,0.693735855,0.373272342,0.508552253,0.962472457,1.187156797,0.617018217,0.371429292,0.504630009,0.737211774,0.875452457,0.258957262,0.032411029,0.146567979,0.389665434,0.5338269,0.105711335,0.017082865,0.051072004,0.159765613,0.22961256,0,0,0,0,0,2.352892452,1.374808763,1.877422755,2.781490671,3.023580631
pmb2_zam24,NaN,0.444270632,0.281497158,0.352023468,0.5449758,0.604399781,0.121456366,0.070095368,0.092946741,0.154257271,0.179127344,0.4267321,0.254121094,0.338152864,0.523614199,0.605825682,0.659039568,0.373157503,0.506850341,0.851055031,0.978099886,0,0,0,0,0,0.45346687,0.342752164,0.395758652,0.523388672,0.572338755,0.417719524,0.249728979,0.343872007,0.49308432,0.585859965,0.128239396,0.021618225,0.066939721,0.190143809,0.230583597,0,0,0,0,0,2.213626386,1.297078606,1.708712527,2.688623585,3.139458038,0.938746941,0.927732942,0.932024993,0.945261464,0.949879061,0.061253059,0.050120939,0.054738536,0.067975007,0.072267058,0,0,0,0,0,0,0,0,0,0,0.009034898,0.007370457,0.008109818,0.00981842,0.010567588,0.289728031,0.041789933,0.148698283,0.408636141,0.566307685,0.150607651,0.051408029,0.092953011,0.213129721,0.266577026,0.557138151,0.265264194,0.425232695,0.6870565,0.843715958,0,0,0,0,0,5.089065733,2.131864951,3.112917421,7.159119735,8.561092377,0.12352643,0.015806071,0.059538455,0.189654109,0.239830271,0.87183118,0.754647451,0.806252131,0.937934917,0.980586497,0.004672631,0.000429342,0.002310256,0.006846757,0.008285367,0,0,0,0,0,0.723973912,0.372524341,0.518911597,0.992475688,1.188137044,0.659742978,0.380981356,0.498355497,0.790329289,0.904437008,0.224737574,0.015724176,0.097601723,0.390549818,0.556342399,0.081787024,0.019459072,0.044847873,0.139223561,0.226506576,0,0,0,0,0,2.40725188,1.380826429,1.972258761,2.776778372,3.016975487
pmb1_zam24,NaN,0.451489493,0.287417467,0.35482821,0.532450491,0.602200342,0.119719351,0.069693157,0.091571643,0.152922416,0.17562336,0.428683893,0.252197862,0.350774078,0.525334586,0.607760559,0.669209531,0.387140697,0.513313772,0.818117968,0.963234415,0,0,0,0,0,0.447812455,0.345570679,0.393065503,0.514520748,0.571287475,0.415788027,0.241554203,0.338755169,0.484215006,0.592711892,0.140242222,0.02059765,0.075681875,0.190902188,0.229367479,0,0,0,0,0,2.130466003,1.25067066,1.597862589,2.649911041,3.101940282,0.938412931,0.92777985,0.932035016,0.9444136,0.949436076,0.061587069,0.050563924,0.0555864,0.067964984,0.07222015,0,0,0,0,0,0,0,0,0,0,0.008875172,0.007291093,0.008008338,0.00977981,0.010535372,0.290048259,0.047419486,0.146189808,0.432598624,0.561073567,0.161509973,0.055329939,0.100559118,0.217852435,0.27067466,0.549759191,0.247793,0.413811949,0.696723059,0.844462073,0,0,0,0,0,5.252566881,2.256420085,3.538231028,6.739810422,8.712568604,0.118415534,0.012543464,0.061264742,0.187114961,0.241012638,0.878533106,0.755745584,0.809823655,0.935924224,0.984679894,0.004136397,0.000374952,0.002056418,0.006404053,0.008094999,0,0,0,0,0,0.713938856,0.382412013,0.526360661,0.967158181,1.179971573,0.637580508,0.374079158,0.51710822,0.776638895,0.897696437,0.239126825,0.016178205,0.112149033,0.37604201,0.523777026,0.093825434,0.0167001,0.055134075,0.149955911,0.236414343,0,0,0,0,0,2.392555163,1.35716076,1.941600056,2.770515565,3.023690133
sc6_zam24,NaN,0.433674801,0.284404463,0.341816364,0.530430806,0.59785781,0.12158641,0.068978551,0.09329559,0.150858758,0.177155527,0.446547231,0.270649929,0.35220698,0.53631789,0.607733884,0.654955911,0.369179717,0.480471743,0.840416058,0.965947239,0,0,0,0,0,0.450826987,0.350839899,0.389536307,0.522915275,0.573451216,0.418576537,0.245462335,0.344041496,0.476428003,0.58490621,0.133839253,0.021321143,0.07368423,0.188384206,0.227963825,0,0,0,0,0,2.094719504,1.276953829,1.643813255,2.562328625,3.055882789,0.939202598,0.927988443,0.932356718,0.945360115,0.949978804,0.060797402,0.050021196,0.054639885,0.067643282,0.072011557,0,0,0,0,0,0,0,0,0,0,0.008991749,0.007346434,0.008066676,0.009790959,0.010519959,0.261439257,0.041891653,0.138635816,0.43307625,0.56024488,0.158754597,0.052043991,0.107976761,0.219399208,0.268517433,0.571713879,0.254866178,0.413380325,0.696324026,0.810125919,0,0,0,0,0,5.030501902,2.120338205,3.308571895,6.888129098,8.540355935,0.088703208,0.01174777,0.041556417,0.15385833,0.229068043,0.90901582,0.765585604,0.841862961,0.954309882,0.985258091,0.004278306,0.000370109,0.002105508,0.006364768,0.00833612,0,0,0,0,0,0.728948243,0.38333762,0.526880188,0.951864953,1.164578414,0.711866115,0.427925409,0.582063365,0.798313292,0.914453974,0.180922356,0.011772727,0.082837579,0.280997334,0.452335234,0.099412525,0.020744298,0.047848926,0.165109035,0.227368278,0,0,0,0,0,2.279479223,1.426689,1.878575897,2.740336839,3.018474918
sc7_zam24,NaN,0.436567314,0.275940334,0.334696188,0.526847903,0.596852674,0.123533,0.070915577,0.093697109,0.153375514,0.175852105,0.44460167,0.265536883,0.346696549,0.538771521,0.620440003,0.639502664,0.367857954,0.499828419,0.804182814,0.958369128,0,0,0,0,0,0.451685026,0.347140311,0.391326055,0.519451576,0.56825109,0.42257201,0.263586078,0.361969642,0.496116089,0.587783057,0.126747164,0.016861769,0.059014396,0.18140699,0.223893849,0,0,0,0,0,2.135200147,1.276253621,1.607969068,2.69799473,3.100579875,0.938249287,0.928262049,0.932607756,0.944384205,0.949720304,0.061750713,0.050279696,0.055615795,0.067392244,0.071737951,0,0,0,0,0,0,0,0,0,0,0.008917541,0.007404219,0.007989586,0.009765499,0.01053968,0.264279954,0.052266125,0.138695583,0.4014302,0.553787938,0.156267009,0.052770562,0.101987895,0.223959124,0.268173634,0.573998504,0.272010886,0.41527034,0.69706261,0.824331941,0,0,0,0,0,4.939406665,2.189462263,3.455636314,6.611730513,8.438869732,0.082652998,0.011713992,0.041808263,0.144875996,0.230695788,0.910815069,0.76502393,0.84907889,0.954132586,0.985290625,0.004429176,0.0005625,0.002296552,0.006604576,0.008220946,0,0,0,0,0,0.742894755,0.38542939,0.539720516,0.961636246,1.1664161,0.704713717,0.406997405,0.575692705,0.815368605,0.908319853,0.166892201,0.015880766,0.063433897,0.28597854,0.46262058,0.108155516,0.017167263,0.058709521,0.172992208,0.241507902,0,0,0,0,0,2.237130135,1.361659148,1.783796226,2.705259068,2.998876154
sc4_zam24,NaN,0.418639549,0.280174504,0.348277285,0.517022947,0.600980361,0.122841127,0.070985092,0.093410021,0.153999845,0.177998646,0.448267326,0.260819233,0.368737408,0.525080959,0.613019581,0.658571568,0.36862794,0.497860252,0.829314559,0.957483733,0,0,0,0,0,0.448101082,0.341866961,0.382430095,0.514071928,0.573558649,0.422302596,0.246201615,0.350164439,0.489777174,0.587530256,0.130124804,0.021456817,0.064864143,0.193958071,0.231292337,0,0,0,0,0,2.146602018,1.296133274,1.657189093,2.608081671,3.067268448,0.93818594,0.928238822,0.932447133,0.944893142,0.950179441,0.06181406,0.049820559,0.055106858,0.067552867,0.071761178,0,0,0,0,0,0,0,0,0,0,0.008917798,0.007321394,0.008013534,0.009791898,0.010497282,0.276972676,0.046942226,0.140386608,0.418839247,0.566999323,0.168014452,0.054548823,0.109658236,0.231909184,0.272661013,0.552160608,0.235443892,0.418006098,0.689971097,0.828330381,0,0,0,0,0,5.135018775,2.159044925,3.407481166,6.921997296,8.602613354,0.100101234,0.014624937,0.05127306,0.160068598,0.23342095,0.896530565,0.758967472,0.835534816,0.942617055,0.98175746,0.004637366,0.00048613,0.002213343,0.006614931,0.008161796,0,0,0,0,0,0.766781651,0.388430791,0.580957543,0.956731822,1.169238086,0.695313362,0.40565462,0.583551971,0.786366094,0.898908611,0.198966088,0.019730555,0.100289862,0.318722741,0.507774035,0.085234224,0.017294828,0.048499049,0.148181292,0.224467063,0,0,0,0,0,2.28714699,1.415452446,1.805643201,2.695889204,2.995892927
sc1_zam24,NaN,0.349133263,0.268129388,0.299707259,0.438520561,0.552634611,0.114937927,0.067489137,0.084360785,0.145895102,0.174878536,0.523939525,0.326746753,0.449231721,0.581903719,0.636621619,0.568087229,0.39129531,0.458209981,0.74064827,0.936130039,0,0,0,0,0,0.453156031,0.346719915,0.394919449,0.51953636,0.567897082,0.426654896,0.259102909,0.353517883,0.487211189,0.577098832,0.128043697,0.017496875,0.069757358,0.173457753,0.224835908,0,0,0,0,0,2.152816009,1.297047872,1.668684109,2.594164377,3.079744535,0.939872879,0.928009644,0.933087521,0.944927933,0.949798045,0.060127121,0.050201955,0.055072067,0.066912479,0.071990356,0,0,0,0,0,0,0,0,0,0,0.008911724,0.007297965,0.00794217,0.009875758,0.010566954,0.141620226,0.034592249,0.07613604,0.239547616,0.426084315,0.136532144,0.049635904,0.092719097,0.202404246,0.257763329,0.707300579,0.439525116,0.607227652,0.777323045,0.862946776,0,0,0,0,0,3.129712445,2.026733924,2.480091558,4.218794334,6.702561855,0.127324767,0.018467179,0.067270895,0.190319238,0.248930602,0.868771582,0.747970562,0.805430976,0.928840924,0.976362898,0.003825589,0.000389627,0.001870116,0.006291316,0.008311464,0,0,0,0,0,0.749907878,0.385496967,0.547746123,0.977948883,1.178278788,0.678028701,0.432446699,0.566585263,0.780922518,0.899546435,0.225009996,0.038374398,0.129326962,0.332238738,0.491125392,0.072629505,0.014245635,0.037021119,0.126996799,0.20897521,0,0,0,0,0,2.546002333,1.751145074,2.19221423,2.828505908,3.046199423
lawis_river_zam24,NaN,0.44419644,0.278945728,0.353577491,0.516139758,0.596448057,0.127771898,0.071065146,0.097773478,0.158432305,0.179457352,0.433660166,0.270237399,0.349155456,0.517894056,0.604183599,0.653691799,0.381044875,0.509595961,0.827310604,0.969959516,0,0,0,0,0,0.456937065,0.342578536,0.391041798,0.518616069,0.569733144,0.424950074,0.262175745,0.35393313,0.498705305,0.586848394,0.112970549,0.012549094,0.058266346,0.182410586,0.224968076,0,0,0,0,0,2.222484504,1.297180578,1.699576973,2.75001158,3.087681387,0.939416614,0.928244226,0.9323054,0.945444142,0.949858347,0.060583386,0.050141653,0.054555858,0.0676946,0.071755774,0,0,0,0,0,0,0,0,0,0,0.008916131,0.007347091,0.008027603,0.009861918,0.0105733,0.298199927,0.04887962,0.157880511,0.453703703,0.568226237,0.152082104,0.055388455,0.095177496,0.217726027,0.267797812,0.553464919,0.250812055,0.398543755,0.676474498,0.823175923,0,0,0,0,0,5.008109231,2.191461564,3.380782331,7.285800986,8.57133532,0.106634856,0.012673716,0.053206005,0.165282534,0.227654565,0.890068832,0.77015287,0.833011596,0.942407549,0.982358193,0.004117547,0.000456445,0.002043955,0.006672993,0.008322065,0,0,0,0,0,0.767832471,0.391905785,0.563908167,0.974546187,1.171733754,0.637700657,0.387988182,0.513856224,0.772132456,0.887768429,0.22603402,0.023634277,0.109267568,0.363267341,0.524453329,0.105134319,0.017314663,0.056929384,0.163008222,0.239142313,0,0,0,0,0,2.294881894,1.317720936,1.735944983,2.726070317,3.024677151
masinloc_river_zam24,NaN,0.440578592,0.28042172,0.349121453,0.53929121,0.603862948,0.12026068,0.069531645,0.092181369,0.152031231,0.179134519,0.433056911,0.255497056,0.344028982,0.528619663,0.610540308,0.659954542,0.370125527,0.482186518,0.845226315,0.976123222,0,0,0,0,0,0.453127372,0.34349154,0.388943426,0.51655709,0.571414621,0.418002282,0.241678888,0.34086954,0.486887157,0.580897106,0.133602968,0.01892911,0.070776423,0.19688314,0.229209071,0,0,0,0,0,2.112234556,1.236531139,1.554518613,2.633973514,3.113820505,0.938527878,0.927660747,0.93254261,0.945027096,0.950316345,0.061472122,0.049683655,0.054972904,0.06745739,0.072339253,0,0,0,0,0,0,0,0,0,0,0.00887729,0.007294023,0.008009965,0.009727719,0.010514123,0.262857823,0.047097941,0.127751144,0.423855486,0.566327866,0.16066024,0.051570533,0.094870869,0.230340143,0.270386221,0.580303841,0.238438955,0.409350359,0.705138393,0.836676174,0,0,0,0,0,4.940068253,2.157438545,3.322545105,7.042026485,8.686619256,0.118132004,0.011643575,0.056918503,0.183015562,0.241914824,0.877712665,0.751369336,0.812170352,0.937365576,0.983905981,0.004774854,0.000562238,0.002456521,0.0066798,0.008191555,0,0,0,0,0,0.736586583,0.372112739,0.525099731,0.973808863,1.174742855,0.638035558,0.382275775,0.518954069,0.757668839,0.89831913,0.249181253,0.021365474,0.115375467,0.384658401,0.52580851,0.091499453,0.013771663,0.047537543,0.16053617,0.233071713,0,0,0,0,0,2.279876781,1.401287023,1.80400686,2.723811016,3.029392082
salasa_river_zam24,NaN,0.433868262,0.27417111,0.348012842,0.532294448,0.608222599,0.126536718,0.069280314,0.094231631,0.153947107,0.178028735,0.43430505,0.253025145,0.348236258,0.529590454,0.602916859,0.664716552,0.369478852,0.50993592,0.830314455,0.957325359,0,0,0,0,0,0.459516555,0.3419855,0.397244007,0.520596447,0.575413242,0.420504004,0.24723959,0.349476651,0.493678845,0.577940627,0.120584458,0.019057802,0.060162814,0.182605969,0.228186812,0,0,0,0,0,2.167176521,1.307324797,1.722243528,2.608729074,3.088871011,0.93862567,0.927996551,0.93293885,0.944251261,0.949361732,0.06137433,0.050638268,0.055748739,0.06706115,0.072003449,0,0,0,0,0,0,0,0,0,0,0.008749339,0.007333945,0.007917369,0.009764142,0.010496733,0.301336431,0.059213375,0.148147835,0.437677703,0.565361457,0.16061883,0.050767644,0.106811689,0.217429933,0.26749102,0.527761927,0.263125326,0.397386047,0.684946824,0.820821602,0,0,0,0,0,5.099808335,2.220158362,3.491895754,7.122918374,8.782264223,0.12809967,0.012173709,0.063517481,0.187703859,0.239410172,0.867162608,0.756541097,0.807584585,0.932961911,0.985318973,0.004359097,0.000284014,0.002000935,0.006434975,0.008258577,0,0,0,0,0,0.738870361,0.375990994,0.538644163,0.965677309,1.167996271,0.645485183,0.384933074,0.50945195,0.759756153,0.88969002,0.226270753,0.026263972,0.116988863,0.367552893,0.512082951,0.100911993,0.017689879,0.055406683,0.161337258,0.241771276,0,0,0,0,0,2.25662083,1.345429762,1.79308479,2.70527567,3.037792346
bagsit_river_zam24,NaN,0.452678167,0.288064936,0.361003394,0.541590328,0.605389443,0.123304781,0.067989351,0.09400199,0.153598464,0.176659978,0.430655086,0.259411565,0.339688384,0.509914133,0.595570062,0.636653871,0.372652617,0.483488551,0.823682768,0.965997336,0,0,0,0,0,0.452845256,0.3488077,0.391090574,0.52192915,0.567547334,0.420333986,0.247164874,0.351251431,0.485469066,0.580707509,0.13118053,0.022627439,0.073692627,0.182411585,0.229546893,0,0,0,0,0,2.153956254,1.268107413,1.681033141,2.707344213,3.067821088,0.939672421,0.927978204,0.933333193,0.945083837,0.949883868,0.060327579,0.050116132,0.054916163,0.066666807,0.072021796,0,0,0,0,0,0,0,0,0,0,0.008962603,0.007325826,0.008026126,0.009934006,0.010564109,0.268606409,0.055438138,0.146555906,0.415375797,0.556564548,0.160043684,0.053472019,0.100949406,0.221954047,0.264746824,0.568528726,0.272969681,0.428944874,0.693469805,0.818479924,0,0,0,0,0,5.147928091,2.200716233,3.297243479,6.952232288,8.703157146,0.111199673,0.011749892,0.052247296,0.177045572,0.238369335,0.882503861,0.757030931,0.819459953,0.943189551,0.984517586,0.004146207,0.000542633,0.002231638,0.006299852,0.008328548,0,0,0,0,0,0.739803008,0.36690835,0.507376604,0.988881911,1.180337982,0.664694233,0.397123109,0.530150682,0.78605712,0.898662111,0.22400755,0.023573342,0.11016795,0.352772395,0.518573446,0.087798256,0.015320285,0.048845191,0.150728325,0.235474135,0,0,0,0,0,2.28505006,1.402807542,1.863815093,2.724022088,3.010602569
bancal_river_zam24,NaN,0.376407476,0.268419097,0.308909486,0.46623595,0.588960144,0.115089516,0.067749283,0.09136705,0.143251835,0.172597236,0.507280291,0.293439864,0.412839754,0.577059514,0.638589262,0.506935969,0.350402914,0.400919238,0.690002442,0.937913197,0,0,0,0,0,0.453522046,0.34440216,0.393477609,0.517936924,0.572870533,0.419563052,0.256366794,0.345691728,0.495885243,0.574905874,0.125926394,0.018079882,0.067101515,0.18358313,0.226944968,0,0,0,0,0,2.096904623,1.251351408,1.648302566,2.63669177,3.08185154,0.939268644,0.927993866,0.933696928,0.94525985,0.950306682,0.060731356,0.049693318,0.05474015,0.066303072,0.072006134,0,0,0,0,0,0,0,0,0,0,0.008887111,0.007385504,0.008149225,0.009732241,0.01052321,0.15541045,0.035299127,0.083438823,0.242379076,0.39787916,0.141005636,0.052765071,0.087056588,0.206113555,0.261986675,0.685298917,0.462164676,0.601779084,0.761442878,0.848907946,0,0,0,0,0,2.874723911,2.033364614,2.345671468,3.809177589,6.083044829,0.104219853,0.013151863,0.05261214,0.180728191,0.240061603,0.891104379,0.75589734,0.814283903,0.943955768,0.983059392,0.004058159,0.000457695,0.001951539,0.006316803,0.008143757,0,0,0,0,0,0.766493953,0.391683594,0.547322464,0.969497295,1.164626714,0.685516219,0.411631445,0.572540941,0.79267983,0.924058625,0.202677737,0.018005312,0.091376788,0.33682041,0.514068457,0.080951034,0.013207498,0.041043485,0.144457895,0.228482177,0,0,0,0,0,2.577448877,1.640870511,2.241535953,2.8588497,3.045922258
bucao_river_zam24,NaN,0.432001232,0.27894337,0.345517512,0.51669727,0.597102657,0.124272408,0.069291898,0.095399314,0.15350501,0.176027061,0.446585121,0.26221551,0.352986898,0.536512826,0.614947844,0.628197493,0.366343782,0.485233175,0.813545379,0.962777442,0,0,0,0,0,0.459543149,0.34341758,0.39547876,0.519696097,0.572302666,0.415803676,0.24064591,0.332224519,0.48293751,0.578185011,0.130521301,0.018868476,0.0666106,0.199375678,0.230008517,0,0,0,0,0,2.275766379,1.273936928,1.642143425,2.693814123,3.103030095,0.939282698,0.928085126,0.932355428,0.945400975,0.949779203,0.060717302,0.050220797,0.054599025,0.067644572,0.071914874,0,0,0,0,0,0,0,0,0,0,0.008847305,0.007283876,0.007905705,0.009866942,0.010581325,0.210350774,0.037069964,0.110604282,0.348397981,0.532542863,0.144321399,0.051193739,0.091787767,0.206825712,0.262043541,0.62578087,0.329258015,0.498713354,0.724721668,0.84190177,0,0,0,0,0,4.05721751,2.075420693,2.778176524,5.706728662,8.147799606,0.12220258,0.01287151,0.065784284,0.187836662,0.246036122,0.872533168,0.749564295,0.807160179,0.929595937,0.982850123,0.004334078,0.000527758,0.002192488,0.006543825,0.008399094,0,0,0,0,0,0.723254541,0.369198269,0.511717241,0.956907313,1.150392705,0.652935813,0.3725033,0.531164173,0.772837888,0.906711345,0.237710298,0.024154455,0.108325429,0.384431173,0.56328298,0.078397999,0.013763601,0.036674139,0.136891829,0.231261435,0,0,0,0,0,2.42920396,1.462421388,2.014810748,2.815951431,3.031925952
dapya_river_zam24,NaN,0.443250206,0.282779672,0.347640374,0.529278977,0.600181291,0.1249594,0.070441403,0.096940803,0.153717532,0.17920654,0.427459342,0.266011493,0.345100753,0.528635427,0.607107785,0.602554428,0.372945806,0.476577047,0.790135546,0.957135861,0,0,0,0,0,0.450101023,0.341027779,0.384481565,0.516061353,0.568056026,0.422569458,0.256902357,0.351775401,0.491964541,0.587950589,0.131905156,0.016428383,0.065908026,0.191818307,0.228106122,0,0,0,0,0,2.149801457,1.291490107,1.656373942,2.662714279,3.105398888,0.937902072,0.928296561,0.932278648,0.944433712,0.949783989,0.062097928,0.050216011,0.055566288,0.067721352,0.071703439,0,0,0,0,0,0,0,0,0,0,0.008898247,0.007367675,0.008049925,0.009836656,0.0105446,0.280678353,0.052891154,0.141385227,0.441580886,0.580456788,0.146741986,0.050854836,0.088737795,0.21403803,0.269748058,0.567871435,0.24992168,0.416540752,0.697408957,0.828879392,0,0,0,0,0,4.908072346,2.170756364,3.303838597,6.395345045,8.446600143,0.106751939,0.015926729,0.05162042,0.170505739,0.243985335,0.889025297,0.751617406,0.825132593,0.9448073,0.981089035,0.003728143,0.000489218,0.002042861,0.006073037,0.008222701,0,0,0,0,0,0.734671695,0.386004448,0.545800111,0.974838875,1.185098855,0.665001049,0.37697508,0.532999065,0.785267946,0.902697489,0.220843666,0.019535515,0.094842832,0.369293445,0.531950539,0.095662561,0.015237604,0.048006009,0.159238427,0.232448351,0,0,0,0,0,2.275660735,1.38300056,1.797477797,2.67037472,3.009253153
maloma_river_zam24,NaN,0.423047942,0.276959091,0.343591348,0.52445203,0.604311253,0.122614362,0.068337375,0.09241666,0.151404472,0.177096226,0.455835535,0.260605397,0.354118224,0.531684864,0.615439757,0.635098403,0.367452536,0.469209834,0.825523533,0.965006775,0,0,0,0,0,0.44334628,0.346769027,0.389184562,0.517118196,0.571408599,0.426109589,0.244691252,0.349490342,0.494676455,0.587469433,0.128320327,0.01768531,0.070787267,0.181066365,0.225867498,0,0,0,0,0,2.128937159,1.2922567,1.621135164,2.599521886,3.111613301,0.939165398,0.927832662,0.931876446,0.944937602,0.949744238,0.060834602,0.050255762,0.055062398,0.068123554,0.072167338,0,0,0,0,0,0,0,0,0,0,0.00893297,0.007339816,0.007888508,0.009820523,0.010557212,0.241281811,0.04226858,0.1276249,0.381355405,0.528870856,0.143181936,0.051867333,0.097699896,0.208960977,0.264281994,0.598250537,0.314729777,0.461688282,0.70649475,0.844936269,0,0,0,0,0,4.224200259,2.092672081,3.008409614,5.952074906,8.224914051,0.137328923,0.01735209,0.075436654,0.196602069,0.244307951,0.85925338,0.752496022,0.799077722,0.920806823,0.977795601,0.004786275,0.000421128,0.002669401,0.006661049,0.008437675,0,0,0,0,0,0.744240419,0.369273956,0.521775471,1.000341808,1.183306885,0.634314655,0.393534033,0.50627138,0.748435816,0.899122886,0.240346443,0.03552175,0.135576782,0.374049651,0.525243997,0.087315728,0.015434576,0.044495115,0.144082319,0.241716808,0,0,0,0,0,2.359758095,1.395797226,1.984589224,2.747490245,3.026841153
