sample_id,date,prec_Ca,prec_Ca_pct05,prec_Ca_pct25,prec_Ca_pct75,prec_Ca_pct95,prec_Mg,prec_Mg_pct05,prec_Mg_pct25,prec_Mg_pct75,prec_Mg_pct95,prec_Na,prec_Na_pct05,prec_Na_pct25,prec_Na_pct75,prec_Na_pct95,prec_Cl,prec_Cl_pct05,prec_Cl_pct25,prec_Cl_pct75,prec_Cl_pct95,bslt_Ca,bslt_Ca_pct05,bslt_Ca_pct25,bslt_Ca_pct75,bslt_Ca_pct95,bslt_Mg,bslt_Mg_pct05,bslt_Mg_pct25,bslt_Mg_pct75,bslt_Mg_pct95,bslt_Na,bslt_Na_pct05,bslt_Na_pct25,bslt_Na_pct75,bslt_Na_pct95,bslt_Cl,bslt_Cl_pct05,bslt_Cl_pct25,bslt_Cl_pct75,bslt_Cl_pct95,carb_Ca,carb_Ca_pct05,carb_Ca_pct25,carb_Ca_pct75,carb_Ca_pct95,carb_Mg,carb_Mg_pct05,carb_Mg_pct25,carb_Mg_pct75,carb_Mg_pct95,carb_Na,carb_Na_pct05,carb_Na_pct25,carb_Na_pct75,carb_Na_pct95,carb_Cl,carb_Cl_pct05,carb_Cl_pct25,carb_Cl_pct75,carb_Cl_pct95,slct_Ca,slct_Ca_pct05,slct_Ca_pct25,slct_Ca_pct75,slct_Ca_pct95,slct_Mg,slct_Mg_pct05,slct_Mg_pct25,slct_Mg_pct75,slct_Mg_pct95,slct_Na,slct_Na_pct05,slct_Na_pct25,slct_Na_pct75,slct_Na_pct95,slct_Cl,slct_Cl_pct05,slct_Cl_pct25,slct_Cl_pct75,slct_Cl_pct95,umfc_Ca,umfc_Ca_pct05,umfc_Ca_pct25,umfc_Ca_pct75,umfc_Ca_pct95,umfc_Mg,umfc_Mg_pct05,umfc_Mg_pct25,umfc_Mg_pct75,umfc_Mg_pct95,umfc_Na,umfc_Na_pct05,umfc_Na_pct25,umfc_Na_pct75,umfc_Na_pct95,umfc_Cl,umfc_Cl_pct05,umfc_Cl_pct25,umfc_Cl_pct75,umfc_Cl_pct95,clay_Ca,clay_Ca_pct05,clay_Ca_pct25,clay_Ca_pct75,clay_Ca_pct95,clay_Mg,clay_Mg_pct05,clay_Mg_pct25,clay_Mg_pct75,clay_Mg_pct95,clay_Na,clay_Na_pct05,clay_Na_pct25,clay_Na_pct75,clay_Na_pct95,clay_Cl,clay_Cl_pct05,clay_Cl_pct25,clay_Cl_pct75,clay_Cl_pct95
lawis_river_schopka,NaN,0.436251941769581,0.276725624441798,0.337040141151076,0.519870588523173,0.596410184742047,0.120957905729059,0.0697406981039677,0.0909711172943121,0.148289521160073,0.177323702649427,0.432246402465907,0.276858624821609,0.353238859255412,0.540270239723967,0.619397080918265,0.671094331764437,0.365029048780868,0.514242958699788,0.835060215544223,0.970687697579408,0.459355811428359,0.346512037855329,0.3869146522402,0.522139737617729,0.572928937956948,0.413686725598047,0.253552602626239,0.336286247740637,0.485178179628805,0.582302304691629,0.128730395776274,0.0149483986163037,0.071918088822005,0.188414727511142,0.228147764799955,0,0,0,0,0,0.938994975235932,0.928005151149267,0.933279361654287,0.945155448854716,0.949811914782646,0.0610050247640681,0.0501880852173535,0.0548445511452842,0.0667206383457127,0.0719948488507333,0,0,0,0,0,0,0,0,0,0,0.304542365550312,0.0466471275749415,0.140669903498353,0.442857602187294,0.572981623850722,0.161284651732077,0.0508703989651665,0.102529728209996,0.222801094160847,0.265322718686005,0.534392827478026,0.248587858353975,0.395262217961728,0.674570117689647,0.82205741603692,0,0,0,0,0,0.110131003845091,0.0140017594357945,0.0540131697850008,0.169982524221162,0.233774529927095,0.884624055652423,0.761246810034571,0.825534864356909,0.941781030910873,0.981464213538741,0.00451474804512444,0.000573635896331114,0.00244613858011186,0.00646908542375921,0.00822102504446947,0,0,0,0,0,0.659429407301829,0.397229695582885,0.529069528311036,0.775050492824074,0.89280962182359,0.20940044017829,0.0246877495633435,0.116037986014604,0.332352940193442,0.490794410732275,0.114660624334777,0.0164066749870478,0.0662552550417322,0.169863526379844,0.243318472341089,0,0,0,0,0
bulsa_river_ds_schopka,NaN,0.439550558111649,0.277153262012843,0.345394931677807,0.531666686848892,0.60019986150118,0.120598340930065,0.0694048644924855,0.0918023961723825,0.155578548209974,0.177035008153585,0.434619062517335,0.256487550521574,0.341605257120921,0.53308666824672,0.609881800280856,0.649530056004272,0.377469933024585,0.497811791680254,0.820081668438437,0.970141579482033,0.470639791494747,0.348833079284038,0.3987802884054,0.523176263879508,0.575355309028453,0.411202113559621,0.255518866189095,0.33286153843769,0.478311089900438,0.577532558715987,0.132665168244784,0.0148524870776502,0.0694623771487525,0.185999331696337,0.221082627963845,0,0,0,0,0,0.939584790053523,0.928039958744118,0.932835249766343,0.945368692877317,0.949735607326044,0.0604152099464771,0.0502643926739562,0.0546313071226831,0.0671647502336574,0.0719600412558823,0,0,0,0,0,0,0,0,0,0,0.296951135018085,0.0536754204138136,0.167652985577252,0.44764853666527,0.572526122412966,0.158649119025949,0.0538143777261619,0.104287193802883,0.216058869116379,0.27127271111178,0.540129411775164,0.274724096077786,0.387213211388781,0.675731462324648,0.814633624890132,0,0,0,0,0,0.127712037770987,0.0136987321749527,0.0688018310341935,0.191830464319776,0.242842963137534,0.868841391955738,0.753417844349631,0.804104972678879,0.927474467894406,0.983090286899768,0.00420860389040295,0.000563635848831741,0.00213639961687673,0.00630512697605061,0.00822203039030321,0,0,0,0,0,0.63106938584757,0.381519942146026,0.497527418494059,0.750957269165373,0.869315937788985,0.222175206214805,0.0335010114253253,0.117575713988551,0.363972089581933,0.506746493489928,0.134765004119413,0.0241131811853062,0.0755564571891177,0.188723148355988,0.251135929745913,0,0,0,0,0
camiling_river_us_schopka,NaN,0.45128262442698,0.286852225521849,0.353419167500328,0.537753323272875,0.606230595016688,0.125239549465083,0.068275279700492,0.0923428239363675,0.156573704825902,0.176656156184214,0.42745355385723,0.256206418651135,0.335762109257312,0.519692228679035,0.604291508450979,0.678287002010721,0.378019767664779,0.509336423526914,0.825847520956996,0.980693456768613,0.471967285443472,0.351909673617924,0.409511826963308,0.52335632039934,0.572488750407588,0.40914198457301,0.264776209420323,0.332668330294878,0.483636142173181,0.580488379479639,0.125647961916795,0.0171864485606027,0.0673193818517561,0.179422158665391,0.22418552459092,0,0,0,0,0,0.938859609692356,0.928109104351473,0.933029609677431,0.94530923942123,0.950436640346779,0.0611403903076436,0.0495633596532209,0.0546907605787696,0.0669703903225692,0.0718908956485272,0,0,0,0,0,0,0,0,0,0,0.297860128196827,0.0569601730635624,0.162857660695069,0.434445015884308,0.57147359508018,0.164273790216649,0.0546048373791922,0.103001638918036,0.228167341873145,0.270655685809476,0.534450329035727,0.247343215178205,0.396028402930283,0.665168882959018,0.828644258179789,0,0,0,0,0,0.121380041770764,0.0217069855868074,0.0676576094287385,0.186669163546127,0.242658815677839,0.87335906399917,0.751690668123314,0.81186620950994,0.927165348173213,0.973831744331355,0.00436734253903029,0.000429376913300135,0.00231116227090364,0.00650877934778388,0.0083163537649537,0,0,0,0,0,0.619946543294982,0.373887705127874,0.470020427343448,0.74539811250425,0.897490708971276,0.244016002459009,0.0208827139212696,0.114718954221026,0.396645454658002,0.523692998062218,0.121828456787796,0.0203237542923545,0.0667490489426616,0.185536196895039,0.247960903680149,0,0,0,0,0
malabobo_river_schopka,NaN,0.434983082640939,0.271189388157472,0.33287164584024,0.535020267388798,0.610025582632036,0.12344878619382,0.0682706318168288,0.094882915765483,0.156916538518864,0.179812817722059,0.438211327642872,0.254888777228054,0.336537510128448,0.534391677318887,0.616284296476246,0.654377366935675,0.37520445007014,0.498807052090746,0.826996554006532,0.961267050174822,0.44779152035913,0.346561476798133,0.387300877119238,0.51879406708737,0.565774308454086,0.429648315025693,0.258882161125561,0.348621236214959,0.502198653182877,0.59052687101737,0.123401001592395,0.0182760645199084,0.0606872142214453,0.176700715039712,0.227094159181498,0,0,0,0,0,0.938522878244791,0.92827945979158,0.932436177824195,0.944557348180542,0.950085953830188,0.0614771217552093,0.0499140461698118,0.0554426518194577,0.0675638221758048,0.0717205402084201,0,0,0,0,0,0,0,0,0,0,0.318843223150189,0.04817697192796,0.171170252937903,0.442692523740601,0.560896636348433,0.160915932209759,0.0521849168708614,0.101126758849317,0.220221932647551,0.271841365484987,0.529801659734409,0.233859753670436,0.391433162026214,0.684583572122183,0.817850857803036,0,0,0,0,0,0.136728790900697,0.0186028854334956,0.0712709305484854,0.194400575098213,0.251616436241566,0.859244584541501,0.743952107335083,0.800345762865687,0.923707930913156,0.976724703122637,0.004520141255941,0.000470495998127469,0.00242407221627905,0.00681096299590566,0.0083449144720185,0,0,0,0,0,0.604988071420054,0.38274245971231,0.468141446880838,0.724793919370684,0.884862396416838,0.253335131776126,0.0280084103918457,0.124175420221033,0.388867458422872,0.528534415496771,0.127433817247991,0.0202099550969275,0.0682904293201218,0.189251364262421,0.248181329757478,0,0,0,0,0
dumoloc_river_schopka,NaN,0.441041992405767,0.282921950983059,0.356719580128567,0.537823091113944,0.601887500452592,0.124787735943845,0.0692797595224836,0.0932969463483225,0.15630237881996,0.17953239900246,0.428651357851768,0.267130060032808,0.34634451869536,0.51956115457133,0.606434411117612,0.683404217639907,0.379229458035837,0.530767340809768,0.853693924205918,0.964331096776666,0.463586549743653,0.346612712469971,0.398428298595342,0.525257468786479,0.575432897736395,0.419666853456262,0.255421507149363,0.331326652186661,0.491399306888629,0.581196392614643,0.123035506323697,0.0192058400251639,0.059887247748668,0.17949376994582,0.228888973144099,0,0,0,0,0,0.939071551857838,0.928218060719315,0.932972589580206,0.944679690289004,0.950249451199473,0.0609284481421623,0.0497505488005273,0.055320309710996,0.0670274104197937,0.0717819392806852,0,0,0,0,0,0,0,0,0,0,0.321630484159765,0.0537277281015391,0.162701226071222,0.47141906382203,0.578199492267764,0.149889118885984,0.0518938021705458,0.092358293932646,0.218220241830949,0.269854387949239,0.52177085701854,0.226143367841904,0.385833773713332,0.673459670867504,0.839098468458344,0,0,0,0,0,0.131856511301196,0.017217210409287,0.0659539617721591,0.196574165575518,0.239803286686499,0.865122344859434,0.755693317581695,0.797488433313189,0.931827753717232,0.979025453854292,0.00438473062313973,0.000710293862923995,0.00230404194991541,0.00670318152248497,0.00830672307550619,0,0,0,0,0,0.635471279520643,0.375785362359788,0.484603758372351,0.743972996418788,0.879996729131703,0.246489697540487,0.0216904926961419,0.107933237670979,0.377386781786018,0.51457211203561,0.117030555632418,0.020489079581821,0.063164191307943,0.183969374353823,0.248775423572211,0,0,0,0,0
malabobo_river_schopka,NaN,0.44707996639393,0.273690949526198,0.35257495882577,0.533330910256767,0.607842947238891,0.122644975004163,0.0691976943279468,0.092696743062772,0.154588597024864,0.17914967795274,0.428894360272816,0.250761674372716,0.348219962357421,0.525943267401967,0.602042773120821,0.691326028689473,0.37828270179619,0.496940399602941,0.834757981999463,0.965319730348142,0.474967451545902,0.345050805393145,0.39726400462212,0.531933713967996,0.57344633149411,0.418972448793784,0.251425118614123,0.339853663071159,0.488410962457917,0.590554482430879,0.117998058920587,0.0239338783373149,0.0639017915806329,0.173498952059316,0.219091726954249,0,0,0,0,0,0.938169310913953,0.927727806191767,0.932568859681564,0.944462661438533,0.950141659552508,0.0618306890860474,0.0498583404474918,0.0555373385614665,0.0674311403184362,0.0722721938082333,0,0,0,0,0,0,0,0,0,0,0.313764233461758,0.0500018666777066,0.162288132128361,0.45590678498245,0.565748148229297,0.162903295592139,0.0515610093647811,0.093036731838954,0.226044306598515,0.27134718718747,0.528019131077677,0.236299301910727,0.380241077005853,0.676802065260086,0.82162103041685,0,0,0,0,0,0.132877530921377,0.0167189366504712,0.0660920612236861,0.190934086808427,0.243170846267474,0.864290461519315,0.752249885499346,0.80445020585913,0.928624129009777,0.979866521349313,0.00430145612710805,0.0003531927809874,0.00225164285440017,0.00641561374839904,0.00818766864692734,0,0,0,0,0,0.607620579642436,0.370973609839153,0.485420674158337,0.743195421532846,0.875103266366392,0.248748787453216,0.0235581101077844,0.124299320422239,0.383977153454683,0.529483800615455,0.118662911607909,0.0184796879678826,0.0585243446493778,0.18523319037903,0.245179012195406,0,0,0,0,0
malabobo_river_schopka,NaN,0.459358711119797,0.280705562497456,0.359769894719098,0.538012607997686,0.604832484063143,0.117760128849312,0.0681655409684727,0.0920288399541811,0.149938980181456,0.177116941350106,0.420497120255935,0.259755991558896,0.34110837487295,0.523393718937694,0.613440079760482,0.665212446335819,0.374565226352447,0.47141474571527,0.838075959969069,0.949004683777753,0.463614382992264,0.343008422615846,0.405925017721508,0.520562024894256,0.571119137985381,0.417399555155801,0.262350171576719,0.346316329440668,0.47932342361977,0.584873899486855,0.127535973087605,0.0192592250560475,0.0604476907634972,0.182869864163664,0.225369215040702,0,0,0,0,0,0.938748394433097,0.927947146828093,0.9330153152988,0.944855346986533,0.949942838505359,0.0612516055669031,0.0500571614946414,0.0551446530134675,0.0669846847011997,0.0720528531719068,0,0,0,0,0,0,0,0,0,0,0.295143593402697,0.0522195054280305,0.166263711627738,0.449077336133025,0.574594965417025,0.162549972743949,0.0526091568866557,0.10357329036674,0.232820730233016,0.2733594398926,0.53988766910595,0.216580865700766,0.386338331594304,0.662103462579003,0.822026450715918,0,0,0,0,0,0.129486976582244,0.020722484440977,0.0659176387284379,0.192741899075422,0.248269218971066,0.866897387944309,0.748582565576086,0.802905615735826,0.928814450866884,0.974623486637613,0.0045535946853153,0.000438223963260907,0.00240977028217966,0.00661972269511048,0.00819495764107352,0,0,0,0,0,0.596569641052529,0.368466666470551,0.475414026478849,0.725076679852605,0.877454441325969,0.259986703923096,0.0395569723995224,0.151028294311053,0.378078036308886,0.527005895659935,0.124117368444816,0.0201634259571196,0.0615988133058232,0.189856060167345,0.247935010667165,0,0,0,0,0
lawis_river_schopka,NaN,0.432833258178326,0.290692999159768,0.353469803150692,0.526459549353679,0.609993825488808,0.123595470371388,0.0667102243638239,0.0907801424198041,0.159737763934681,0.178831958344438,0.439391862269058,0.253834437895922,0.345706835246091,0.522914835367311,0.604126665179276,0.681051038204821,0.391785705052385,0.513159306890568,0.84491829389671,0.971742541190253,0.454916068465026,0.348858937963432,0.393806503544424,0.520842203361517,0.567437213692027,0.428936927871595,0.246445949925689,0.361651374820483,0.490535139275611,0.588541885511704,0.115892971726924,0.0145924833154369,0.0563981823178149,0.183147762575097,0.229583085357272,0,0,0,0,0,0.938987033582881,0.92791919664736,0.932795472996676,0.944781270888886,0.950120130850965,0.0610129664171192,0.0498798691490354,0.0552187291111136,0.0672045270033244,0.0720808033526402,0,0,0,0,0,0,0,0,0,0,0.314393432998537,0.0537791523400681,0.171735475724123,0.45970789066559,0.574725031353096,0.161967354075438,0.0504208092180345,0.100823104444869,0.227111539823596,0.27364056146683,0.521728241872859,0.239796578303591,0.369920596498723,0.66602308272855,0.827649435321265,0,0,0,0,0,0.11864336888047,0.0188279382170907,0.0593825490386993,0.183223611190764,0.246107575157894,0.876295283631639,0.749939003233868,0.810088624305874,0.936216250226784,0.978956266945923,0.00451984060611006,0.000444891841206755,0.00221433001962917,0.00658347591293957,0.00820452433500066,0,0,0,0,0,0.669033709173649,0.411183847494316,0.557097278502053,0.759972172403895,0.894575108107885,0.19953002434628,0.0147357676593732,0.095624618781932,0.319391758768406,0.491996845745566,0.120600963625594,0.017510204154422,0.0565509833546473,0.191711653383734,0.253432469435279,0,0,0,0,0
lawis_river_schopka,NaN,0.446633723294066,0.278265636440025,0.336506980784503,0.536665800975938,0.609474037588759,0.124185977968106,0.0672009262421856,0.0924425018163612,0.154427485519506,0.17761038423601,0.42907299268236,0.250557560415128,0.339983079972773,0.535878859855375,0.60980460117328,0.66926875077395,0.382885381138044,0.506944837428988,0.836352791618423,0.973468203696874,0.458218774517338,0.349681383876794,0.402008631653206,0.511234122469767,0.569990311127288,0.414560245735241,0.261834789425332,0.34616001541147,0.483734908584609,0.579104694946344,0.135288541527325,0.0161197151377714,0.0696205455213181,0.17635362408432,0.222202821695131,0,0,0,0,0,0.93911074116028,0.927699334135157,0.93287774418861,0.944919868845085,0.949857003189509,0.0608892588397196,0.0501429968104907,0.0550801311549153,0.06712225581139,0.072300665864843,0,0,0,0,0,0,0,0,0,0,0.311334162914921,0.05783506501955,0.165304625645357,0.451164795358943,0.573704904082294,0.163552499941381,0.0524101405028976,0.101865802340957,0.224816297133477,0.270102255273258,0.52578682345197,0.227983555670671,0.394924410671061,0.653179325439372,0.84051770880682,0,0,0,0,0,0.0937074929354804,0.00970014063105062,0.0470699442565172,0.157622449136635,0.245005252567828,0.901490077303808,0.750941278810271,0.839182407405151,0.949601674720883,0.984648355323621,0.00436621110799544,0.00039901181794168,0.0021171943495323,0.00652980065318856,0.0083163495617308,0,0,0,0,0,0.671900783022809,0.392406214514333,0.53734675939139,0.77088241775593,0.90395621963277,0.197024795888808,0.0234584952454591,0.0867028640973537,0.331163034564055,0.50995130236028,0.121217446304046,0.0227875120109386,0.0621447584586645,0.184074722440225,0.25263542594436,0,0,0,0,0
bulsa_river_ds_zam22,NaN,0.432538632010784,0.275968304223926,0.342330884587387,0.520220485310515,0.605872498217312,0.123121597800131,0.0703787062857368,0.0939086102119389,0.155338242152143,0.179191889168571,0.444987116567309,0.263593069169074,0.35387465234694,0.531249231154397,0.617834169444454,0.649553281709605,0.381629882474474,0.496183967307517,0.833086647156653,0.973187212767953,0.461271054999371,0.347858493789212,0.396490359866812,0.514485190645697,0.569366205891423,0.413343720240297,0.248145611714519,0.335889295588926,0.491815340750542,0.576105536250498,0.134015408966643,0.0230883724575196,0.0771265867187781,0.1792835145883,0.227965169407595,0,0,0,0,0,0.938918035199054,0.928128151374744,0.933754816929548,0.94515572237751,0.950055916541319,0.061081964800946,0.049944083458681,0.0548442776224898,0.0662451830704517,0.0718718486252561,0,0,0,0,0,0,0,0,0,0,0.312273029515684,0.0512673257088737,0.161211102830534,0.453985859928599,0.57003647137977,0.163284545963817,0.0542581950866056,0.104558519493958,0.209888934431263,0.263253642919886,0.529736093704203,0.263012897724837,0.380126340722389,0.672473758327923,0.805582046117557,0,0,0,0,0,0.130073512621125,0.0188034872347919,0.060339359592589,0.197377889963526,0.248805700437183,0.866474894704416,0.747579534268971,0.799601670482916,0.935641987280209,0.977120453291714,0.00444237740117535,0.000328190914703977,0.00205981383929028,0.00616712559168874,0.0081705348846525,0,0,0,0,0,0.609611650871709,0.379221608480783,0.485837262059483,0.726405220124428,0.884439751753642,0.259938697658805,0.0229094632089616,0.135274849441428,0.368866754333992,0.530304800548443,0.116192056074674,0.0191798268254394,0.0626908470862514,0.195453269479315,0.247692002384428,0,0,0,0,0
bulsa_river_us_zam22,NaN,0.458389922125923,0.278725836423112,0.356463845389423,0.529777879131166,0.604504518996606,0.124052267845165,0.0692949263742035,0.0921764407906478,0.153786961717031,0.179124597839477,0.424313003106793,0.259244233712676,0.344988169687543,0.524268808817262,0.603062172296543,0.649814978490304,0.372712697567648,0.488331215183596,0.821556046427774,0.957483524189492,0.452342433415119,0.344010875270115,0.39372465946606,0.527031136923154,0.573915496406047,0.420276590625045,0.242555846268604,0.349079891957503,0.497349499843371,0.579500714739567,0.125443326612165,0.0210825423052256,0.0672144461944355,0.181638278696996,0.227944380947293,0,0,0,0,0,0.938936479338037,0.928236924109623,0.932481422147592,0.944821740487821,0.949659203238217,0.0610635206619626,0.0503407967617829,0.055178259512179,0.0675185778524084,0.0717630758903769,0,0,0,0,0,0,0,0,0,0,0.320311956599691,0.0682604072585405,0.183784616343424,0.453248249094776,0.563408751062448,0.15667201865968,0.0520648976262136,0.0959686324703226,0.205989105792136,0.26113319617793,0.532054129148413,0.272080099681754,0.383427825531753,0.659779908074118,0.807097348866146,0,0,0,0,0,0.13570121088853,0.0127409179514735,0.0669789933775938,0.204741671297462,0.250587630256937,0.860791330436591,0.745879740083356,0.790909089216887,0.929324816670557,0.98243739289263,0.00408462006164679,0.000607552281159637,0.00224483326785519,0.0064996059686624,0.00822567915246372,0,0,0,0,0,0.589983385082463,0.376630297366412,0.483301175635119,0.741024713851963,0.895765967202049,0.259319694488219,0.0219494818807295,0.119416846042886,0.382299061430207,0.522320298046378,0.120871096452267,0.018409181965297,0.0621839376492422,0.185967536241797,0.247996673830609,0,0,0,0,0
camiling_river_ds_zam22, ,0.421072212632934,0.272834969228651,0.339876463013834,0.52677833649006,0.606826610439826,0.124345945448549,0.0711987093743978,0.0939996791972653,0.157051353878592,0.18003958416828,0.454326676689791,0.264649308017644,0.357747473986099,0.53629692701585,0.609807135975935,0.655395089425567,0.372044636035376,0.488684771378108,0.824855033801542,0.955862471419565,0.461290129113607,0.342385958301673,0.400798414748929,0.520215986481114,0.572959278372154,0.419655055810432,0.258437645170916,0.351356103425954,0.4843769818485,0.573717801402614,0.119167231350816,0.0168650214436764,0.0630718041003187,0.182520319257519,0.229210637756534,0,0,0,0,0,0.938095565647049,0.927628958399291,0.931956428199217,0.944397115542899,0.949573348574687,0.0619044343529512,0.0504266514253131,0.0556028844571007,0.0680435718007835,0.0723710416007089,0,0,0,0,0,0,0,0,0,0,0.311407471910465,0.0654596949873445,0.182184156292481,0.454463059054799,0.570468314769736,0.149751564695438,0.0514887569998025,0.0933235631960337,0.207310286644826,0.267376792169932,0.519586742634907,0.26472462583326,0.401848917681242,0.662255495698684,0.806819752533751,0,0,0,0,0,0.13575485354015,0.0116342793598115,0.0556721517916632,0.192377997921841,0.244891083792473,0.859370557983022,0.750393927311919,0.802006305531698,0.939091009798969,0.985625605008191,0.00443014750142602,0.00042190917818225,0.00212214569649426,0.00677232717732172,0.00842302989023156,0,0,0,0,0,0.597214908791401,0.37610848894197,0.47852105676633,0.723188085869054,0.8659171472589,0.255282953682852,0.03492434791635,0.125478670356398,0.38503612483486,0.524493490519817,0.124185100393284,0.0211800569249998,0.0647165892867436,0.20586174716528,0.253468001071254,0,0,0,0,0
malabobo_river_zam22,NaN,0.453590427733979,0.282861734470896,0.362495385019895,0.534759302781304,0.605070600378708,0.124125217870937,0.0688890917753571,0.0921039414973584,0.153090085562964,0.178916530712232,0.427664436038945,0.257245881224209,0.342392402080154,0.515290254280936,0.602190766530709,0.674448206343912,0.366323341176293,0.498737260005038,0.840701796438233,0.958830287307809,0.459179865458132,0.344164423017334,0.401042767107484,0.517785550907598,0.571471177366943,0.40476757033264,0.254162423642332,0.333951725288919,0.492454959599435,0.58901016444348,0.127190931410207,0.0217564744388671,0.0640369963557312,0.185973839711498,0.226998445082717,0,0,0,0,0,0.939559314138914,0.928068750959834,0.933698409141524,0.944523364119784,0.949965147394392,0.0604406858610862,0.0500348526056076,0.055476635880216,0.0663015908584759,0.0719312490401663,0,0,0,0,0,0,0,0,0,0,0.311602968252106,0.0528596052345,0.157184364273072,0.440302783777672,0.573516415044498,0.160051079770198,0.0516363889917098,0.104670319240276,0.217378555187778,0.263589309079766,0.527636226274268,0.237612028026045,0.393287584827908,0.673855981487259,0.81670626101002,0,0,0,0,0,0.125304138918648,0.0141842964900571,0.0711437132888807,0.191337730997319,0.241892370784435,0.870728755644845,0.752230062550933,0.805640374815084,0.92493652869147,0.980045330463727,0.00426581364971233,0.000378903621931858,0.0021342049860555,0.00640905543063711,0.0082395382656345,0,0,0,0,0,0.611680295772651,0.371782771345221,0.492760613303196,0.734806012122642,0.875694091315148,0.250430304248273,0.0216304272542652,0.120940221870561,0.37832410908277,0.533521012641055,0.122876622999873,0.0156364617553008,0.0602330216725536,0.191788127104069,0.245836283121538,0,0,0,0,0
bayaoas_river_zam22,NaN,0.453318850932861,0.281622105658337,0.356884233878017,0.531650223923388,0.601625961315637,0.125416326946146,0.0717501286547488,0.0932303267479387,0.151018507483264,0.176466014473281,0.420870033492156,0.259308208315259,0.345977056839347,0.512256256534789,0.598853102220991,0.648973802309331,0.363293358667229,0.488816879233931,0.832210438033055,0.955074405353353,0.454237086547108,0.344501048871164,0.399426296158122,0.510453065636522,0.569170853020121,0.423862508400351,0.275010617644119,0.361337299233446,0.491952976658515,0.582107219961246,0.11782705602614,0.0195198022148404,0.0588299894977865,0.173797147283636,0.224636941429287,0,0,0,0,0,0.939588068657927,0.927972791632889,0.933227079483639,0.944634283003646,0.949567626764184,0.0604119313420729,0.0504323732358161,0.0553657169963542,0.0667729205163615,0.0720272083671112,0,0,0,0,0,0,0,0,0,0,0.310547403491391,0.0567617724227225,0.184777160837183,0.455904644908983,0.569415950769222,0.152804202792087,0.0522801200597164,0.0985592249107149,0.215756116776294,0.268609211220019,0.521073341784239,0.235726973639512,0.381086865640206,0.674776842119034,0.809252671952511,0,0,0,0,0,0.131507149959843,0.0159371813842471,0.0643890998514405,0.193747279389437,0.242318218999135,0.863786267733302,0.753451289795224,0.802859517389766,0.931462904406056,0.979057748643495,0.00436063520029346,0.000390763285996346,0.00213540928192933,0.00652681223550472,0.00827048565326009,0,0,0,0,0,0.613736952912802,0.369999550063111,0.4672123083081,0.72484536592053,0.856428558764881,0.263322323225725,0.0260959838912598,0.132890572400658,0.406849390059787,0.540359207580265,0.114756471280447,0.0179014279647959,0.0650555232393679,0.179719395957337,0.249456277490611,0,0,0,0,0
dumoloc_river_zam22,NaN,0.428228727579072,0.283536541933949,0.349606937225183,0.524810494613871,0.604281682844078,0.122018816493246,0.0677506788440081,0.0950428805411138,0.151176522362603,0.175636709150557,0.446544846353339,0.2693281724258,0.360344655542207,0.530214250714702,0.601820363113666,0.675145610157802,0.371220400117265,0.515316391485191,0.850276661194175,0.972787473134866,0.455984556718289,0.351034878241192,0.401804763946579,0.51603326772345,0.567064524446141,0.41936175813594,0.249039898558513,0.352850085291779,0.491763618418023,0.578975485083691,0.120036730868508,0.0194756275896808,0.0672620427783737,0.188228476823365,0.229831098561412,0,0,0,0,0,0.93851358579543,0.927738717463151,0.932462358023743,0.944274580314429,0.949725055795416,0.0614864142045703,0.0502749442045842,0.0557254196855706,0.0675376419762574,0.0722612825368487,0,0,0,0,0,0,0,0,0,0,0.299880443855947,0.0587712507042245,0.157983541752993,0.458409324187342,0.572350342246363,0.157009902611409,0.0528213752922484,0.104240185492096,0.221073849016114,0.267268549900212,0.539054798079931,0.247684510830956,0.391315945223082,0.670335987427244,0.797819928134523,0,0,0,0,0,0.131594404449266,0.00901978746120877,0.0666564922727975,0.191877783618328,0.248670026725679,0.865470743557234,0.746545997718385,0.803427936882159,0.92961574433604,0.985915313529337,0.00416527207219054,0.000460786486116401,0.00203849465295606,0.00651051498939659,0.00816668553274173,0,0,0,0,0,0.606689461746909,0.368812322623914,0.492810111193589,0.733057830135723,0.896520841008686,0.236459244870527,0.0177630198775786,0.112925155288272,0.383262504141361,0.514343089443325,0.127704727480797,0.0207657676620858,0.0668532116986873,0.191753392350628,0.25005484915009,0,0,0,0,0
mapita_river_zam22,NaN,0.444131720941896,0.290692130857343,0.364377099674172,0.532180203954829,0.60640461910122,0.123165043127556,0.0712721771655725,0.0908855464610976,0.154979209739757,0.178411955315359,0.429001752656844,0.252841944216287,0.346223891619004,0.513930887410115,0.599068809816059,0.653308137029185,0.366925576479678,0.486836522231143,0.831999059702697,0.965879224011037,0.464633964767793,0.350546677687593,0.395006914388671,0.529722109725681,0.573101696946031,0.410733900989071,0.2481480531429,0.341201190563344,0.477211655806183,0.579400815988636,0.12413491881092,0.0219821178530648,0.0771800321142409,0.180434550873082,0.225544911581979,0,0,0,0,0,0.939486226215055,0.928188744917391,0.933479509908342,0.945298474298979,0.949550352181164,0.0605137737849447,0.0504496478188361,0.0547015257010208,0.0665204900916578,0.0718112550826091,0,0,0,0,0,0,0,0,0,0,0.329668733990604,0.0552829248751334,0.175442017145194,0.474146697362197,0.575859099996725,0.162125198208692,0.0561826808348495,0.100556175384617,0.216272586317867,0.264412530362609,0.526969217864366,0.229424603624264,0.365503462129444,0.656608842295149,0.815476580644927,0,0,0,0,0,0.124159815967249,0.0203805812048471,0.060741832998984,0.179194212902574,0.244794848229393,0.87223386821858,0.750709134438057,0.816948402732838,0.933481689761712,0.974697232552602,0.00444238770704361,0.000442342425824166,0.00226877523714506,0.00625739522842742,0.00837166739581306,0,0,0,0,0,0.593245810298888,0.371633038938092,0.472146360603231,0.721581943072752,0.870052733142371,0.25963738134506,0.0415773774202979,0.155045950958906,0.38999040730403,0.516745456116789,0.115726836482712,0.0167228161523378,0.0623560703810156,0.186599674346862,0.249971706459621,0,0,0,0,0
pmb1_zam22,NaN,0.431969318410166,0.277057382731725,0.351413002756077,0.538798896684847,0.606590658979083,0.128166846407681,0.0698428512299664,0.0959419114691175,0.15363124002163,0.179369686523615,0.437363631794501,0.252260883582683,0.338281848578969,0.53042470603379,0.611619963895141,0.691841198912051,0.387509502604825,0.518367102869464,0.84989056857851,0.977721187349092,0.450360699607683,0.348541475040513,0.392691315368368,0.516837309550788,0.571884813883609,0.413979389360445,0.270012246349346,0.352519473809273,0.497141305436172,0.591852800112791,0.122615907560804,0.0174236955352791,0.068426801114095,0.1827106645062,0.229594408618415,0,0,0,0,0,0.938892972919775,0.928138778451537,0.933466009502016,0.945774126486202,0.950262046092487,0.0611070270802252,0.0497379539075128,0.0542258735137976,0.0665339904979836,0.0718612215484626,0,0,0,0,0,0,0,0,0,0,0.310495135858253,0.0521421339335002,0.162944670408767,0.465433685597796,0.578109764525524,0.153671766794888,0.0525332972620015,0.0972055973553423,0.217551272203754,0.271188943383009,0.52532157053845,0.242293052963929,0.376352535555457,0.67438284068683,0.819903133603538,0,0,0,0,0,0.127326407861914,0.0155100047125614,0.0628488903737089,0.198764578674735,0.246359739423113,0.867760658823183,0.749128357335491,0.796213763963156,0.932928990713785,0.980569270218067,0.00445941953597341,0.000522234680150975,0.00220124580838639,0.00653864997070814,0.00831771317732945,0,0,0,0,0,0.641632104907794,0.374986967998973,0.503699337446083,0.760422129128212,0.883639761307861,0.221685928113973,0.0230487463501376,0.111127565220231,0.351026283991838,0.504239857929925,0.12996990841482,0.0193789644016982,0.0652377333221498,0.188778287200926,0.255235567564442,0,0,0,0,0
pmb2_zam22,NaN,0.440652565373813,0.275510106825905,0.349372314183644,0.535490890904826,0.608143003824244,0.122886645551663,0.0671115484637701,0.087527924826176,0.148510013468441,0.17692688769387,0.436199155477035,0.2661563049615,0.348523566824084,0.532155948022733,0.622794115464211,0.663871872962016,0.368408628882982,0.500057651357414,0.837422306485193,0.980136350580536,0.458372921413994,0.346361278917132,0.39638311900168,0.522949913601008,0.568157216439471,0.42474356710047,0.251975466141891,0.351097294566287,0.492884383119566,0.583310897433223,0.123044448871514,0.0198767503150312,0.0680430552513609,0.175481530820232,0.224289384789189,0,0,0,0,0,0.939524483278961,0.928082924986523,0.933557161931645,0.945133597855307,0.949456792126371,0.0604755167210387,0.0505432078736286,0.0548664021446928,0.0664428380683547,0.0719170750134768,0,0,0,0,0,0,0,0,0,0,0.308505242825409,0.0639154153741595,0.197131041016398,0.4483617245279,0.572893259955121,0.158417812652122,0.0509676336511941,0.108536711377376,0.215135544691843,0.267357556793946,0.528285873874285,0.227346133205504,0.385036165031126,0.649785624563625,0.820871931029927,0,0,0,0,0,0.125991872161961,0.0192321293251021,0.0683502250167203,0.191310855414759,0.245924828643721,0.870415219418346,0.749281296736527,0.802619384802277,0.926177593312892,0.976419596272424,0.00442234780725903,0.000447230180393368,0.00181882580342493,0.00665675952355756,0.00816743734772446,0,0,0,0,0,0.615902427813299,0.369995368298781,0.484165685659708,0.749064817662541,0.891626579474318,0.247212002717704,0.0222017795321805,0.116844110456296,0.380496610149863,0.536152267287302,0.112068125712804,0.0210506098591655,0.0630592917457494,0.18825584905846,0.24778750300581,0,0,0,0,0
pmb4_zam22,NaN,0.451673478561987,0.281168311125751,0.352123190235818,0.52970555211145,0.605429949672182,0.134245657757921,0.0688618849563559,0.0996232150883475,0.161443626937941,0.180332340410383,0.413912089805655,0.245224755310859,0.34128820716949,0.521193378675456,0.604933513365517,0.681073263020798,0.370199423821706,0.520433816741854,0.845376034386057,0.971354421464789,0.461573369660848,0.352496723528431,0.403834585542183,0.521443183873499,0.570407121674158,0.411801861225422,0.253548736564134,0.346390578665385,0.477904221161439,0.59476969752922,0.126035091852791,0.0150234752020906,0.0661968362469356,0.184319103066653,0.230597163776495,0,0,0,0,0,0.938661219578686,0.928374776211625,0.932819645948288,0.944153984545047,0.949475654685685,0.0613387804213142,0.0505243453143146,0.0558460154549534,0.0671803540517119,0.0716252237883746,0,0,0,0,0,0,0,0,0,0,0.307124994747416,0.0534242640981559,0.162912682195586,0.442064391197342,0.572102817404076,0.155148041812126,0.0542936145487675,0.104360096849839,0.218924760701789,0.272431434306552,0.527022752837592,0.249401796757449,0.394591203874001,0.67094361091266,0.824866012072017,0,0,0,0,0,0.131795853137376,0.0180660928545938,0.0666933872454749,0.195990560624459,0.247347950341877,0.863130659182715,0.746504288139439,0.800174652424624,0.927158175322361,0.975941056815024,0.00431317107580236,0.000469208051124952,0.00242294186533109,0.00676240374552718,0.0083462514275153,0,0,0,0,0,0.605903206599642,0.374969973646121,0.488551171120627,0.727562002747105,0.887897841007388,0.249744232754302,0.0235898940842867,0.121344874098949,0.384880619694451,0.51701987019209,0.117177602023429,0.0192408834409746,0.0603451474902119,0.189311365059663,0.252870975230514,0,0,0,0,0
pmb3_zam22,NaN,0.455913082035405,0.286536536171899,0.365308021657377,0.538440358024894,0.607352972722479,0.125053616152631,0.0675683579347163,0.0913160053602921,0.154095448830778,0.179068362516894,0.427474331365672,0.249929560288018,0.338935937758995,0.509300839990184,0.596821880467682,0.659763471773148,0.369815863048873,0.499644902098697,0.843841401529603,0.960380442720329,0.472783319729675,0.345392800683682,0.400372691886089,0.528294066233371,0.574206028499868,0.412988143650057,0.244544331620472,0.339112384519483,0.47976452812728,0.577586187985351,0.124134154074087,0.0183801536332925,0.0705701040812322,0.179802734632218,0.22677784658467,0,0,0,0,0,0.939775270883759,0.928327854644472,0.93331119020012,0.945193253460449,0.949825916587077,0.0602247291162414,0.0501740834129233,0.0548067465395509,0.0666888097998804,0.0716721453555281,0,0,0,0,0,0,0,0,0,0,0.306761103006015,0.0566786705963099,0.176022049853233,0.458474421991392,0.56183362183885,0.171271654033224,0.0529850344648059,0.102034618456364,0.225744579984671,0.270095132088515,0.514589567408081,0.239007353407339,0.386307049132336,0.670715740569219,0.830586169081397,0,0,0,0,0,0.141121391303355,0.0217976509403318,0.0733794205918477,0.195563998094918,0.248131339882539,0.854608373184199,0.746111044039174,0.799725792579008,0.921757620314557,0.972928252163457,0.0042503413340643,0.000504421948357087,0.00223511751964023,0.00619647363747732,0.00814709979856825,0,0,0,0,0,0.583815323528287,0.37582553589067,0.462219267384561,0.736848225249244,0.867626484904774,0.276363660221736,0.0243259646579678,0.135316065130808,0.385802842826498,0.524493846753297,0.127701146812136,0.0191321814408633,0.0645133931658823,0.191705727032714,0.248657722354368,0,0,0,0,0
sc7_zam22,NaN,0.438649792194929,0.280025576506244,0.348525025394223,0.534195213006011,0.607235964156478,0.119428365854124,0.0698048677970827,0.0926237035505523,0.150898649981367,0.179063094897001,0.435730724054027,0.251132125359801,0.343397905561661,0.529667117895442,0.612469159768474,0.674494779878718,0.373491322351827,0.498008117087573,0.845371398446389,0.96912287397266,0.453656175632867,0.341063820440359,0.39399888413978,0.51778614571431,0.574822711996099,0.425135922423896,0.25967448256871,0.352288348750506,0.4889821459192,0.585675275988931,0.115202691716864,0.0165397054673376,0.0635384951737087,0.180625705504893,0.223793676309833,0,0,0,0,0,0.939337679377402,0.92828201656046,0.932936734037893,0.944905914402939,0.950040963874053,0.0606623206225977,0.0499590361259469,0.0550940855970614,0.0670632659621066,0.0717179834395398,0,0,0,0,0,0,0,0,0,0,0.279514719747865,0.0478537785917263,0.136142455762144,0.422431013767217,0.564239987648517,0.162414764238569,0.0549671649415163,0.101194910366206,0.214863445575887,0.267251673603247,0.556850283949614,0.265365784372605,0.423757915844682,0.691019088138795,0.832323349515604,0,0,0,0,0,0.108944773954851,0.0137566220356422,0.0531255959629391,0.18102062257072,0.244831192964924,0.886755033014318,0.751417358641792,0.815623650465783,0.942914311047861,0.981923408305659,0.00457808746653951,0.000664454556016514,0.00232837954037028,0.00681885488409133,0.00851517863161551,0,0,0,0,0,0.674654755287099,0.393689650050954,0.546489202837372,0.762377263522163,0.871604027609735,0.19421408461638,0.029036645551161,0.103552589471994,0.323394411262703,0.488573010744251,0.113849013065542,0.0236742387462305,0.0631331065158471,0.180582909185657,0.246259771742373,0,0,0,0,0
lawis_river_zam22,NaN,0.446141743960588,0.282725423524612,0.35279566189681,0.52608329077206,0.606358503371443,0.125605531079077,0.0674143528194716,0.0927961503268531,0.154926168063492,0.178023548525364,0.434959893514903,0.264648593448392,0.346098149642141,0.531456060140671,0.604345084501594,0.670916251719421,0.366833082341572,0.486943453274643,0.856679646236122,0.969535509186332,0.456196847234822,0.343338276678631,0.390528947166263,0.517521985563787,0.575537069178571,0.424354062743425,0.249455076352993,0.348201719887707,0.499462087207764,0.590480202875904,0.121319143175822,0.014972082714324,0.0562774203112849,0.183806600126915,0.224039637447041,0,0,0,0,0,0.939371832486316,0.928274991303966,0.933448545579901,0.945323797426424,0.950109561443512,0.0606281675136838,0.0498904385564884,0.0546762025735765,0.0665514544200988,0.0717250086960344,0,0,0,0,0,0,0,0,0,0,0.310407341709961,0.0577760113688343,0.170012353476836,0.452312499373508,0.575763812720052,0.162065305787052,0.0581179176452553,0.101862125201211,0.21747676418602,0.267880006417756,0.518229218425008,0.246286425231804,0.385696698132246,0.662866666827471,0.810809993045551,0,0,0,0,0,0.123990699821488,0.0162571082965907,0.0628164301727885,0.178184167591162,0.243891476964819,0.869950210286651,0.75040636376939,0.816472135063391,0.932068954722753,0.980960810483717,0.00448719182424138,0.0005844173987119,0.00221208543595285,0.00647270058815204,0.0082275744850243,0,0,0,0,0,0.631720710990476,0.370031266347736,0.473057362606512,0.759566613099619,0.883671007856197,0.231457550364489,0.0271445908787979,0.11531083428318,0.37915142585907,0.542973957482564,0.110712143050318,0.0180562495040652,0.0561887106260608,0.178390663734152,0.247622319746171,0,0,0,0,0
masinloc_river_zam22,NaN,0.446474099962595,0.272812539685021,0.357231707810418,0.513253093911667,0.60779582390814,0.12387583507562,0.0687520608057164,0.0937333421424714,0.154117640016782,0.177575876755761,0.431554875579948,0.256924335053279,0.360515193090346,0.519433401243145,0.604832595056354,0.678416063625513,0.382280511840431,0.515585617941537,0.850987033106767,0.968509001535302,0.457127406422108,0.343821458419632,0.394774742452478,0.516266052915549,0.571335558828926,0.416767630528894,0.262503021861861,0.352930554213914,0.483487593337688,0.580959988470818,0.126165194773262,0.0159178336408252,0.0688784352553749,0.180956650314518,0.220193097033794,0,0,0,0,0,0.939154069839012,0.928223239275679,0.93266842886728,0.945906191001998,0.950080831039408,0.0608459301609885,0.0499191689605919,0.0540938089980016,0.0673315711327201,0.0717767607243206,0,0,0,0,0,0,0,0,0,0,0.274825745548242,0.044793140833006,0.132667051392527,0.404104932599286,0.535489331732766,0.159309808893467,0.0514255727210176,0.102940360388401,0.214777982605217,0.271704085176851,0.566758484885056,0.302245403817716,0.430538674936523,0.697247006657754,0.83042169384838,0,0,0,0,0,0.138498744383592,0.0135552367582234,0.0641503935590505,0.19413649707074,0.243407938842792,0.85799782470686,0.751142695591292,0.800578684744009,0.931091243185781,0.982441407756086,0.00479014239733474,0.000407466079657334,0.00239647136897662,0.00666692371115537,0.00819833009629149,0,0,0,0,0,0.632897160517477,0.366904133407623,0.501038017181283,0.743427910272004,0.883783218694829,0.233510074632259,0.0261722068944786,0.108456485935438,0.369467319648708,0.511445124649958,0.118877835894477,0.0190026365087748,0.0623134644472033,0.176857950890112,0.253479500470569,0,0,0,0,0
salasa_river_zam22,NaN,0.393486776927932,0.272247199872488,0.32259864964177,0.486502553243063,0.58771843163003,0.121961364038471,0.0702110150550359,0.0915606597498938,0.15472750348504,0.177522938692186,0.478493632028221,0.276414247592936,0.384631704880932,0.55423749043007,0.614135842829682,0.869729434659415,0.716869067114029,0.79197400156125,0.933006727957647,0.992945412178076,0.45451374885731,0.348824005419028,0.401104376865081,0.521156353562132,0.574411941648463,0.422497229251659,0.256466482467654,0.351884854070776,0.48407022400096,0.563511043441226,0.121033346647685,0.015494385606797,0.0652371731173641,0.1841693102738,0.227566514067912,0,0,0,0,0,0.938971099302337,0.928528687711172,0.933675163036933,0.944691875833075,0.950222141163733,0.061028900697663,0.0497778588362668,0.0553081241669254,0.0663248369630672,0.071471312288828,0,0,0,0,0,0,0,0,0,0,0.267588528393681,0.0462109952184107,0.130390571974544,0.407077995782029,0.550322672828359,0.154879487349365,0.0489759838508733,0.0936602576032275,0.212930146579017,0.266790538296305,0.565881409610663,0.276880150901117,0.426801485970686,0.709604924678482,0.831951614470979,0,0,0,0,0,0.125973562368345,0.0164873137550345,0.0653725049696647,0.185115518098138,0.24180165589218,0.869487395252169,0.753495597117375,0.810739179949215,0.93057927229775,0.979201690352368,0.00436018217164748,0.000422226556945262,0.0019971788062332,0.00646188677228074,0.00837764001507818,0,0,0,0,0,0.685044229123162,0.431255955659448,0.566552809040115,0.78927204185767,0.888856791097645,0.190433396229736,0.0199919465940001,0.0930019471444519,0.320522706969986,0.464962988860207,0.112421437291758,0.0192998923616714,0.0529612411884149,0.171418357418928,0.239526334272286,0,0,0,0,0
bagsit_river_zam22,NaN,0.450358380327453,0.277899041108543,0.35774733607171,0.524602751170955,0.602272999806749,0.121070127258883,0.0721994910019061,0.0944419851530447,0.156130891809835,0.17705841840741,0.424648481549831,0.264909143527564,0.346369239932315,0.521462205058906,0.623575570937706,0.68416371006735,0.375317720882712,0.526225637410988,0.831654967348963,0.959596556903095,0.447620690860426,0.34369059692637,0.390793117459897,0.515959899116828,0.569250655243734,0.426001664548542,0.264845495185608,0.347125237895893,0.496899111790844,0.583592420633233,0.120682766660016,0.0190310873586019,0.0668666330735063,0.175890274486169,0.227828384194678,0,0,0,0,0,0.938727510867524,0.928206469251655,0.932767564963799,0.944217039239927,0.949935367282038,0.061272489132476,0.0500646327179616,0.0557829607600732,0.0672324350362014,0.0717935307483451,0,0,0,0,0,0,0,0,0,0,0.292558499948732,0.0412496050868325,0.157625577720169,0.429603522588396,0.553576031769974,0.16293053759358,0.053951259488882,0.0964320314080045,0.211425388821065,0.264818141758875,0.54806345616283,0.266926068464236,0.430682108275048,0.689219422160316,0.829272380011334,0,0,0,0,0,0.123366969858889,0.0167042738656948,0.0630546411174744,0.184543574216364,0.239138551457649,0.873456693655188,0.757241195327767,0.81346257347115,0.93337831287876,0.979821274553264,0.00425702137651717,0.000593752396756462,0.00223715678287738,0.00669766827002804,0.00829007966021465,0,0,0,0,0,0.609111393988809,0.377504907896729,0.49794091748297,0.735589417677791,0.874901841801793,0.243114382252396,0.0328640938982668,0.131836738596238,0.365717579557939,0.512014191340974,0.127832895075722,0.0268580122630809,0.0721122667458001,0.189260948299652,0.249386889648643,0,0,0,0,0
bancal_river_zam22,NaN,0.393201507314344,0.274201853855966,0.32342958448548,0.477521846875257,0.583732752426998,0.119545910181093,0.067408044268771,0.0894374514109745,0.149758557446192,0.175713288981551,0.486571688688434,0.290062893637727,0.402904937281441,0.563118660283173,0.622043272136308,0.870834351345834,0.731041410441269,0.797008715451553,0.934541786463298,0.983893299146533,0.463126180315056,0.344788949353342,0.392963434259464,0.516905896783535,0.57015793258402,0.414229211799542,0.253782283524347,0.349373816358547,0.48569144854592,0.590166152941596,0.122350419972304,0.0169779710288342,0.0632690625070487,0.185753519214361,0.229468958987809,0,0,0,0,0,0.93944348366248,0.928036545933436,0.934114323374944,0.945339287468501,0.949580094084902,0.0605565163375197,0.0504199059150983,0.0546607125314985,0.0658856766250557,0.0719634540665644,0,0,0,0,0,0,0,0,0,0,0.26344365500796,0.0422363188998426,0.146017755135265,0.403793531778254,0.558919265649799,0.174152509349373,0.0532338104562318,0.109447122002789,0.228848194564298,0.272160219721913,0.568896415911198,0.252878566589484,0.428665441079693,0.684033428345205,0.822649284760104,0,0,0,0,0,0.124837949085933,0.0161539871902899,0.0587834420746986,0.190224102164159,0.239538593629365,0.869847567878401,0.75686019755203,0.805147793092764,0.937452566377439,0.978862096158799,0.00465261000804832,0.000412728504171056,0.00229075379167717,0.00673281733893237,0.00836374394683365,0,0,0,0,0,0.673963578302416,0.405680418757931,0.565269745568374,0.764700469344946,0.898174172815083,0.193762591511246,0.0228249391718609,0.0872294300484915,0.316779956480475,0.479911661493568,0.116144577902066,0.0189621542885748,0.0523572599759616,0.175879193470274,0.246352062823163,0,0,0,0,0
bucao_river_zam22,NaN,0.436325247703895,0.276649781167722,0.34518634229691,0.530861721153179,0.600313052335998,0.127805618112956,0.0700616801091853,0.0962959801434177,0.152994423596664,0.179016177204814,0.440627442061936,0.255148854962079,0.337148022563453,0.530283761347451,0.606875946611733,0.693880755909176,0.38138440359073,0.523183213228635,0.845106372882291,0.97297889094016,0.457901478013189,0.347077891359461,0.393355831602999,0.521420050316111,0.569014983979011,0.416974170975483,0.261781773762926,0.362291994841638,0.485686961395338,0.586115199159814,0.117182769083956,0.015855357923461,0.0673588879852725,0.175732058519717,0.226722921453339,0,0,0,0,0,0.939311344213799,0.928234655025659,0.933015406707551,0.944910929914895,0.949646538070656,0.0606886557862009,0.0503534619293434,0.0550890700851052,0.0669845932924492,0.0717653449743413,0,0,0,0,0,0,0,0,0,0,0.274174950359081,0.0420400232957949,0.14905363150992,0.402472453947316,0.547743620261424,0.156420321656938,0.0560991517551017,0.103349951756471,0.210974412811336,0.261533579662929,0.548444089862027,0.301825946505211,0.423176279755417,0.697093286506952,0.81577628023947,0,0,0,0,0,0.131951599513968,0.0137845155665969,0.0670482178804469,0.199181254636284,0.244984001783073,0.864512104820103,0.752022136079306,0.797404234868108,0.927245227769096,0.98067223890437,0.00441907110404832,0.000576864493760191,0.00207495214910586,0.00629838220604688,0.00808967852350994,0,0,0,0,0,0.607824725129703,0.367989871021331,0.48040294519548,0.733150616737935,0.876445756473472,0.266113945046238,0.0227938886542575,0.126216901921547,0.381706587818731,0.538232732977325,0.117308791772516,0.0201411683256731,0.0636119842918607,0.184220042994455,0.245449952404968,0,0,0,0,0
maloma_river_zam22,NaN,0.447974671541367,0.277351171299498,0.348530249123212,0.540394008140324,0.60848406160795,0.121993120280376,0.0676926659641672,0.0911255772117192,0.151352633104493,0.177384315398046,0.431409993500134,0.258392189541331,0.333068685814766,0.537562150426276,0.613274520545887,0.687982959094416,0.364906747340364,0.495494539566216,0.858560906820894,0.969870721128667,0.461888214502958,0.344352158266905,0.396945602964018,0.527180916571485,0.575881058492335,0.420696640891779,0.262355290986441,0.345368419358463,0.483287317472627,0.578498264923118,0.121663964604049,0.0128922806331327,0.0646154444356351,0.175487407290466,0.221965226865673,0,0,0,0,0,0.938768901918352,0.927990904725801,0.932905923675257,0.944579278775962,0.949614378934906,0.0612310980816479,0.0503856210650937,0.055420721224038,0.0670940763247427,0.0720090952741988,0,0,0,0,0,0,0,0,0,0,0.299232819622797,0.0450829244722162,0.157974990758544,0.433037453901438,0.549765565641275,0.159473612746004,0.0571574411477295,0.0983816312944711,0.219406556928987,0.270050139411094,0.551770930995602,0.26622373858152,0.398542629780765,0.673596547899149,0.8326073488282,0,0,0,0,0,0.12630694581942,0.00969367923834874,0.0618030296771866,0.189464176789898,0.240723224874066,0.870429056392356,0.752912063402285,0.805938532243821,0.93392079301201,0.985487055889986,0.00466171487481854,0.000462309729275516,0.00235766562404635,0.00679692473024135,0.00836889847397635,0,0,0,0,0,0.60596687025319,0.380075267265476,0.481089725224343,0.725673667537686,0.882429002866296,0.26439004571448,0.029010518347021,0.129440408430758,0.384092723564275,0.52571830598652,0.116677530546145,0.015913089656833,0.0603021121906212,0.184924597776301,0.244026237987528,0,0,0,0,0
bulsa_river_us_zam23,NaN,0.43230536616131,0.277771838395679,0.34183860255306,0.526757609645954,0.603840642204279,0.120581923730551,0.06859817291829,0.0928074292189548,0.151704738185047,0.176995696287339,0.441174644081981,0.271712259099266,0.354316315541831,0.529514985310781,0.613794032230263,0.66631441292029,0.366401051040481,0.499089466784713,0.827756833836884,0.964147200111033,0.46323670392798,0.349204128482287,0.403161539114087,0.523155566699776,0.569805565785357,0.425145418091236,0.256001975390608,0.351862431586172,0.488673501875231,0.591667208953565,0.117578684425642,0.0154072670792431,0.0574408007876614,0.173590576138,0.2299071133444,0,0,0,0,0,0.939813780314718,0.928185115269149,0.93347609195078,0.945789672060134,0.950376852207209,0.060186219685282,0.0496231477927912,0.0542103279398659,0.0665239080492197,0.0718148847308509,0,0,0,0,0,0,0,0,0,0,0.275143236291338,0.0517132014802791,0.152340614746296,0.436099334135607,0.571586926415636,0.153279685988587,0.0546388632540976,0.0963495988012805,0.218791116038265,0.270225320547729,0.563216642345824,0.269987777771225,0.412223694094518,0.692604705912576,0.809072375182052,0,0,0,0,0,0.128213557905014,0.0162016977365286,0.0647397118386095,0.190431229289818,0.249319617128191,0.868007353940189,0.746633833007939,0.805437372129828,0.930274037792031,0.978985662291828,0.00421764455380209,0.000533709294164327,0.00239975299653359,0.00634948755950448,0.00826998478787613,0,0,0,0,0,0.610742082447728,0.368564015888861,0.492726808238316,0.74338303090485,0.873189704902862,0.247976867919143,0.0281754619747134,0.12781920199578,0.378573644380457,0.509537443956063,0.125354876145113,0.0193779079440244,0.0669981816349182,0.189194537596144,0.247514636422752,0,0,0,0,0
camiling_river_ds_zam23,NaN,0.441967893929655,0.275465640896189,0.355816675225125,0.535416276622395,0.60420529526417,0.124316088831297,0.0696292110871706,0.0903739814296103,0.154156524325907,0.177042255159408,0.428683776884304,0.252896286370546,0.345709537195842,0.516634636988577,0.615801968965768,0.684983752957185,0.369523584940693,0.518582338206098,0.835796603118789,0.957453111409914,0.456420059142488,0.347529991038034,0.402779901034655,0.515108913864065,0.572796907371616,0.420495454797956,0.263469675184406,0.350319791289434,0.490970356969815,0.575734604226642,0.118941141746908,0.0178399214141418,0.0626489906300375,0.179023596655023,0.225601302027773,0,0,0,0,0,0.938898212606416,0.928224097133742,0.932808967115152,0.945293941661674,0.949410098727642,0.0611017873935842,0.0505899012723575,0.0547060583383264,0.0671910328848483,0.0717759028662579,0,0,0,0,0,0,0,0,0,0,0.297014566386531,0.0574908172792478,0.161002228819584,0.441524754681404,0.57388386617261,0.160139078681198,0.0560024889340784,0.101956417227979,0.220651195994803,0.270211454943539,0.541579602703476,0.237030372490643,0.402310532876247,0.677297561883504,0.813062653144153,0,0,0,0,0,0.135165548832129,0.0149391030225167,0.0729361025958679,0.191623406399286,0.248675944005786,0.85961648242348,0.747601099877945,0.802450521382899,0.920619403551549,0.981379485116115,0.00436570802552799,0.000354172398606527,0.00236231395683063,0.00635704241954585,0.00818208177348153,0,0,0,0,0,0.606292297958762,0.377648488593497,0.467529551875234,0.728033422279613,0.86774272867661,0.254798077816847,0.0341932894819177,0.13723400064855,0.390225576847002,0.535389435201353,0.122685754797365,0.0216566218438668,0.0616298155579858,0.187258201311863,0.249019415991285,0,0,0,0,0
malabobo_river_zam23,NaN,0.43715753071589,0.28501277696128,0.35551174643919,0.542892369395001,0.606470576776301,0.119603091423439,0.070842178695317,0.0944824898869949,0.156713382925576,0.180217000982985,0.431701725131232,0.250992995931814,0.328347681314195,0.526836660143576,0.611057175950018,0.684515816470277,0.386014719222906,0.525941094311792,0.838905303243329,0.970079086598746,0.454649911951916,0.348500696316623,0.398398687245236,0.513916007510025,0.572067468190158,0.420754985951711,0.256189813318749,0.353958027671925,0.492832709552055,0.591843044955765,0.121336797345324,0.0194102766888162,0.0631578692389485,0.173879373542773,0.227779327891983,0,0,0,0,0,0.939395727699613,0.927971653082865,0.93319628070084,0.945111351747263,0.950005789360463,0.0606042723003873,0.0499942106395369,0.0548886482527372,0.0668037192991596,0.0720283469171348,0,0,0,0,0,0,0,0,0,0,0.305973260243064,0.0509282014001238,0.137138861304787,0.451153414024848,0.56655379471072,0.167952881222745,0.0539743338225641,0.101967666534345,0.22405615029008,0.270868793863278,0.519104992669883,0.245096731341278,0.38774111239132,0.688508830404252,0.828107015545517,0,0,0,0,0,0.125569292540945,0.0153908868692414,0.0687693699711792,0.200924680023695,0.245362910114871,0.871357674559861,0.748074527598957,0.795540080178632,0.928830989209681,0.980236872202283,0.00458148902057475,0.000496738522609906,0.00237923148822245,0.00656153302815836,0.00817531723158526,0,0,0,0,0,0.589764891302977,0.372030211151507,0.482168725581889,0.73826771878563,0.871830154532248,0.264152110998585,0.0356123904205705,0.129875752398985,0.396003790430888,0.533129221587175,0.113348866804682,0.0175399771752335,0.0595854421216346,0.192564199398814,0.247451727463935,0,0,0,0,0
bayaoas_river_zam23,NaN,0.438569899238433,0.277482395506027,0.34954062028529,0.525580553938459,0.602671675642321,0.123419601944658,0.0677072241224256,0.0930168638741965,0.157048125727368,0.177774630756932,0.443702857889017,0.248330341527871,0.349053040795969,0.529888509876627,0.617948526081197,0.667598470546242,0.364550018398668,0.505726765181127,0.841842212870463,0.973642886795391,0.450627623001877,0.346304967510058,0.400103975171126,0.520287598365961,0.568721288390078,0.42118022838869,0.260250028063683,0.356177722538636,0.489619534839829,0.59081210815719,0.119051915735022,0.0188702206656243,0.0604755926974139,0.176528555660894,0.223725399784137,0,0,0,0,0,0.938445588648637,0.928048562878237,0.932390916895084,0.945346467890738,0.950329577844389,0.061554411351363,0.0496704221556113,0.0546535321092625,0.0676090831049159,0.0719514371217631,0,0,0,0,0,0,0,0,0,0,0.306248879456639,0.0518743721190961,0.170557484930627,0.4588580906279,0.567593392947475,0.155021375575683,0.0542057877969625,0.103097140879633,0.215463563974547,0.270697595248863,0.53669960526749,0.23990696113832,0.381683493928057,0.673467906182061,0.816433407835431,0,0,0,0,0,0.132585258510581,0.013094291892554,0.0680679457052687,0.202799886436464,0.249127304412798,0.864427770717571,0.747100266655723,0.79355440075188,0.926993862079697,0.983995745353967,0.00451981658935363,0.000555263234622247,0.00242335312113368,0.00651211526968476,0.00816598278016839,0,0,0,0,0,0.575306501764205,0.371908205601346,0.465299188768056,0.704485783001878,0.874424232094647,0.275865213868606,0.028514387149645,0.135408222339872,0.402934763708648,0.522352608829505,0.132592526592726,0.0255953685839073,0.0716398697554609,0.189729685941138,0.250462232159984,0,0,0,0,0
mapita_river_zam23,NaN,0.436285606084907,0.289543204182263,0.354546671701279,0.52243871099115,0.60557683683059,0.125575046317875,0.0692041326825842,0.0935380123803506,0.158138454297513,0.179051093179863,0.436725378607822,0.26264101051597,0.346168629820413,0.511534577338311,0.597868245291607,0.666445232763489,0.365273902595992,0.509330026259863,0.83341905229772,0.95941816967666,0.45769101501794,0.342959338707653,0.400944745940434,0.51372973286687,0.569017329322923,0.421975215624106,0.251199367528901,0.351731197132999,0.484268297151538,0.594926448361719,0.123092123277591,0.0189157284740531,0.0571333948201317,0.184346865268886,0.227227333459566,0,0,0,0,0,0.939234180543581,0.928733235282817,0.933425456173279,0.944897240755659,0.949589738074991,0.0607658194564186,0.0504102619250087,0.055102759244341,0.0665745438267207,0.0712667647171833,0,0,0,0,0,0,0,0,0,0,0.297553657485783,0.0500756972116562,0.149329110304703,0.449017667381873,0.567874612391567,0.165455485264435,0.0566237438650556,0.1050369114622,0.219677387230185,0.269260648014268,0.543830886326,0.232168153294079,0.392749302049612,0.674828594673882,0.820937356795018,0,0,0,0,0,0.134406484748543,0.0179107011347554,0.0677008167208035,0.193257146459225,0.249218425112676,0.862980652545091,0.746537198195108,0.801259224065563,0.927349991813917,0.977186194084981,0.0040222000630589,0.000333359092281875,0.00173048699390843,0.0066318262913905,0.00829733612807459,0,0,0,0,0,0.609913314397195,0.362707879359402,0.489600825302204,0.749503574490742,0.890650881069447,0.243763265184652,0.028774727625094,0.119955501101072,0.379477825871319,0.52798189059632,0.121731388000979,0.0206190365181271,0.0692867678134858,0.189843439385713,0.247741638372377,0,0,0,0,0
dumoloc_river_zam23,NaN,0.435662034514053,0.276567901803427,0.354235812293158,0.521065446516926,0.597055155232587,0.126089137363517,0.0702304322440261,0.0972962936688962,0.156494868381621,0.178886845546475,0.434148798006835,0.266319851185466,0.344909783106041,0.529806617499882,0.610253250511636,0.671728858979278,0.371145217859017,0.518229751036802,0.819410267192996,0.949085537125354,0.466730792667921,0.34819221349734,0.403188162153558,0.525094489027071,0.572020163392052,0.417836170618419,0.246537958797466,0.340558731697,0.482463188944698,0.573921119876585,0.121319988826722,0.0172475733316505,0.0657426172706509,0.175309684851827,0.228973528803687,0,0,0,0,0,0.938288622986286,0.927930006968139,0.932630947341543,0.944423503136022,0.950256413659611,0.0617113770137141,0.0497435863403893,0.0555764968639782,0.0673690526584568,0.0720699930318607,0,0,0,0,0,0,0,0,0,0,0.295023999011747,0.0436465891473752,0.162311752682476,0.444538475037972,0.574554598869398,0.165101004989114,0.0550968446084631,0.109023637819061,0.223100452675859,0.270753513920346,0.534290751628736,0.236719846907235,0.392155768999424,0.68159323671586,0.82279273614584,0,0,0,0,0,0.140435705153033,0.0124935688609122,0.0707422619425929,0.204819163696022,0.24784196010483,0.854431364308662,0.747776105023376,0.789742833901136,0.926010729124915,0.983227351224005,0.00460314064435489,0.00046611782464597,0.00222913483061311,0.00692039639959592,0.00830940469772297,0,0,0,0,0,0.603599388979176,0.376549691694045,0.476428138218982,0.735664326801628,0.871626619283007,0.247501313492873,0.0216705866577404,0.125361232974542,0.388606507953804,0.525188207667926,0.129292877878319,0.0159235399397002,0.0650382783326027,0.191365434569202,0.250612267200171,0,0,0,0,0
pmb1_zam23,NaN,0.450255664453667,0.283522722351827,0.365313412643538,0.534659969408989,0.602734550095515,0.122067746247842,0.0707819383709096,0.0970029335022354,0.155565286496596,0.179706921614216,0.41924400206576,0.264195050758022,0.337094375152786,0.514535389646073,0.601260611693402,0.659968385987799,0.377956360653537,0.515729543715961,0.850847932915549,0.973560892981969,0.448557606436306,0.347800668995121,0.392888160973775,0.512761416638621,0.567171202212321,0.426719130063835,0.266841781715323,0.359251319532153,0.492276411928471,0.590944541347613,0.125218278545025,0.0176669154149445,0.064477351579478,0.18191032219086,0.224629493965675,0,0,0,0,0,0.939476821732394,0.928187633308394,0.932826795209007,0.945254097330382,0.94991212661935,0.060523178267606,0.0500878733806496,0.0547459026696182,0.0671732047909934,0.0718123666916062,0,0,0,0,0,0,0,0,0,0,0.302698907110907,0.0462993632891462,0.161691280189652,0.455621968953894,0.559433771155951,0.148220242294916,0.053774638210604,0.0939369586948179,0.219986680645159,0.267098026049092,0.533055668166688,0.256781974841993,0.390879035986984,0.688081577619368,0.827148405934113,0,0,0,0,0,0.130918027309035,0.0113629572795763,0.0717199286180614,0.197505400936177,0.246110573218189,0.866628844124594,0.74986850346527,0.797202073537834,0.924844471067694,0.984161870672174,0.00445147273078993,0.000344607561916348,0.00214549615443318,0.00652171316478254,0.00846780327012031,0,0,0,0,0,0.626411190332972,0.364966284372731,0.489950360808891,0.738569727774906,0.87274356415656,0.245576183529643,0.0224725022747216,0.125256343537155,0.374964440127091,0.522573431586748,0.12024197791736,0.0194412815742065,0.0644694131064882,0.180682146531166,0.250511245816007,0,0,0,0,0
pmb2_zam23,NaN,0.430988784443156,0.282116332018667,0.345127773064299,0.534990433963173,0.606057105043218,0.123148722717625,0.0691116891582097,0.0947548397243789,0.150766031612711,0.177866194588113,0.445939858419103,0.256106229221484,0.345382997543283,0.534325357444866,0.60749291934779,0.671002886799269,0.376997057446954,0.504408538617701,0.834506450274776,0.964716339916582,0.469249914670991,0.35100400456971,0.415097423509131,0.531022501179423,0.573169526306859,0.403892599492213,0.254950770176036,0.343814587913864,0.477175100364219,0.584079299242651,0.123868297306423,0.0149512835315177,0.0587381444671561,0.176201288935538,0.222229181526013,0,0,0,0,0,0.938962387881636,0.927845224400035,0.932754674921569,0.944943701636514,0.950004572520304,0.0610376121183639,0.0499954274796961,0.0550562983634863,0.0672453250784308,0.072154775599965,0,0,0,0,0,0,0,0,0,0,0.315543872806863,0.0642669871314196,0.169740452860544,0.447428287530863,0.570307944697756,0.16099488073076,0.0563974060008035,0.103352724437485,0.218618276402793,0.271646626396414,0.523863890302423,0.236226639762135,0.391921508690103,0.667464050765979,0.817557350166177,0,0,0,0,0,0.126630505831329,0.0181586449459881,0.0632802714261357,0.195347069037641,0.244645835703078,0.869552758789017,0.751064539394918,0.799458169968886,0.932702917708615,0.978166183239812,0.00455335802117029,0.000428491008903264,0.00222789035032437,0.00640806915010371,0.0082563528551385,0,0,0,0,0,0.603304302329352,0.369287926421988,0.47032472048314,0.725672301473601,0.881755172625797,0.251777429513912,0.0229769848281055,0.128426603880762,0.374508077875263,0.520167671985653,0.133653276025615,0.0174933321449114,0.0690512849767182,0.198824881226358,0.24852642687426,0,0,0,0,0
pmb3_zam23,NaN,0.443374358866772,0.277811919415911,0.352143703143745,0.539349357377518,0.602076796553421,0.122418233843277,0.0693582442418305,0.0903480592694876,0.150447086479642,0.178740935808719,0.439775446908912,0.261197870310717,0.346544214929013,0.525361400000758,0.606444872154157,0.684156815285374,0.391375523325161,0.528473697330033,0.845135636736523,0.982833679308125,0.455373804521517,0.343746722596976,0.39326635685756,0.524864253864647,0.572488203534569,0.412475983934985,0.243466154148091,0.346613046310128,0.481467499485006,0.577436181399035,0.135925890204526,0.0263349100519505,0.0712358261550403,0.189449836746495,0.225710805775755,0,0,0,0,0,0.939810139641129,0.92838817983277,0.933829801032288,0.945658704237275,0.950149129110856,0.0601898603588714,0.0498508708891437,0.0543412957627247,0.0661701989677123,0.0716118201672299,0,0,0,0,0,0,0,0,0,0,0.305985617723837,0.0508582880982107,0.155345456015985,0.448292828615024,0.572097103145036,0.157149448425844,0.0505766361483842,0.0907923614128758,0.214778276388969,0.269122069231141,0.553017358226997,0.250765241863986,0.402073339225834,0.681176569423432,0.828389861191578,0,0,0,0,0,0.12899952510877,0.0129969375252594,0.0753148266415533,0.189901683955482,0.244031506084706,0.868310228728291,0.751730251983371,0.805311249418882,0.921005162092432,0.981866409188802,0.00398854896462638,0.000371629741963074,0.00173360322946471,0.00634776010851198,0.00818502659735334,0,0,0,0,0,0.619760715257467,0.374565070124086,0.488404151608371,0.742585986708847,0.870862737686811,0.245480346242956,0.0242006760745389,0.130348997677341,0.388111783424271,0.526780538109239,0.122300836801848,0.0203887748295583,0.0582777113986071,0.182669249042739,0.242471148853554,0,0,0,0,0
pmb4_zam23,NaN,0.436530441611044,0.279140101531055,0.340526353401897,0.532071991563345,0.603965766693044,0.119567004650113,0.0696059974125011,0.0915450744783022,0.152095499333941,0.17799493147891,0.444830580916322,0.250983170816454,0.339282616098723,0.541702644392481,0.621000479433611,0.654513221557849,0.378722888974007,0.496540275407343,0.829054356564955,0.969841588436381,0.45571388378144,0.34332859264152,0.39079006363503,0.518648662132854,0.574910001668744,0.421654503690097,0.256575254082986,0.339410385100969,0.491622252310736,0.587103658879352,0.131161958480613,0.0170370509691367,0.0707268322581693,0.184055019211748,0.226515610444019,0,0,0,0,0,0.939771980955323,0.927888452772153,0.933308024571046,0.945422342396027,0.949883164210893,0.0602280190446772,0.0501168357891068,0.0545776576039727,0.0666919754289538,0.0721115472278468,0,0,0,0,0,0,0,0,0,0,0.286899092641985,0.0499300617538937,0.135429025066887,0.457009550575967,0.574174221615659,0.160704650623429,0.0537687996326716,0.104356181347478,0.226054604749028,0.267185618532292,0.550854092746343,0.225795099377136,0.376740715710655,0.697014027285124,0.831685541270427,0,0,0,0,0,0.139449717495634,0.0161971765877221,0.0770579187201419,0.196995078432376,0.24975476791127,0.857909866576357,0.745502924395974,0.797951261576396,0.919434599531421,0.979107718907725,0.00438717767695103,0.000440020774594324,0.00215153430003153,0.00641012284039118,0.00837924616184017,0,0,0,0,0,0.625041246158389,0.390166233990556,0.501452286048406,0.75837925843807,0.875650154930415,0.24095223571563,0.0256488356150675,0.118425491304178,0.371812209243248,0.52284322704688,0.108049749452663,0.0170992551569987,0.0520162421189991,0.183014420878333,0.246017412103979,0,0,0,0,0
sc7_zam23,NaN,0.43343357610836,0.284337918287269,0.346915146103025,0.535016208707063,0.60711991395583,0.12104246269157,0.0685311286333355,0.091156686393169,0.150427687347379,0.177294684527151,0.439970774270663,0.257884543435855,0.350522064009306,0.530232431188091,0.611913290465401,0.676507621795353,0.386033102295487,0.518381332465204,0.826618042154786,0.961246022986585,0.457609337233515,0.346619004751434,0.391361135762222,0.514704677392523,0.569793473475979,0.426811557982576,0.255906665448224,0.344564076778411,0.494185406072174,0.592045694406651,0.119767182429644,0.0190553242844667,0.0676916835333688,0.184078372620471,0.223496249852648,0,0,0,0,0,0.938908140233247,0.928229228320722,0.933566839601072,0.945504235573613,0.949986093513003,0.0610918597667532,0.0500139064869973,0.0544957644263869,0.0664331603989279,0.0717707716792776,0,0,0,0,0,0,0,0,0,0,0.274785392580309,0.047836296819061,0.147547335285169,0.415864568037764,0.561338055807574,0.162234638959515,0.0537650645727838,0.0982937264665793,0.218385934939573,0.266303259222202,0.557520332424116,0.271968355249201,0.419633445446529,0.688990518157184,0.805618143975256,0,0,0,0,0,0.10682084485883,0.0124974724549418,0.0539993795428862,0.168449142201673,0.242053286213916,0.887290619839973,0.753544463895445,0.827822798010873,0.941715730755356,0.982944744281178,0.00415498976455651,0.000450627537222426,0.00223485996083406,0.00667241988821769,0.00818761790594489,0,0,0,0,0,0.639171487191278,0.390188790689947,0.530710350498531,0.738549973528876,0.8823851024615,0.211860292832573,0.0255955961833872,0.105718110962677,0.333851888140031,0.501139856156996,0.132271396023494,0.0205311140879077,0.0732340381158845,0.19282126425955,0.251808684301151,0,0,0,0,0
sc5_zam23,NaN,0.435530811333616,0.27411082815591,0.33872641934328,0.52458439966592,0.605861091655967,0.123322471775982,0.0701715814095855,0.0962533613783101,0.153585362070322,0.177672873632746,0.429660645788687,0.255293609779651,0.353102344576426,0.528858822634326,0.630622687456247,0.660561363032671,0.369183236780003,0.507992827289561,0.816814003626369,0.973746051924727,0.453793836620617,0.343185137382775,0.390667676261353,0.517018992775311,0.569924622780018,0.43115369612267,0.254940193776442,0.367828117537615,0.494128625541776,0.585407302655779,0.110925320094922,0.0148967010472495,0.0591776396257798,0.171482830846046,0.226934559205372,0,0,0,0,0,0.93934046725719,0.928666928570744,0.933746478975436,0.945381989601951,0.950423255088953,0.0606595327428104,0.0495767449110466,0.0546180103980492,0.0662535210245636,0.0713330714292558,0,0,0,0,0,0,0,0,0,0,0.279288680850381,0.0494074023038356,0.135805142855448,0.413984860885133,0.548265629722177,0.167794486172815,0.0603313383889353,0.103928813446068,0.220051561902345,0.268928629725639,0.555125031901982,0.254204277590409,0.420985218702027,0.685706640465893,0.834242174752591,0,0,0,0,0,0.11199773485798,0.0138421804155668,0.0547650800637774,0.184918648499919,0.239685903937939,0.883514838449377,0.757933489838256,0.80952128388748,0.939091263866158,0.982615348052727,0.00441047871186865,0.000489859044305455,0.00226630759658475,0.00660745083018591,0.00847828092990905,0,0,0,0,0,0.662401619791584,0.408905589748006,0.560602228984885,0.770068799811628,0.894375845182537,0.197620741631783,0.0259285056136194,0.0949930336124031,0.302677702788003,0.446166326915958,0.122337030554682,0.0190979790161299,0.0683968145856446,0.193671730493245,0.25330208538707,0,0,0,0,0
sc1_zam23,NaN,0.447051637183116,0.274907085926623,0.355962857226405,0.523250874985349,0.608014026917354,0.123227540790196,0.0716277868677326,0.0948003503708063,0.154032211689962,0.180545281362175,0.431643824570834,0.251392120139899,0.343732414751341,0.530475520519754,0.612636485708776,0.687768088748341,0.374979736855066,0.514915921543435,0.840329860603818,0.977618422738679,0.457229800318621,0.343641710274878,0.393101335536042,0.524641990655458,0.571349910590159,0.420480037379487,0.245704369828171,0.337829501830725,0.49074971721257,0.581965029011592,0.127130513377649,0.0242077430067956,0.0695731459814666,0.186992622155821,0.22416232732389,0,0,0,0,0,0.938626781168511,0.928404357829324,0.933133959338968,0.945068505386649,0.950092050379986,0.0613732188314892,0.0499079496200143,0.0549314946133515,0.066866040661032,0.0715956421706759,0,0,0,0,0,0,0,0,0,0,0.142123153399538,0.0362184092027908,0.0827406762650989,0.208684936399166,0.30222563882756,0.149463270879138,0.0486278058383139,0.0882771207685537,0.201104374951733,0.257830962377926,0.696325972468121,0.564650860779247,0.64164671911744,0.765357728371181,0.847648166483233,0,0,0,0,0,0.133666079595043,0.012848282241565,0.0677413791500394,0.195634446188169,0.247103819147322,0.860805197202491,0.749580568848397,0.800576613421354,0.927929216223895,0.982988373586157,0.00403017354888869,0.000470181866170766,0.00202075889266972,0.00623383560492143,0.00822068099161901,0,0,0,0,0,0.634400925304265,0.38605967087117,0.512402481287949,0.753829999461231,0.902403442998479,0.229360854125234,0.022227576141884,0.116675075772758,0.365010130664122,0.526120966208765,0.109933080901932,0.0200817512362044,0.0512994509985735,0.170498521265292,0.241752115402885,0,0,0,0,0
lawis_river_zam23,NaN,0.539884158172515,0.368199663283828,0.475602851645319,0.583360578065856,0.614427477730828,0.135065381182499,0.076782992294691,0.107499995756002,0.15840402498416,0.179290177002285,0.338941798742289,0.232188978641163,0.286932920730638,0.391944886213484,0.494594677093785,0.865320924877493,0.628877145636029,0.764123498260496,0.941439655780171,0.985981309001104,0.447972764181999,0.343943012939113,0.394803175857124,0.514032700492582,0.57463378435114,0.423658361424126,0.248486538588762,0.357825198842658,0.498437153477183,0.59236419951594,0.119058528162835,0.02057109251178,0.0615453638070541,0.176799601146324,0.225911763550716,0,0,0,0,0,0.939338308812063,0.928338652991848,0.933374922716313,0.945304939156278,0.949846505568106,0.0606616911879368,0.050153494431894,0.0546950608437216,0.0666250772836874,0.071661347008152,0,0,0,0,0,0,0,0,0,0,0.323339206287863,0.058614495599557,0.160132655854256,0.46044718187358,0.579619352105377,0.147793344796885,0.0519683775406082,0.0943244638721064,0.212160824688098,0.265738833824316,0.529357827874191,0.243449124707078,0.387565748100102,0.680891511235442,0.815209515531436,0,0,0,0,0,0.108021480118075,0.0129905918618636,0.0580091592311696,0.170958657234085,0.23815879947438,0.886811285533574,0.756785106062165,0.8255041136724,0.937411420370568,0.982161675991192,0.00451212976539858,0.00038573748846369,0.00208461998042323,0.00638723892642431,0.00820359211402854,0,0,0,0,0,0.617503808616494,0.399590401800985,0.517052899545505,0.699554967883591,0.811744891963647,0.187008850555754,0.0123867716934795,0.098907819977625,0.286965556088752,0.395750051125581,0.203478484157686,0.0915124590322954,0.160832285702916,0.235371188026224,0.261688960230388,0,0,0,0,0
masinloc_river_zam23,NaN,0.536229953512166,0.378171370027114,0.47543756303575,0.580544789280736,0.614951537303615,0.142531158274767,0.0762716978699198,0.113125219126406,0.166649321302444,0.180876199952742,0.333313465563658,0.234336096559488,0.285173296598274,0.390529243457174,0.47776982431493,0.886677729223973,0.705740644047004,0.806395273595102,0.947442092436444,0.992554450766571,0.452067754877076,0.346688025037637,0.390080989928314,0.527288824499632,0.576507885546279,0.418276010984559,0.247621783292622,0.352314100636382,0.492829959615006,0.586723577828113,0.125458064518491,0.0164855576582816,0.0662239952432015,0.176141330255678,0.223688515597005,0,0,0,0,0,0.940440617140005,0.92880144289186,0.933870204192492,0.945880830740962,0.950239146251949,0.0595593828599947,0.0497608537480511,0.0541191692590378,0.0661297958075076,0.0711985571081403,0,0,0,0,0,0,0,0,0,0,0.307845723937301,0.0415341410118377,0.158181833460331,0.452955873773952,0.573226267907402,0.160222539555638,0.0555424863273919,0.101731606722186,0.221492318321155,0.271689524883915,0.534313784487627,0.255177768872623,0.393230049780779,0.677502018383402,0.820702393687262,0,0,0,0,0,0.120473627165273,0.0124692830204871,0.0556729496517328,0.183233680706885,0.245290561084951,0.875489467281382,0.749075656317373,0.812899762983769,0.940242071154074,0.985040570141484,0.00412468718363971,0.000250979377348917,0.00191833971913425,0.00638819531159987,0.00818568272327627,0,0,0,0,0,0.627344798294087,0.413618434953187,0.535684612295831,0.71649899043612,0.818505106722139,0.179114587614837,0.016053708650757,0.0923975735593261,0.283426238203434,0.403744444350806,0.193087496554172,0.0830357568237308,0.148588135726815,0.234781856032601,0.259573829347468,0,0,0,0,0
salasa_river_zam23,NaN,0.428338038456561,0.277605997780816,0.351156890337192,0.526165517437836,0.608315387311701,0.121824428978576,0.0688265300093133,0.0922695036127416,0.155441841119294,0.178389511986708,0.44660645968476,0.265856837789314,0.348856954422848,0.527045072771883,0.615587307113737,0.662392800282697,0.374551281073642,0.522125848771519,0.811979156866334,0.966228820529243,0.452608385355861,0.345678948428052,0.391104274379446,0.519397037378232,0.573827374774923,0.424634736781017,0.248610091108651,0.352708611333997,0.485184716001876,0.591622943147624,0.125376376972559,0.0147487958377081,0.06603741361965,0.186811090319264,0.228242806076413,0,0,0,0,0,0.938618438875811,0.928174536452609,0.932538567838478,0.944851570912428,0.949842545118547,0.0613815611241891,0.0501574548814533,0.0551484290875716,0.0674614321615222,0.0718254635473914,0,0,0,0,0,0,0,0,0,0,0.307553276732529,0.0448688228742243,0.160588054379571,0.429621288248945,0.567174510156339,0.163446327750581,0.0533441038881639,0.0971634082672622,0.222897447558366,0.267197907308495,0.525136604678997,0.261650707170317,0.396807206789406,0.682003432554422,0.827080628523877,0,0,0,0,0,0.126405640151872,0.013310757451411,0.061373712687226,0.196334167195425,0.243430551428081,0.870493816321503,0.752258082716075,0.800257772003797,0.932727737091041,0.981097156467116,0.00440005181557114,0.000626484469092005,0.0023372568688818,0.00674919485389547,0.00838704364776437,0,0,0,0,0,0.603625853432981,0.37990483699245,0.478447178984456,0.731428225518903,0.868857170598812,0.239103115743257,0.0347468783461814,0.119644889152568,0.387394562096129,0.537818737505416,0.12714367166361,0.017603933139682,0.0652187483374266,0.197903303278464,0.248360017580078,0,0,0,0,0
bagsit_river_zam23,NaN,0.439724139259909,0.275734676627817,0.349599642666366,0.526404735583711,0.601262791969603,0.12008215812479,0.0692325631960317,0.0921335181350411,0.151743178219362,0.178680459910448,0.43589542818101,0.271512200786176,0.353735961486886,0.521907961324495,0.612571681530844,0.674077334601537,0.379623087014123,0.516632758785103,0.838522396967524,0.969127201017098,0.451154323540538,0.342848689993961,0.387768818386071,0.518136990207172,0.566781803145466,0.426038238167768,0.252695390717193,0.361582932696745,0.497455245341797,0.581873187711696,0.122658418599532,0.0203827172009641,0.0681838784017944,0.177733808975651,0.223946253675298,0,0,0,0,0,0.939157052181806,0.928009964510001,0.932662887053201,0.945227842633971,0.950324959419162,0.0608429478181939,0.0496750405808381,0.054772157366029,0.0673371129467986,0.071990035489999,0,0,0,0,0,0,0,0,0,0,0.29835726317517,0.051417977057615,0.161951596431628,0.422733454459281,0.565724323724608,0.161988730506475,0.0490964511896142,0.102763191060672,0.220189267355896,0.268867876310788,0.537629654518792,0.259792177469629,0.395656505241063,0.690041970432268,0.811831805110639,0,0,0,0,0,0.114826616456806,0.0147322344062359,0.0635431048212102,0.181030805444985,0.238543806535496,0.879309583452311,0.757539063405683,0.813649621026835,0.93431242637768,0.980130241710802,0.00419456192404937,0.000513046322049504,0.0021590173566066,0.00635965765500556,0.00836423963430724,0,0,0,0,0,0.605709342116693,0.374498652512697,0.465809881151682,0.726690678423721,0.866366750891482,0.279456503605725,0.0388199975192364,0.131937108667182,0.399800030551315,0.529651494939362,0.112342890706229,0.0184543123522888,0.0511002224692592,0.187785712596545,0.250777675423714,0,0,0,0,0
bucao_river_zam23,NaN,NaN,NaN,NaN,NaN,NaN,NaN,NaN,NaN,NaN,NaN,NaN,NaN,NaN,NaN,NaN,NaN,NaN,NaN,NaN,NaN,NaN,NaN,NaN,NaN,NaN,NaN,NaN,NaN,NaN,NaN,NaN,NaN,NaN,NaN,NaN,NaN,NaN,NaN,NaN,NaN,NaN,NaN,NaN,NaN,NaN,NaN,NaN,NaN,NaN,NaN,NaN,NaN,NaN,NaN,NaN,NaN,NaN,NaN,NaN,NaN,NaN,NaN,NaN,NaN,NaN,NaN,NaN,NaN,NaN,NaN,NaN,NaN,NaN,NaN,NaN,NaN,NaN,NaN,NaN,NaN,NaN,NaN,NaN,NaN,NaN,NaN,NaN,NaN,NaN,NaN,NaN,NaN,NaN,NaN,NaN,NaN,NaN,NaN,NaN,NaN,NaN,NaN,NaN,NaN,NaN,NaN,NaN,NaN,NaN,NaN,NaN,NaN,NaN,NaN,NaN,NaN,NaN,NaN,NaN,NaN
maloma_river_zam23,NaN,0.433031049521808,0.27802554629258,0.340070747169319,0.526290102753051,0.606584296778292,0.123780057243812,0.0687091511805936,0.0955841717468534,0.152363007192475,0.178265236589415,0.440564125931183,0.265225099297707,0.350911358522985,0.532445167644344,0.61319213888181,0.669962432185735,0.370144002620647,0.504471678744132,0.81702434485161,0.949753841352683,0.455369659526001,0.341730079654904,0.397130224726556,0.524735075449282,0.568795559698778,0.426597006689754,0.264412751626131,0.357032146023207,0.493374665353629,0.580475827531271,0.114025558198278,0.0205817689638015,0.0608720442283826,0.171865026527636,0.227705404954628,0,0,0,0,0,0.938038837183028,0.927773908658672,0.932621736115202,0.944587935084014,0.949541986730886,0.061961162816972,0.0504580132691144,0.0554120649159862,0.0673782638847984,0.0722260913413282,0,0,0,0,0,0,0,0,0,0,0.301842619412838,0.054917273861021,0.167092343072003,0.442742387863217,0.555070992781772,0.14947796476564,0.0547955114370006,0.0895891129155948,0.208436539451024,0.265352898355749,0.538072067981806,0.271487106566767,0.398953900765373,0.676532626537335,0.837181360546861,0,0,0,0,0,0.134992230398984,0.0150776627800571,0.0650634218272662,0.191844382768498,0.246502464644074,0.8599207274545,0.74894928110137,0.805314928037539,0.930269375794884,0.979858167481284,0.00409112352947886,0.000395613638489723,0.0018996848763944,0.00640729530506908,0.0084124436339425,0,0,0,0,0,0.611989081326638,0.369579988989457,0.486778285679123,0.736397124648239,0.857008235221807,0.256091367835677,0.021747364483039,0.138078934678585,0.389773929660786,0.543266258782687,0.111901164868837,0.0215351847189045,0.0624614927670706,0.19295251089938,0.249051029943124,0,0,0,0,0
bulsa_river_us_zam24,NaN,0.426042622561817,0.274189317861149,0.33786099902315,0.524195508211627,0.602875168810284,0.121149352902834,0.0694833100867158,0.0920947988269341,0.152181013988162,0.179167916022341,0.455807351288762,0.264683168458687,0.342673728595545,0.535762137936523,0.611171361862805,0.673007571852354,0.365603004753022,0.515136629222875,0.836711167013473,0.962274115737656,0.462277461732488,0.343218672510376,0.391556024331016,0.513041626547905,0.567484403433249,0.417984232469327,0.256535892174202,0.34709072048412,0.48556970620821,0.592982148984309,0.129186595869603,0.017294469846512,0.0666687208199022,0.185164361393807,0.225833471397164,0,0,0,0,0,0.939371492989767,0.928169434901684,0.932800511995091,0.945408768860396,0.949554741430862,0.0606285070102332,0.0504452585691381,0.0545912311396035,0.0671994880049087,0.0718305650983156,0,0,0,0,0,0,0,0,0,0,0.303194999400098,0.0456571212012592,0.162207622242798,0.438234824913219,0.569596071253922,0.15368615885603,0.0518555212311348,0.102890284792514,0.222004280470684,0.264386718362255,0.529877796678349,0.260889668994058,0.393603609749743,0.688426133888942,0.828474647027153,0,0,0,0,0,0.126893798600477,0.0139591086457652,0.072618886596049,0.190377440868317,0.245717492285575,0.869403022565337,0.750419388205756,0.804675883260067,0.922102394617234,0.980984208776422,0.00446192699205731,0.00046378121368673,0.00246826271889487,0.00649500989412064,0.00825668052426866,0,0,0,0,0,0.610549934271156,0.373373311529011,0.471013353128403,0.732548322415588,0.871482862204186,0.247497927929638,0.0321339287139739,0.137753908111454,0.383481217767125,0.527456148680143,0.126218449115457,0.020549587071974,0.0625085839134059,0.185551975844535,0.248240609428025,0,0,0,0,0
camiling_river_us_zam24,NaN,0.449947701734656,0.279671697576771,0.363318307715425,0.529176269772528,0.60213260818245,0.122399142514266,0.0683050422389739,0.0936799471987084,0.151603047606957,0.178811355075704,0.430247741999037,0.251365379224004,0.346746436187442,0.514149711351827,0.613644865336476,0.687404307748792,0.389999855745225,0.532736496095747,0.847624878806484,0.96836539710973,0.470696598373423,0.349605781423716,0.399728378732224,0.527182905367577,0.564310196861767,0.424209920758,0.247649859139199,0.323796518759028,0.492365452063201,0.595094099680065,0.119981487237341,0.0123532765551179,0.0650128312694665,0.185086994090282,0.225943895624765,0,0,0,0,0,0.938244701363243,0.927736301111371,0.93264449804181,0.944846849848015,0.949860586177001,0.0617552986367574,0.0501394138229987,0.055153150151985,0.0673555019581898,0.072263698888629,0,0,0,0,0,0,0,0,0,0,0.305154530590969,0.0580924742530399,0.168672051124603,0.437655519025572,0.576249068533104,0.161983607945054,0.0532787449199197,0.0986536292675677,0.21857623754236,0.268078741279195,0.531122875227294,0.225369024134873,0.376003031892177,0.6896326315291,0.823629649345759,0,0,0,0,0,0.12854789559613,0.0135113595923067,0.065544451193336,0.185232897431899,0.246358165082623,0.867844328040242,0.748851650260117,0.810548767549856,0.93105495190812,0.982539117765436,0.00457753795888953,0.00047626390040728,0.00255140111891719,0.00670981728246488,0.00833925642450347,0,0,0,0,0,0.598603393417931,0.376051534666776,0.464955265931483,0.7329100275483,0.882385739383974,0.247197681835469,0.0182057852909097,0.139708626445724,0.371562605433438,0.533357642020399,0.129802366416099,0.02416531863615,0.0682295145842608,0.185803132382494,0.247797097788779,0,0,0,0,0
camiling_river_ds_zam24,NaN,0.445902074624898,0.28211480356638,0.355406711367527,0.538779573562289,0.609162574320633,0.125476964279204,0.0687831214969374,0.0914395329526567,0.151756949340457,0.176556224760242,0.421037862015717,0.251534428261187,0.333400192213685,0.525648707745942,0.608199899873937,0.663380395108869,0.373831598196335,0.501300851084178,0.838605253266197,0.963905008448251,0.45036792066258,0.34240963085083,0.401949106201038,0.519301242980745,0.573248169085752,0.42311558307282,0.270737803673995,0.367627964588487,0.484696879354833,0.583387882625491,0.11136321465023,0.0168626194740167,0.0549264385559074,0.178051635611124,0.227953095739386,0,0,0,0,0,0.939809628745232,0.928231710570249,0.933617924427577,0.945734244548815,0.950135598091048,0.0601903712547681,0.049864401908952,0.0542657554511854,0.0663820755724235,0.071768289429751,0,0,0,0,0,0,0,0,0,0,0.296089090080142,0.0546308952491498,0.164320232531967,0.440503332687599,0.565274483672867,0.159112438271139,0.0559085297612298,0.0995154050909283,0.225592498667957,0.270100586030519,0.529985678853446,0.237289540177895,0.400166977586843,0.67711201948649,0.825624319321173,0,0,0,0,0,0.131912595614756,0.0125234080443063,0.0641080506884029,0.19883287017007,0.246906453208745,0.862124961089146,0.74935894053931,0.795715158198493,0.930265543855001,0.981421798161273,0.0046082546174098,0.000587654123644697,0.0023306296249116,0.00691167839128104,0.0084760233685796,0,0,0,0,0,0.608148238550655,0.385976597195862,0.483177991052897,0.721906266644277,0.873956402768197,0.250804217726157,0.0321754405728974,0.132115208441192,0.38702867984868,0.536552833623485,0.120896735658951,0.0191634424280907,0.0608199823603097,0.187056087224872,0.251640866701527,0,0,0,0,0
malabobo_river_zam24,NaN,0.436987499406205,0.27672118802748,0.351600133103558,0.533533053713326,0.597464077775502,0.122842694916832,0.0689429270576258,0.0865073583809404,0.1517333809182,0.178928549451158,0.444177576333664,0.262366873607192,0.345171418832887,0.537336972402274,0.619322198475826,0.645272354447625,0.374191375459456,0.496754199862039,0.841732577290127,0.964232905833785,0.458623411468888,0.343964726932626,0.386402161603915,0.525190848747331,0.573960795520917,0.421110899087115,0.2545723749884,0.349835999556469,0.49497976606647,0.588020326385022,0.11909734758665,0.019887983816676,0.0644407801997612,0.177926651911853,0.219040517065735,0,0,0,0,0,0.938628024495169,0.928132499233268,0.932415802779509,0.944878261603928,0.949681148692055,0.0613719755048311,0.0503188513079447,0.0551217383960717,0.0675841972204909,0.0718675007667315,0,0,0,0,0,0,0,0,0,0,0.29566079187918,0.0482196879397603,0.155448480626805,0.448778163719619,0.574937955775941,0.166230175132134,0.0538428460468481,0.109932900855895,0.22118846178727,0.267212082044403,0.539868651262635,0.2403374184438,0.398923833175983,0.675273522131033,0.819882547349091,0,0,0,0,0,0.148462991803811,0.0173307443026799,0.067549505699528,0.199976566398826,0.246450587537148,0.848284305806057,0.746988425171294,0.793529138555,0.928241086510736,0.978930222993119,0.00450304042227358,0.000413657512380808,0.00224160325134582,0.00674182943745291,0.00819656025072905,0,0,0,0,0,0.614603862106992,0.370840232390064,0.482420944731183,0.739275855941279,0.903908905900374,0.252606581866841,0.021322632201613,0.136899077398933,0.378417065856853,0.524669045222475,0.116464932755319,0.0192684084902735,0.055574049969749,0.180520766598543,0.248159681630895,0,0,0,0,0
bayaoas_river_zam24,NaN,0.438895614874847,0.279910263758052,0.353093148714065,0.519616100101681,0.598507147806526,0.121350214265576,0.0687309749883568,0.0910264239262815,0.153554649248541,0.179164986545968,0.438193037075775,0.264812178371021,0.349779591150841,0.523373815270988,0.610073546795784,0.665045147459632,0.381729276909251,0.502599598977987,0.832802353351586,0.969796872641088,0.445790415534889,0.344126281904296,0.387085690708587,0.516629543806909,0.573113244927825,0.432676403180464,0.255168232388814,0.364771056149567,0.505614056328282,0.596430426431789,0.110861409336375,0.0132237025226562,0.0544758281230816,0.173456872648194,0.225054173468052,0,0,0,0,0,0.939805223545963,0.928122439436819,0.933385153474308,0.944984715966704,0.950253170416997,0.0601947764540372,0.0497468295830034,0.0550152840332965,0.0666148465256917,0.0718775605631808,0,0,0,0,0,0,0,0,0,0,0.27626629498791,0.05131850454662,0.155098513292809,0.447320697518176,0.568532590041612,0.163541636113141,0.0499236604163575,0.104684561488967,0.223290691836311,0.268974707775362,0.549291581540815,0.244813576059071,0.390427781973445,0.673210304566697,0.828041709736419,0,0,0,0,0,0.123662193122636,0.0100609049793218,0.0601791151665093,0.194196200673325,0.241194694554963,0.872054489541168,0.755645838206799,0.804162963170394,0.936271752300846,0.984247248776801,0.00460421946572139,0.000340282680506121,0.00212665404363984,0.00653407618418744,0.00826672382077134,0,0,0,0,0,0.567102283476747,0.364823580399552,0.465282084123858,0.720614337056243,0.850954486153968,0.290561588269729,0.0331861084105917,0.156075078426238,0.410227404255351,0.522385231534918,0.122090436284858,0.0161014432527574,0.0635103775283576,0.180469892934102,0.244977206472624,0,0,0,0,0
mapita_river_zam24,NaN,0.436888045887037,0.282596784717392,0.352058726492347,0.530286352701329,0.605265789124934,0.125091669039675,0.069229057574346,0.0930093061102524,0.150726739621729,0.175466763553575,0.433938601720125,0.254706203652304,0.346513126916191,0.523436531866001,0.606666796172314,0.683328821724707,0.382915831004428,0.514196614330744,0.843932863696477,0.976881758743798,0.476010285126094,0.346473654482323,0.407331951356608,0.526019337843459,0.569495482526924,0.409999563282956,0.247941852493734,0.347007714311285,0.486723170126381,0.578326213199637,0.120864920444216,0.0163080254600255,0.056873387370873,0.173591444923292,0.222662083835975,0,0,0,0,0,0.938428161217063,0.927573170212265,0.932315221908605,0.944915873720305,0.949350135930372,0.0615718387829375,0.0506498640696279,0.0550841262796947,0.0676847780913949,0.0724268297877348,0,0,0,0,0,0,0,0,0,0,0.308908467533977,0.0464764576005393,0.166376317229175,0.475925516335462,0.576438404641282,0.165579366441986,0.052528382131405,0.108018238324493,0.21819696291406,0.267511666764982,0.518996177622121,0.236590473269617,0.365052287067166,0.663237044670806,0.814936495849326,0,0,0,0,0,0.130404480691538,0.0184819219528943,0.0697153289369322,0.193799549905812,0.247845615957269,0.865843212996191,0.74711082783739,0.801971776596929,0.92494162426979,0.976978623571262,0.00445023157122833,0.000341255808713279,0.00215932565451102,0.00637169500127229,0.00826849689697059,0,0,0,0,0,0.596519809621276,0.37106978231791,0.479358407420195,0.718999652354177,0.865342454528563,0.263207703289745,0.0287539911369092,0.139092231491899,0.408666419922448,0.536878481951101,0.112059173203232,0.0207184433235624,0.058999868374187,0.179879044999175,0.247666906112528,0,0,0,0,0
dumoloc_river_zam24,NaN,0.447345271376459,0.284969708187684,0.363193177830298,0.531263204360351,0.605667060411164,0.126696683305154,0.0702809986776962,0.0942251155294465,0.152751783190389,0.177581217274152,0.425397626686125,0.262181643893058,0.340272112885367,0.511497030625149,0.600818408116582,0.677571130804609,0.376898915137925,0.533790984899319,0.815031359880353,0.961659215298087,0.450506534071436,0.347844451101873,0.392904982214805,0.506449206636296,0.56904897875586,0.435503044937678,0.27033229764827,0.363300358392077,0.499038890320828,0.579194230211982,0.118815992769145,0.020161946632698,0.0616203536719426,0.178280086008317,0.22187107439844,0,0,0,0,0,0.93991610930767,0.92820248618314,0.933432649558898,0.945417510128404,0.95013864793737,0.0600838906923296,0.0498613520626295,0.0545824898715959,0.0665673504411017,0.0717975138168597,0,0,0,0,0,0,0,0,0,0,0.312882516203243,0.0491915686058016,0.176749872405557,0.464553222562515,0.577770465944899,0.166288925581675,0.0526730042270231,0.105622991064198,0.228770724869243,0.27047618669922,0.514801329943024,0.236610222563185,0.368288682163938,0.672842724456911,0.812372727954386,0,0,0,0,0,0.126450431968826,0.012310177647355,0.0605392951380428,0.194655938034074,0.240620852660429,0.86836554223848,0.75413076972016,0.801589937449317,0.934154005088071,0.982837995667991,0.00440444792407356,0.000435601341103248,0.00212749373541619,0.00647161907059553,0.0083641517242569,0,0,0,0,0,0.619878767300305,0.372898826283003,0.491404382011494,0.73227473180148,0.869102959269443,0.237432487327163,0.0334290190298092,0.124342814114781,0.380140036871538,0.532856733763891,0.119592466016093,0.017537130715115,0.0601923460259724,0.201451037644414,0.253499971159226,0,0,0,0,0
pmb4_zam24,NaN,0.455578926711151,0.284359032918207,0.361166463841868,0.545360317466582,0.607048381611231,0.121340862541401,0.0701904714241588,0.0949860967644053,0.152688800257067,0.178937440814167,0.417548622362596,0.267927729970191,0.329661537860798,0.517176404644791,0.607333219422385,0.659910183694316,0.372352970884717,0.494185323357911,0.84215299252342,0.967212373992983,0.453357239939825,0.342567020438226,0.388110562802785,0.517605479920626,0.572383260058777,0.426494879175095,0.264001471040846,0.355271315223848,0.505467321713288,0.585791070598735,0.114279030966074,0.0179487836303422,0.0584410081087757,0.171591841811104,0.223224374270564,0,0,0,0,0,0.939046164513079,0.928320093210871,0.932955764874904,0.944578752865723,0.949438703288532,0.0609538354869205,0.0505612967114679,0.0554212471342771,0.0670442351250961,0.0716799067891289,0,0,0,0,0,0,0,0,0,0,0.327738025185714,0.0690611439388188,0.176643622743916,0.473524328681064,0.576210141943652,0.165707980701555,0.05493128715704,0.101700468006752,0.226076157929375,0.271667178631693,0.514767684120826,0.226491492825492,0.36482341614067,0.664641172158386,0.780802774000092,0,0,0,0,0,0.124697669003902,0.0169987883182957,0.0646877328526599,0.190471856507013,0.244889907075651,0.871118608328493,0.750056318270194,0.805964164302023,0.930084379274203,0.977518526989115,0.00468226432201699,0.000597626809543586,0.00232945228955473,0.00679112571996051,0.0082546670581451,0,0,0,0,0,0.613920998093971,0.376804014673101,0.472156926339754,0.737389080540935,0.875139488651365,0.241827747527586,0.0239297032305899,0.123848315550675,0.392524044306698,0.520290745533676,0.128370140668341,0.022017651278785,0.064074337996699,0.192871651487989,0.252859577411861,0,0,0,0,0
pmb34_zam24,NaN,0.435533482544914,0.276945699150031,0.34808393853604,0.538960483711244,0.607964724241916,0.127984290695911,0.0709657553636886,0.0954838981826615,0.154936666279712,0.177492468526168,0.435638917019228,0.245625643850547,0.341452694505077,0.527419150006968,0.615504691144904,0.688185872347392,0.373875706914704,0.524513002066439,0.861172710824111,0.971939099845371,0.460143717320723,0.349035367243624,0.395708410514079,0.522197202052218,0.572879450232972,0.42436703506607,0.242661960235239,0.350361525438611,0.499805092856193,0.577616225153593,0.107688733506002,0.024640830467738,0.0595676363392934,0.178600158557606,0.225288828646227,0,0,0,0,0,0.939604956484447,0.928702946104702,0.933646654694814,0.945734070968336,0.950155187588773,0.0603950435155534,0.0498448124112274,0.054265929031664,0.0663533453051864,0.0712970538952981,0,0,0,0,0,0,0,0,0,0,0.2956846172962,0.0528083754932903,0.153559983923182,0.458202582083277,0.576093043960003,0.16184861413771,0.0476951341857453,0.0985733276937419,0.220625549851,0.269531796553497,0.533577804499237,0.244538995676688,0.370431444007367,0.694846887244629,0.843752745284199,0,0,0,0,0,0.133203433345994,0.0157365065796341,0.0707063825559672,0.19560224260058,0.248239577277725,0.861155460181096,0.74710137852895,0.799421149523585,0.924768028733273,0.978955021740068,0.00450029157357377,0.000544205977063934,0.00217905833335953,0.00649783440369567,0.00818463371722135,0,0,0,0,0,0.602823526345325,0.365747076028035,0.467749707336836,0.72142974336213,0.872586462753653,0.270818901038611,0.0277204300513928,0.143631395984835,0.392764503901614,0.543281973310261,0.12238238456121,0.0180383683814079,0.0647460983365586,0.186696350909862,0.248362565484462,0,0,0,0,0
pmb3_zam24,NaN,0.442325045246418,0.275000250708628,0.353959697349172,0.543364261183759,0.611858258457248,0.120686744320992,0.0692798724582268,0.0908616911965657,0.154067864458615,0.17840099037123,0.437537398086738,0.250326165658242,0.336714852776441,0.524069300006661,0.62302026985134,0.677482103891877,0.373509206410165,0.523805065445215,0.824024025035986,0.97218420244912,0.463334559453215,0.349638189342465,0.404522853032901,0.526019536320944,0.570585518494656,0.423372351028277,0.254417372071531,0.33929654244054,0.48661283030862,0.578081145363336,0.122817627236874,0.0163115728747569,0.0627783843537724,0.173534363420811,0.223339682803775,0,0,0,0,0,0.938694622814598,0.927756462774277,0.932796239787533,0.944623559270381,0.949473685015749,0.0613053771854017,0.0505263149842508,0.0553764407296193,0.0672037602124674,0.072243537225723,0,0,0,0,0,0,0,0,0,0,0.293493783228524,0.0441364067827137,0.161551909869426,0.447617487053527,0.571624780910322,0.169277556519284,0.0578637467023979,0.103795814330072,0.227723920454185,0.268452686986271,0.543573648004816,0.229684711529139,0.396994629491855,0.683800659073159,0.817428431648397,0,0,0,0,0,0.123517569729464,0.0149143558342084,0.0586195269730078,0.186024427705171,0.248173381791863,0.870928946369074,0.748579544305688,0.810085154127616,0.935864406740462,0.981738433678022,0.0042133502035854,0.000370101182569262,0.00225692693567185,0.00644195858344859,0.0084837893081654,0,0,0,0,0,0.584736689674666,0.370478422832492,0.463183726589912,0.71847292179529,0.862959150515861,0.27129487397449,0.0343432151708494,0.137999755562054,0.389960515013301,0.527271832489916,0.120284731589514,0.0180465544613627,0.0592280029138843,0.199596303017889,0.25529934501594,0,0,0,0,0
pmb2_zam24,NaN,0.436759444226931,0.279698561331055,0.344175019515465,0.534237969325224,0.608310451337397,0.126618954618862,0.0680184874664254,0.0959377013957656,0.159778918641156,0.179833312194022,0.437907629944702,0.259479379018089,0.339631068932134,0.520860622237824,0.618856329365989,0.663268390525667,0.389521432336401,0.511186879485572,0.82762303122334,0.955493087150805,0.454293810828541,0.342038463969474,0.390138092354748,0.523452905893237,0.569231870661673,0.415571888819065,0.264612179248992,0.356053186377296,0.481859102303502,0.572851061130381,0.125778054246865,0.0222508141409667,0.0702499871581429,0.17688511578085,0.220731189111575,0,0,0,0,0,0.939823452023831,0.927617624986721,0.932483372158413,0.946071654572144,0.95012475264999,0.0601765479761695,0.04987524735001,0.0539283454278559,0.0675166278415871,0.0723823750132792,0,0,0,0,0,0,0,0,0,0,0.320945707245658,0.0436359206524733,0.160052119876308,0.455962377667742,0.558030319286939,0.157232516050733,0.054366712595632,0.0959604068069465,0.221298511873323,0.266915958974236,0.536411381677706,0.222790567088369,0.38112487115971,0.671023507242556,0.831636834431999,0,0,0,0,0,0.130237560826744,0.0144208239625874,0.0622093398625864,0.200863831219126,0.24851653259946,0.864569325448394,0.747799715858785,0.795296121605356,0.931504826037537,0.980814638393195,0.00446450945000597,0.000429885123113592,0.00230325220875921,0.00671144689411155,0.00824267592128768,0,0,0,0,0,0.616510949926634,0.381978639652899,0.484367676183723,0.749749533380862,0.873472259855204,0.253815798308998,0.0199002836139526,0.114471671809379,0.358166218943201,0.509700646071578,0.126878431736456,0.0180589521887648,0.0624113092650871,0.198833999949086,0.250938787822624,0,0,0,0,0
pmb1_zam24,NaN,0.452076103006492,0.278417880911374,0.352975385268663,0.545957219971522,0.608505234867761,0.121746633452461,0.0689698564198079,0.0945205185023188,0.153009106376017,0.178201523542469,0.420980753812419,0.251389713544198,0.333310127722061,0.522161844223976,0.616476782682997,0.671780606817429,0.373374814218754,0.503581549925108,0.821474504573909,0.956357030396328,0.447376318917146,0.346681902171944,0.386286869932338,0.513955706293899,0.566338621275962,0.431523915768767,0.270422509389371,0.362904730788745,0.501089140936543,0.587053784419484,0.114165281496238,0.0155369791039912,0.0607363589779871,0.167824898796545,0.224175611481555,0,0,0,0,0,0.939458086694509,0.928063313918719,0.932637499008862,0.945581212573749,0.950417763906095,0.0605419133054912,0.049582236093905,0.0544187874262509,0.0673625009911381,0.0719366860812813,0,0,0,0,0,0,0,0,0,0,0.320262853901176,0.0526984209625596,0.167315777721078,0.469618313027864,0.568403758009932,0.164560725982903,0.0527973667565573,0.102119417947839,0.223482440041713,0.273119535037408,0.511383987906259,0.242824387053362,0.378904877536127,0.664434724722959,0.832314112168228,0,0,0,0,0,0.127453238330724,0.0150517827412779,0.0609503013466976,0.199017632451177,0.248908885001691,0.86889865573342,0.747571875286637,0.795649160844204,0.934557415091402,0.980725432958041,0.00409806901615294,0.000388353535567724,0.00207994226403694,0.00631394866101141,0.00824142138376883,0,0,0,0,0,0.60580867825214,0.373935426495609,0.486027899782995,0.737030336788496,0.869612747875018,0.251498218140013,0.0313066151717144,0.127747489212478,0.377306528493546,0.537418336974769,0.120083077988665,0.0222148607034415,0.0650340716100936,0.192241429935662,0.25122633922473,0,0,0,0,0
sc6_zam24,NaN,0.456265424437761,0.272765829037316,0.348473149120339,0.536431193240303,0.606977954129849,0.123746419871659,0.0685106652057974,0.0910876508888925,0.155987984537284,0.177750174369947,0.416034557373621,0.254201916161669,0.337243851635249,0.531820724191662,0.610324734643728,0.666743830316417,0.38545638019412,0.503027683764809,0.846401159074556,0.960862393693104,0.443691165235261,0.347987910825913,0.391129963982467,0.512272222762369,0.567760967863232,0.425928821545734,0.262516110674836,0.362042100883125,0.502477040922262,0.597566649477781,0.124074084636571,0.0130449563600837,0.0591979578604429,0.181694683197172,0.220897319533091,0,0,0,0,0,0.938910060756583,0.927811259686829,0.933655760374906,0.944588024337564,0.949713625659396,0.0610899392434167,0.0502863743406037,0.0554119756624358,0.0663442396250942,0.0721887403131714,0,0,0,0,0,0,0,0,0,0,0.306175650698687,0.0601178155680558,0.165789270903036,0.447709493139233,0.567893279783574,0.166587182520127,0.0569211238879788,0.101227638049342,0.219121284368056,0.268427421644176,0.534230617114,0.253238462809251,0.39900444118156,0.672007793920864,0.802776648959531,0,0,0,0,0,0.099162164426467,0.0138576623101215,0.0492232346031602,0.161532548655489,0.229926253835443,0.896510925043525,0.766851703070075,0.833819161804676,0.945822925495141,0.981951931495777,0.00440697957914602,0.000486495631934747,0.00228986210111563,0.006436175125521,0.00815939101546999,0,0,0,0,0,0.665449460738191,0.403743401863562,0.552749363764489,0.766037836916677,0.895538046406315,0.197228393145804,0.0171503219846421,0.0994333154875095,0.330218490371456,0.491357659324901,0.112303195127459,0.0208425068470816,0.0550700505517611,0.178661796914878,0.248486629520039,0,0,0,0,0
sc7_zam24,NaN,0.437346379814161,0.27545148158666,0.355313245653155,0.532932367686623,0.608543962883433,0.123735221181453,0.0705930637967829,0.0916141351765439,0.155613982552828,0.178753736257837,0.432970577529317,0.252460063078694,0.343248760082372,0.522880075512756,0.608200690708992,0.639055178317511,0.373945821411921,0.474258553110501,0.81592156002054,0.961327743517758,0.452590197899391,0.344380481409673,0.393120849229341,0.516386905091413,0.572291638241562,0.439193869824082,0.270759113609638,0.363015195573527,0.499419548995382,0.593785500262572,0.103842073527191,0.0137456421676859,0.0598609775078785,0.171200973192676,0.221159533401396,0,0,0,0,0,0.938826281620149,0.928058894165873,0.933325569303976,0.945077450231777,0.949796892318807,0.0611737183798514,0.0502031076811931,0.0549225497682226,0.0666744306960242,0.0719411058341268,0,0,0,0,0,0,0,0,0,0,0.284320354411083,0.0412810292052052,0.146698836809911,0.427831212559527,0.562221645661579,0.162633684669744,0.0533823020101015,0.0997380629662723,0.222508746142956,0.268262260008383,0.550451389045847,0.250847804091282,0.399191181427998,0.681238246262603,0.831876076546451,0,0,0,0,0,0.0946903099880578,0.00894803099125663,0.0462905719174805,0.163152706112354,0.228970184008283,0.900891746245612,0.765736712013254,0.832353584575731,0.949372050556207,0.984371020916418,0.00434057634795287,0.000428432685070642,0.00222384021571857,0.0065653527648648,0.00832348820128421,0,0,0,0,0,0.663033928915275,0.420286494292364,0.544253266906552,0.79218756719312,0.911511466512039,0.178417215158743,0.0167143094183353,0.080604103189685,0.313109855445357,0.456645631984879,0.120807523292641,0.01977216423512,0.0681377930015678,0.191162717133954,0.251646718466785,0,0,0,0,0
sc4_zam24,NaN,0.431958670739142,0.276084447852932,0.347150026929078,0.528033808127125,0.603942924866663,0.122078146613173,0.0699208555287746,0.0922658446250779,0.154284321166993,0.179426209505611,0.45103734372254,0.262432087768309,0.352349803259983,0.528736443661343,0.609543285150997,0.655442262033265,0.370000602700648,0.498098789149012,0.812594540567395,0.955977952335327,0.456029186110563,0.34855731151899,0.398486542815587,0.52005617577912,0.569649820922286,0.420787327454588,0.249570301652974,0.35059576264506,0.495745240130209,0.584314738511841,0.120073097488926,0.019119223461425,0.0619825079370286,0.178450618124289,0.224569848311311,0,0,0,0,0,0.938287004888147,0.928065404882986,0.932461068705351,0.944089759275763,0.94980685300805,0.0617129951118535,0.0501931469919504,0.0559102407242369,0.0675389312946489,0.071934595117014,0,0,0,0,0,0,0,0,0,0,0.292774835096719,0.0565910969292919,0.166917780547022,0.438251943078454,0.564888475245482,0.158285167105924,0.0520036712919494,0.0952933694974789,0.221922837444795,0.271153863995773,0.544545082340659,0.250871209154632,0.386201441004464,0.683760538710978,0.826808816941229,0,0,0,0,0,0.10788899664346,0.0119554128355483,0.0568510172978368,0.18086647852126,0.240424686346112,0.888486623272466,0.754106816831666,0.81297125794848,0.937186144763421,0.982327486800563,0.00413000566959742,0.000406475518337506,0.00180819435011553,0.00673914506090159,0.00830745123206494,0,0,0,0,0,0.63736801608782,0.390296857139128,0.504477071415212,0.751397653036386,0.880873714086579,0.232143821353987,0.0265084191264999,0.116919454481348,0.34679327794608,0.499919745564229,0.11908527128709,0.0187879679231454,0.0605357353616951,0.188592744084015,0.24455237850874,0,0,0,0,0
sc1_zam24,NaN,0.383939640558043,0.273276537652476,0.319771271556372,0.485993374749076,0.578817575102469,0.11639351148193,0.0669413259683268,0.0852244830636915,0.148569247326581,0.178497008475275,0.500878893955236,0.296760925394497,0.401415783448465,0.560379148593423,0.634443332331611,0.676775142835466,0.420356753576757,0.533021157366997,0.838692046539943,0.962498819755742,0.457982354363085,0.342814685373946,0.398586538411924,0.519307388650786,0.571079850667893,0.4158189274528,0.25085524306725,0.34903734697785,0.494103476520112,0.600246332911829,0.122922386865081,0.0166897534404815,0.0616316303787153,0.187043103338335,0.226998641680188,0,0,0,0,0,0.939163046012579,0.927801783811566,0.932994469567947,0.945384030618563,0.950127872258841,0.0608369539874206,0.0498721277411592,0.0546159693814374,0.0670055304320527,0.0721982161884345,0,0,0,0,0,0,0,0,0,0,0.164913387554814,0.0343956019663458,0.0880460103108409,0.259475061846847,0.423755694979587,0.136999087271901,0.0509265400087447,0.0839350128164126,0.197898945079771,0.255640304854431,0.681522213560049,0.448341307655339,0.58960375245113,0.760352515140668,0.845952271403173,0,0,0,0,0,0.133462217298248,0.0140014180074296,0.0636900573682885,0.1915724086464,0.243221916727507,0.863657500929753,0.752025140444456,0.805723701031217,0.933034507114666,0.981831235026316,0.00428395108403588,0.00045684237822334,0.00221636879273389,0.00667628590551372,0.00847946322765647,0,0,0,0,0,0.654702769048644,0.413332488314678,0.537741878136531,0.774489851110807,0.882832686650238,0.221984177524952,0.0272692581398874,0.112439123481815,0.354960000405116,0.485129247301545,0.0968286643569751,0.015164930097287,0.0429934655436575,0.166052684354155,0.231359023006083,0,0,0,0,0
lawis_river_zam24,NaN,0.420598319598697,0.27154019242994,0.343724370875111,0.512667672601335,0.601006079485994,0.123192621576616,0.0702943135606159,0.0914147481390231,0.150679543736046,0.179062243199829,0.455096587416491,0.279788380481912,0.357659074039737,0.538424164747436,0.606230831949509,0.659831683474818,0.376660304096737,0.51021808605641,0.833476007672275,0.967346299168046,0.453366654032213,0.34593269714465,0.397637863762491,0.525253863908875,0.574299402704132,0.419751908429965,0.257075711965745,0.340361427294881,0.490233192876553,0.576780901170046,0.126289871024397,0.0209376422013051,0.066489988024722,0.18120837357986,0.230353531770912,0,0,0,0,0,0.939889553905352,0.927927609953522,0.933690569420532,0.945656493816103,0.950397735433472,0.060110446094648,0.0496022645665283,0.0543435061838975,0.0663094305794679,0.0720723900464777,0,0,0,0,0,0,0,0,0,0,0.325360986091827,0.0599702222140768,0.173061167273444,0.448432474955677,0.567676856070451,0.170719505146536,0.0507744789079243,0.0962792566307883,0.222039690490865,0.270394447354584,0.523591604464791,0.22407660958533,0.392209730131456,0.680750230236235,0.809293665755487,0,0,0,0,0,0.127389665082572,0.0158081802490911,0.0709848711505361,0.191519316749603,0.242402399357584,0.868474606496196,0.751540026156998,0.804476819943785,0.925033383920105,0.979113385762455,0.00461172432683803,0.000309784722124013,0.00217908699442075,0.00686424664991216,0.00830081980608883,0,0,0,0,0,0.598673625745618,0.381533452130227,0.485037486594356,0.738163040866626,0.876804834884828,0.244797861977152,0.0313293574978223,0.12589873527774,0.377544641563084,0.513583133013693,0.128521542001904,0.0207406346471575,0.0733564701110797,0.190457772801069,0.247662854718712,0,0,0,0,0
masinloc_river_zam24,NaN,0.445038987419797,0.278920374218885,0.360045230345708,0.531463121615939,0.599617197616083,0.118894187279259,0.0683808653315957,0.0924636329114598,0.148089413164056,0.179354257064773,0.430180678364695,0.275469535810443,0.349578658993928,0.516602236087086,0.608198595556051,0.671605867236624,0.386302178400273,0.505455399992541,0.840918712380064,0.972935389761685,0.462071945438201,0.347890215195642,0.399931722346523,0.52290597602518,0.575035278628815,0.415615658372619,0.243452916799202,0.339189362388343,0.479661467519912,0.572461396540408,0.124985235558596,0.0204834712697566,0.068843144234492,0.185672567533458,0.229539615736639,0,0,0,0,0,0.938760803956472,0.928045033004966,0.933301110543506,0.944720748261032,0.949942642028567,0.0612391960435284,0.0500573579714333,0.0552792517389678,0.0666988894564938,0.0719549669950343,0,0,0,0,0,0,0,0,0,0,0.284488459458118,0.0458140914560618,0.147987260285957,0.443549694060924,0.560610482778603,0.166766881997083,0.0543591972803367,0.102892995801598,0.225286089019803,0.266752659601333,0.563187431146318,0.218559186147108,0.378274668547876,0.679231277352131,0.828331940834112,0,0,0,0,0,0.114145969509341,0.0142483817248992,0.0591167081972456,0.18568596775196,0.243908466864491,0.879480141284978,0.75146830456345,0.81231562377824,0.935313541754565,0.981522745945236,0.00416251444593906,0.000495584241261293,0.00210351981107835,0.00648422340814779,0.00831486085577283,0,0,0,0,0,0.618284728965112,0.376046239031863,0.495475962948976,0.741327351332642,0.862757121507261,0.241241296498862,0.0283629564494189,0.129479469425197,0.383502173126858,0.521302338873073,0.121019318764585,0.0206944371845663,0.0648252174260593,0.183902990480658,0.246559641548968,0,0,0,0,0
salasa_river_zam24,NaN,0.432368271740715,0.276119632826927,0.341321642691848,0.525870901412591,0.608038985647798,0.125217687285193,0.0709004351807698,0.0953368745508587,0.154037864429641,0.177076134140146,0.440505977868573,0.26818067523493,0.348723478440315,0.528397012795583,0.610161153873625,0.661449274898062,0.374464453631902,0.488742817167557,0.819068907788078,0.952679250472472,0.454017859114217,0.345946322517757,0.397191603191201,0.516417608560422,0.567823189166588,0.42399685629513,0.266750973548738,0.366080188529597,0.498469511102826,0.591758665089523,0.118525925621046,0.01848770060136,0.0601603465959146,0.16660147098217,0.220783831600197,0,0,0,0,0,0.938425925508333,0.927825078809478,0.93257857732267,0.943990176488852,0.94985907672545,0.0615740744916667,0.0501409232745502,0.0560098235111479,0.0674214226773298,0.0721749211905222,0,0,0,0,0,0,0,0,0,0,0.310697228792347,0.0527324095811832,0.184632741723147,0.440767772168123,0.568227001898949,0.158761067318382,0.0570589178074541,0.103811347059007,0.22008550280215,0.265302044863763,0.52588527423712,0.235294251440244,0.385390062903119,0.674178694385193,0.793328396485242,0,0,0,0,0,0.125823148846116,0.0175589994918214,0.0631407439512798,0.195135775808668,0.245348277318642,0.869823626275221,0.749833405018549,0.80327073840313,0.93197064406891,0.977256628545768,0.00477195609604322,0.000439834827002392,0.00225369154428102,0.00698863455525479,0.00835760965330037,0,0,0,0,0,0.628962969227012,0.366278054742297,0.478665687642647,0.748020724777554,0.900780458010968,0.23485423743515,0.0195015858112974,0.12211045787201,0.382085084117813,0.533921755662047,0.118991357770519,0.0211884058989884,0.0628080353385166,0.18725886544054,0.250901603453159,0,0,0,0,0
bagsit_river_zam24,NaN,0.425777867663734,0.279212779719172,0.343613677989957,0.516130853954339,0.599266294851684,0.128542721320115,0.071935918593783,0.0973356132279182,0.154155130574656,0.178660837471325,0.445694732750136,0.267047561564038,0.361810197852968,0.529857817265062,0.607308518133949,0.693446731005257,0.377577113719294,0.514386387642626,0.852631482276124,0.965736823199187,0.452635453057519,0.343600041747588,0.394262652863398,0.521534633290655,0.576531576759026,0.42890170553884,0.248239070855459,0.346870969490165,0.502850900986495,0.591295926981569,0.117585200929725,0.0149724555414128,0.0603220614460262,0.177319814877098,0.224435520870618,0,0,0,0,0,0.938960243044183,0.927949243019538,0.932395804602858,0.945276944645422,0.950121235539209,0.0610397569558166,0.0498787644607909,0.0547230553545784,0.0676041953971418,0.0720507569804626,0,0,0,0,0,0,0,0,0,0,0.281923109546716,0.0553319025642806,0.168027697468646,0.448834898722182,0.570727749414398,0.158239030502723,0.0523828986207428,0.100399694015092,0.221510365420057,0.265712117731054,0.557994419540611,0.242568775534153,0.389205030049545,0.666901808357954,0.807471744063102,0,0,0,0,0,0.12389921690907,0.0157963134793757,0.072392771465016,0.175589013145075,0.244398409835358,0.869989523153297,0.751383338061253,0.81824524150896,0.923324602948629,0.980076640297733,0.00459044156375661,0.000389199185644323,0.00222257223058796,0.00649768848053286,0.0084316963644999,0,0,0,0,0,0.639428701803944,0.379738358989545,0.528069864792498,0.766097732067576,0.873786181202626,0.210499802919148,0.0199413819802428,0.102445257019523,0.338645317389486,0.498872226164524,0.12120097478406,0.0226927574402679,0.0616694812000773,0.193222730773104,0.251627326875558,0,0,0,0,0
bancal_river_zam24,NaN,0.407597394754912,0.272213591830871,0.324202200858704,0.505332214533672,0.602187312832839,0.117777085159726,0.0679234848721753,0.0874782331373184,0.15402604383155,0.181577244028484,0.472398863763745,0.279186489375981,0.376150124525755,0.543484677633873,0.631482991774148,0.67159097642545,0.367402953829588,0.507218263263193,0.81823978089782,0.97010126663997,0.461840086975936,0.343889227583978,0.398876925377081,0.517994613983853,0.571724981398832,0.418767857619699,0.257128917246555,0.347965405352085,0.479570381240959,0.581034829664073,0.131038945053975,0.0213322968455653,0.0705496261713622,0.184659159020052,0.229079689705545,0,0,0,0,0,0.938315884721449,0.92834055307123,0.932865399214722,0.945116901047893,0.949959716786858,0.0616841152785514,0.0500402832131419,0.0548830989521074,0.0671346007852775,0.0716594469287703,0,0,0,0,0,0,0,0,0,0,0.171858557366179,0.0373021374894381,0.0951638315604518,0.262312560661336,0.404606928065108,0.136101450185144,0.0537860069195219,0.0849794212588779,0.204321569071714,0.26010687660873,0.676596868574738,0.444538470332334,0.576562067177037,0.755299609914889,0.854893061071814,0,0,0,0,0,0.123820454253325,0.0208729655215257,0.0600332696172958,0.18980242535489,0.246179780132762,0.871713053489816,0.748928137874849,0.806144602656697,0.937301778031523,0.975924730994268,0.00419141886689252,0.000299931840732026,0.00200873943228378,0.00628357649997066,0.00810330355838115,0,0,0,0,0,0.669944129072783,0.412189714634801,0.541846841856977,0.774166749359944,0.893624482701135,0.206882365778499,0.0202216989798961,0.103534514589334,0.329611620272352,0.492687784543386,0.106477137750596,0.0162751478884583,0.0538512473132867,0.179608773501921,0.253232779912173,0,0,0,0,0
bucao_river_zam24,NaN,0.453939526061716,0.285994020478797,0.361024840058036,0.538509828561544,0.605518361068085,0.128547165739551,0.0712385095952536,0.095662509185195,0.15588095943498,0.177788202159562,0.420161527573577,0.254494624076632,0.338462554600493,0.511539199613647,0.600027800344011,0.676839725288447,0.372128127839623,0.522260108128319,0.810963006773372,0.964291849163966,0.452079730564642,0.344347226089617,0.393633970645274,0.517070454122588,0.568438122988363,0.413882026158299,0.260261872396168,0.354545714449517,0.491523192617377,0.589850631863998,0.120779012295648,0.0206540347856375,0.0694514884122705,0.180234911904712,0.22324471476394,0,0,0,0,0,0.940258135996715,0.928810474741634,0.93398510225131,0.946116212741663,0.950210206814146,0.0597418640032851,0.0497897931858537,0.0538837872583366,0.0660148977486903,0.0711895252583659,0,0,0,0,0,0,0,0,0,0,0.318951698480285,0.059870389458559,0.164890379879741,0.45671365558161,0.562405358442329,0.165008564968784,0.0562313865670893,0.107413610289562,0.216480809379745,0.264592238641606,0.516150944991744,0.242895687541549,0.382009234277073,0.676950824771529,0.810816412873068,0,0,0,0,0,0.128494364416235,0.0125806725145349,0.0576081246901218,0.191596445164131,0.246451518536602,0.867630497892367,0.749427256391902,0.803571242099409,0.937858907051453,0.983687603212416,0.00444927028457144,0.000370611686504097,0.001962191744841,0.00659882891702033,0.0083158529097215,0,0,0,0,0,0.61081456770342,0.371800795064275,0.472220678425974,0.732477053976638,0.882494453765645,0.260779856255333,0.0313963296573355,0.135346827681084,0.390341552415142,0.549767392988093,0.11500243652911,0.0229232979012055,0.0571146502767291,0.185138883160368,0.243484391092519,0,0,0,0,0
dapya_river_zam24,NaN,0.447400756681726,0.278139662239098,0.362537025916325,0.542537579992874,0.60575985357105,0.124771160964075,0.0703626468433334,0.0904807413338034,0.155043612235634,0.178377079451026,0.431870991370116,0.261202234209739,0.335506020352125,0.515738167398049,0.592427615012307,0.682268086855561,0.363700002880387,0.500949525931126,0.834705258943178,0.941475080384658,0.450731209917305,0.344903986235579,0.394828039632603,0.5140699226394,0.568199246853863,0.423453455233274,0.271783006856342,0.353892050186459,0.494746924710001,0.592675127790031,0.121261093896275,0.0156409456080652,0.062836376542097,0.181642031453788,0.224624576379724,0,0,0,0,0,0.938901048404147,0.928053300357211,0.932944279062198,0.94509494493892,0.949876004026833,0.0610989515958528,0.0501239959731666,0.0549050550610802,0.0670557209378019,0.0719466996427889,0,0,0,0,0,0,0,0,0,0,0.2738148217908,0.0530399193616606,0.148829708878488,0.429700291080155,0.561220269255437,0.161482745431666,0.0528900058823634,0.105247681729726,0.217099767554086,0.263599859189576,0.566240407229758,0.263295844367145,0.399236636550488,0.689396031241113,0.822294864376954,0,0,0,0,0,0.117296109440706,0.0159835320754835,0.0602029430174408,0.177709762477941,0.237754955749968,0.879733169616456,0.756814935810914,0.819617020323754,0.935954137521427,0.979606912199481,0.00447157005754141,0.000235925710865436,0.00200389841382992,0.00665386777014027,0.00842078736025116,0,0,0,0,0,0.63161042041283,0.387440426579126,0.50904946586601,0.751757432207286,0.878410999380893,0.216365592510226,0.0230130018022334,0.118412060756261,0.35572324892017,0.511194855123299,0.127418533189326,0.0197964777822302,0.0624050296312509,0.182202940361035,0.251707100145265,0,0,0,0,0
maloma_river_zam24,NaN,0.435949440945404,0.280177793951656,0.351229520289472,0.53368311302411,0.605545890955555,0.124297865504007,0.0702413317458223,0.093853147655139,0.155116148096849,0.179824523067525,0.433746835713571,0.259086768379099,0.347842343295582,0.521942676645061,0.604958159488887,0.649032824633246,0.36631491774283,0.493719027251976,0.861145183400755,0.980245135233653,0.456238374612559,0.34194487065775,0.392878315464397,0.522196562321259,0.571823979248292,0.426729791466123,0.25425629709299,0.354643863105636,0.498389987794617,0.576814913051739,0.116375016589346,0.0182327983407685,0.0626580676196822,0.174327605577048,0.223686639764892,0,0,0,0,0,0.939245448962048,0.928146598049806,0.933246063977585,0.945645520470536,0.949680010230466,0.0607545510379517,0.0503199897695335,0.0543544795294637,0.0667539360224144,0.0718534019501943,0,0,0,0,0,0,0,0,0,0,0.340520034415968,0.0545721930629165,0.173875928729044,0.45746226608693,0.55902725021949,0.162443698408438,0.0489321265848915,0.0959546059265924,0.22223555620193,0.268779282988016,0.520362012541329,0.237028533239658,0.385064561490467,0.658666756642353,0.81159147116801,0,0,0,0,0,0.126495973284142,0.0144449450443511,0.0658224241598308,0.194921594498338,0.240584557250306,0.866521348147988,0.75486678996162,0.801312473747501,0.929887432323641,0.981089330316755,0.00448165090350531,0.000513315608320166,0.00225784664117786,0.00651100260961532,0.00827113639914921,0,0,0,0,0,0.615489808950476,0.376532331915962,0.499413544386985,0.734633523596172,0.866774055022046,0.241871438677408,0.0221362717111846,0.124579158942732,0.384826629468553,0.539680645762999,0.115926881804927,0.0202614321159534,0.0560086529528122,0.182849245351341,0.249093917896532,0,0,0,0,0
