sample_id,Ca,Mg,Na,Cl,Si,Sr,Sr8786_x_Sr,F_Ca_prec,F_Ca_prec_pct25,F_Ca_prec_pct75,F_Mg_prec,F_Mg_prec_pct25,F_Mg_prec_pct75,F_Na_prec,F_Na_prec_pct25,F_Na_prec_pct75,F_Cl_prec,F_Cl_prec_pct25,F_Cl_prec_pct75,F_Si_prec,F_Si_prec_pct25,F_Si_prec_pct75,F_Sr_prec,F_Sr_prec_pct25,F_Sr_prec_pct75,F_Sr8786_x_Sr_prec,F_Sr8786_x_Sr_prec_pct25,F_Sr8786_x_Sr_prec_pct75,F_Ca_bslt,F_Ca_bslt_pct25,F_Ca_bslt_pct75,F_Mg_bslt,F_Mg_bslt_pct25,F_Mg_bslt_pct75,F_Na_bslt,F_Na_bslt_pct25,F_Na_bslt_pct75,F_Cl_bslt,F_Cl_bslt_pct25,F_Cl_bslt_pct75,F_Si_bslt,F_Si_bslt_pct25,F_Si_bslt_pct75,F_Sr_bslt,F_Sr_bslt_pct25,F_Sr_bslt_pct75,F_Sr8786_x_Sr_bslt,F_Sr8786_x_Sr_bslt_pct25,F_Sr8786_x_Sr_bslt_pct75,F_Ca_carb,F_Ca_carb_pct25,F_Ca_carb_pct75,F_Mg_carb,F_Mg_carb_pct25,F_Mg_carb_pct75,F_Na_carb,F_Na_carb_pct25,F_Na_carb_pct75,F_Cl_carb,F_Cl_carb_pct25,F_Cl_carb_pct75,F_Si_carb,F_Si_carb_pct25,F_Si_carb_pct75,F_Sr_carb,F_Sr_carb_pct25,F_Sr_carb_pct75,F_Sr8786_x_Sr_carb,F_Sr8786_x_Sr_carb_pct25,F_Sr8786_x_Sr_carb_pct75,F_Ca_flsc,F_Ca_flsc_pct25,F_Ca_flsc_pct75,F_Mg_flsc,F_Mg_flsc_pct25,F_Mg_flsc_pct75,F_Na_flsc,F_Na_flsc_pct25,F_Na_flsc_pct75,F_Cl_flsc,F_Cl_flsc_pct25,F_Cl_flsc_pct75,F_Si_flsc,F_Si_flsc_pct25,F_Si_flsc_pct75,F_Sr_flsc,F_Sr_flsc_pct25,F_Sr_flsc_pct75,F_Sr8786_x_Sr_flsc,F_Sr8786_x_Sr_flsc_pct25,F_Sr8786_x_Sr_flsc_pct75,F_Ca_umfc,F_Ca_umfc_pct25,F_Ca_umfc_pct75,F_Mg_umfc,F_Mg_umfc_pct25,F_Mg_umfc_pct75,F_Na_umfc,F_Na_umfc_pct25,F_Na_umfc_pct75,F_Cl_umfc,F_Cl_umfc_pct25,F_Cl_umfc_pct75,F_Si_umfc,F_Si_umfc_pct25,F_Si_umfc_pct75,F_Sr_umfc,F_Sr_umfc_pct25,F_Sr_umfc_pct75,F_Sr8786_x_Sr_umfc,F_Sr8786_x_Sr_umfc_pct25,F_Sr8786_x_Sr_umfc_pct75,F_Ca_clay,F_Ca_clay_pct25,F_Ca_clay_pct75,F_Mg_clay,F_Mg_clay_pct25,F_Mg_clay_pct75,F_Na_clay,F_Na_clay_pct25,F_Na_clay_pct75,F_Cl_clay,F_Cl_clay_pct25,F_Cl_clay_pct75,F_Si_clay,F_Si_clay_pct25,F_Si_clay_pct75,F_Sr_clay,F_Sr_clay_pct25,F_Sr_clay_pct75,F_Sr8786_x_Sr_clay,F_Sr8786_x_Sr_clay_pct25,F_Sr8786_x_Sr_clay_pct75,F_norm_prec,F_norm_25_prec,F_norm_75_prec,F_norm_bslt,F_norm_25_bslt,F_norm_75_bslt,F_norm_carb,F_norm_25_carb,F_norm_75_carb,F_norm_flsc,F_norm_25_flsc,F_norm_75_flsc,F_norm_umfc,F_norm_25_umfc,F_norm_75_umfc,F_norm_clay,F_norm_25_clay,F_norm_75_clay
lawis_river_schopka,63,833,55,39,390,0.137,0.70383,0.368394417,0.290809223,0.502744146,0.007856801,0.00580616,0.010186914,0.433311602,0.331141672,0.581939001,0.999999618,0.981457022,1.004519138,0,0,0,1.273173056,0.570173353,2.685770563,1.282896599,0.574506866,2.706241095,3.625689432,1.857987785,5.113651578,0.271419545,0.125754144,0.424770883,0.716415844,0.277699255,1.416417909,0,0,0,2.615223458,1.397584527,3.665297828,0.911288992,0.438869726,1.612333808,0.912138359,0.439427755,1.612338014,1.825297802,0.681001752,3.813632365,0.008676302,0.00311443,0.018301164,0,0,0,0,0,0,0.002837864,0.000961527,0.00581452,1.156783603,0.398362587,2.364935322,1.165323207,0.400858115,2.38181436,0.244033188,0.061635077,0.743281482,0.01377655,0.004342886,0.030140331,0.81995003,0.293961749,1.59914232,0,0,0,1.025722681,0.290712812,1.787263767,0.975757557,0.281484994,2.036566518,0.975760132,0.281792234,2.037451156,1.204372038,0.579356017,2.035029025,0.852169227,0.649729513,0.965744107,0.060017888,0.030055359,0.094145745,0,0,0,1.314998124,0.959124063,1.862125354,6.868566806,4.479073783,9.491651952,6.860856767,4.475886272,9.493634288,-7.621479268,-9.706746663,-5.378263077,-0.143314237,-0.258690834,-0.076830421,-1.332308343,-2.184926226,-0.702763261,0,0,0,-4.277101938,-5.513093615,-2.977450104,-12.02692026,-15.78816337,-8.524006882,-12.05341107,-15.81603016,-8.529400275,0.056337578,0.046170555,0.075008878,0.54688402,0.26844228,0.792237448,0.128591399,0.048105109,0.268180449,0.088515204,0.029219348,0.171430756,0.860622516,0.643267886,0.99993652,-0.777928221,-0.974682813,-0.565919207
bulsa_river_ds_schopka,500,612,358,41,632,0.6,0.70433,0.050925923,0.039365585,0.067028117,0.012025579,0.008917077,0.015447958,0.070965183,0.053261608,0.089480993,0.999999376,0.999757958,1.000085282,0,0,0,0.584518187,0.234743976,0.977987984,0.588540568,0.236393189,0.984651187,0.846421884,0.479990021,1.145467318,0.629231691,0.400026489,0.854412685,0.301569547,0.092682366,0.556767683,0,0,0,2.683976545,1.795814847,3.463910227,0.414673849,0.224578222,0.714776707,0.413916815,0.224527641,0.713830966,1.166470577,0.788675019,1.681362581,0.06198795,0.04097353,0.089010006,0,0,0,0,0,0,0.008508012,0.005886565,0.01212785,1.25397912,0.864020453,1.82713247,1.260968115,0.869128954,1.83845857,0.196860347,0.083998128,0.414454078,0.112447359,0.05909048,0.207612543,0.921738053,0.607058922,1.170335487,0,0,0,2.648308789,1.875837638,3.695156866,1.375151323,0.895911796,2.030478654,1.373749835,0.895815773,2.027358249,0.094992365,0.03719546,0.19212451,0.621689476,0.36330378,1.004070995,0.004448961,0.00174202,0.008463411,0,0,0,0.493475763,0.263482685,0.779527511,1.650510816,0.83687469,2.500496399,1.650171568,0.838530419,2.497604267,-1.537575301,-1.907031983,-1.192102154,-0.499563826,-0.787425084,-0.290560453,-0.299581755,-0.559537917,-0.145798246,0,0,0,-5.073898812,-5.987169058,-4.17884253,-4.944768478,-6.028875659,-3.761285472,-4.956902059,-6.039982956,-3.768255259,0.037791696,0.032493244,0.048867935,0.647341988,0.401712143,0.888014394,0.422803185,0.283839704,0.607610048,0.364246999,0.245328758,0.497519331,0.301779811,0.170953597,0.492573528,-0.908978575,-0.99999878,-0.743689355
camiling_river_us_schopka,460,842,213,33,603,0.423,0.70394,0.045290093,0.034496092,0.05614924,0.006994256,0.005117268,0.008804416,0.093016171,0.070528311,0.127323374,0.999999274,0.998306364,1.000002719,0,0,0,0.573755724,0.263326137,1.063100057,0.578032027,0.265270962,1.071105541,1.055308935,0.747917877,1.343711511,0.526060702,0.320442367,0.666710834,0.589828522,0.267192032,0.98494148,0,0,0,3.224497735,2.37093228,4.178676522,0.639127219,0.372530374,1.035189797,0.638665889,0.372829383,1.034612924,1.111884586,0.654677513,1.555717913,0.038711377,0.022605886,0.055067553,0,0,0,0,0,0,0.007914203,0.004613884,0.01136354,1.628669174,0.943906636,2.287355737,1.639016192,0.950447507,2.302663501,0.123752108,0.033355669,0.301135678,0.050561144,0.018100054,0.092688873,0.800148763,0.350935337,1.223737999,0,0,0,1.837040123,0.905480183,2.924941643,1.113654866,0.522746809,1.89121237,1.113177594,0.522911918,1.890631212,0.170135624,0.070145822,0.33448667,0.731272432,0.442251886,1.034170927,0.012423628,0.005891481,0.022329772,0,0,0,0.815019299,0.481834697,1.295908774,3.413801657,2.309204363,4.669651009,3.41492961,2.308125615,4.667026057,-1.585880017,-2.081873859,-1.25233838,-0.363492869,-0.590966337,-0.196332062,-0.529083284,-0.87782657,-0.255482113,0,0,0,-5.127555004,-6.15936436,-4.132877071,-7.098167782,-8.666695617,-5.41731272,-7.113839768,-8.680853055,-5.427747974,0.029937881,0.025097134,0.038742275,0.72542812,0.501731967,0.920879044,0.357645557,0.209879176,0.503853787,0.197774972,0.093975857,0.31007555,0.476022775,0.289161149,0.679632376,-0.85496933,-0.999991762,-0.679944623
malabobo_river_schopka,546,792,203,40,552,0.467,0.70381,0.046801172,0.036537103,0.059637276,0.009133284,0.006624871,0.012352005,0.117825916,0.09037771,0.160565871,0.999998971,0.995025155,1.000000462,0,0,0,0.61333991,0.258575222,1.12660488,0.618082565,0.260550757,1.135305678,0.957460686,0.65680744,1.210539974,0.560318201,0.371563813,0.740486576,0.615790796,0.249736236,1.032910042,0,0,0,3.674466149,2.738211894,4.634888766,0.654357039,0.327493849,0.998329181,0.65468293,0.327667956,0.999110312,0.958621651,0.618646848,1.330924406,0.043021781,0.027700783,0.060787021,0,0,0,0,0,0,0.009137214,0.005894232,0.012654415,1.490288845,0.97918503,2.023617897,1.499927744,0.986460357,2.037880024,0.10743899,0.02338003,0.292357869,0.048185409,0.013271771,0.110131464,0.80911856,0.265954208,1.361209621,0,0,0,1.922783832,0.752624917,3.206920003,0.976989849,0.310343451,1.87516986,0.976061346,0.310141416,1.873235456,0.126890995,0.055875865,0.238390293,0.694618946,0.450639726,1.043689085,0.012421525,0.00481171,0.022460345,0,0,0,0.771735882,0.489267113,1.248241387,3.067501279,1.981120029,4.33517791,3.064989801,1.977254754,4.328277587,-1.299808572,-1.685537949,-0.986702773,-0.425630339,-0.655042616,-0.244279824,-0.597229133,-0.983221196,-0.313688499,0,0,0,-5.701607696,-6.884079494,-4.570185932,-6.426036381,-8.233662835,-4.847087042,-6.443427623,-8.256057253,-4.850347123,0.036030518,0.030019528,0.047951169,0.764368057,0.51756703,0.953546432,0.363660951,0.234372443,0.505116245,0.19697993,0.062978186,0.345714047,0.41815684,0.269537975,0.601959848,-0.84891202,-0.999975884,-0.671253622
dumoloc_river_schopka,698,1000,294,50,885,0.469,0.70433,0.043902947,0.034360372,0.056145399,0.0085568,0.00645146,0.011586379,0.103261656,0.076282124,0.133765028,0.999999251,0.998773218,1.000000345,0,0,0,0.796463555,0.346112752,1.571195193,0.801954562,0.348465196,1.582131535,0.969113709,0.645122263,1.193711806,0.571692614,0.398337006,0.776938647,0.583075002,0.234133023,0.951272359,0,0,0,2.977917095,2.176312986,3.773377804,0.878643857,0.487958295,1.332327951,0.878380152,0.487428679,1.33143301,1.091359778,0.653531804,1.491639529,0.048592661,0.029643317,0.06785891,0,0,0,0,0,0,0.007758356,0.005039528,0.011485165,2.128131564,1.303052811,2.949382273,2.141791343,1.310343883,2.968810293,0.123132097,0.042560176,0.274398904,0.053162827,0.023824019,0.098233607,0.805501411,0.361124008,1.182930392,0,0,0,1.636876752,0.847851853,2.760858997,1.404863919,0.703278157,2.235190446,1.403341467,0.702507041,2.235267559,0.129033787,0.054147456,0.230913246,0.669546696,0.394078036,1.003519066,0.009166796,0.004005192,0.018196959,0,0,0,0.594565073,0.358612568,0.942807632,3.2925096,1.904941866,4.661226168,3.28620619,1.905365504,4.656380838,-1.394830532,-1.777618559,-1.058356437,-0.399799603,-0.640368777,-0.223906111,-0.516651728,-0.856247315,-0.244258105,0,0,0,-4.555713762,-5.486518046,-3.582685338,-8.110269241,-10.30025853,-6.293859634,-8.124215777,-10.30646681,-6.305144701,0.034181291,0.028487208,0.043853733,0.758770176,0.509259325,0.942691585,0.406858231,0.243492614,0.555590721,0.206335445,0.10124484,0.312186831,0.392985041,0.2244208,0.583027887,-0.86189746,-0.999990694,-0.649334268
malabobo_river_schopka,589,837,206,29,605,0.464,0.70383,0.030564219,0.02415815,0.038587185,0.006018493,0.004629651,0.007640044,0.087164353,0.071495107,0.116696115,0.99999917,0.999096195,1.000000319,0,0,0,0.521946999,0.219100359,0.980404979,0.525965023,0.220790313,0.987868717,0.874250806,0.580699953,1.13709891,0.529131512,0.316803366,0.714716735,0.657514536,0.253129135,1.078254347,0,0,0,3.466501965,2.394160399,4.426238393,0.666604953,0.343988072,1.044951795,0.666609985,0.344178945,1.044636985,1.008500096,0.644041356,1.406331385,0.047352799,0.028809712,0.065323395,0,0,0,0,0,0,0.00923634,0.005748927,0.012946448,1.612861467,1.091435165,2.356205021,1.624900156,1.099055369,2.372505099,0.105440166,0.028054746,0.264927196,0.041996462,0.015265435,0.085399789,0.859580332,0.269074022,1.345119273,0,0,0,1.865032116,0.716175472,2.961342057,1.069100303,0.371934328,1.671436279,1.069645559,0.371901036,1.671549512,0.148243293,0.063658187,0.291486867,0.787559651,0.473931385,1.139720609,0.012167584,0.005543198,0.024671769,0,0,0,0.809264614,0.509937071,1.317550954,3.445268339,2.108804465,4.647304197,3.444912901,2.107542439,4.64989181,-1.229876975,-1.642397932,-0.966461285,-0.451631584,-0.666767896,-0.25129106,-0.608768505,-1.016236203,-0.304406772,0,0,0,-5.371101578,-6.52751802,-4.24206729,-6.913349582,-8.442369875,-5.1764582,-6.924481313,-8.460571201,-5.183093247,0.024194302,0.020829261,0.031719434,0.726355875,0.479369685,0.922816759,0.389219576,0.247095607,0.541379931,0.185263662,0.071755044,0.299075447,0.477655785,0.271821388,0.672914366,-0.850595091,-0.999982995,-0.64949848
malabobo_river_schopka,581,842,191,23,614,0.462,0.70377,0.024749427,0.019918298,0.032348253,0.004829425,0.003628931,0.006247347,0.071490209,0.054231229,0.097803125,0.999998986,0.998476906,1.000000126,0,0,0,0.468207543,0.232470647,0.913590047,0.471811208,0.234274235,0.920604132,0.898455884,0.574085587,1.147399136,0.5360295,0.331996538,0.700014043,0.697620423,0.265467802,1.128970128,0,0,0,3.268704618,2.369793967,4.307793008,0.631218921,0.351197051,1.065600473,0.631114389,0.351574847,1.065324715,0.982599023,0.646548165,1.404803544,0.044076484,0.029073112,0.062223582,0,0,0,0,0,0,0.008688807,0.005805488,0.012271356,1.706147955,1.072622382,2.274166015,1.719153356,1.080162106,2.288878813,0.087279141,0.02590096,0.245056191,0.041379029,0.014289029,0.086874352,0.865448558,0.366445972,1.351850763,0,0,0,1.755175526,0.716988122,2.778211093,0.949477624,0.390764791,1.700615727,0.949166737,0.390878406,1.701511755,0.126854495,0.044197422,0.246071856,0.775301288,0.469270533,1.084689398,0.012937974,0.005992603,0.024122092,0,0,0,0.79555079,0.470377104,1.292534025,3.249298665,2.049094353,4.334391011,3.246244717,2.047137201,4.334741536,-1.215357021,-1.574860648,-0.923865011,-0.429020035,-0.632367353,-0.253891053,-0.616261461,-1.051565733,-0.328951813,0,0,0,-5.222501881,-6.317943431,-3.958776132,-6.653933662,-8.235747871,-4.879306433,-6.65942684,-8.245587499,-4.890636556,0.020006124,0.016607063,0.025017644,0.723715551,0.48723284,0.915493406,0.376411517,0.248936881,0.538182194,0.18309461,0.071618943,0.303204062,0.447040043,0.285709699,0.648491333,-0.819545046,-0.99259469,-0.626289592
lawis_river_schopka,44,850,51,41,421,0.061,0.70488,0.559126693,0.410442155,0.714003213,0.007888599,0.006065699,0.010989687,0.497402956,0.380959703,0.614488297,0.999998531,0.989206578,1.002866614,0,0,0,4.448237858,1.945258165,8.042771574,4.475703365,1.957291558,8.092330776,5.070911944,2.488212231,7.264814806,0.251857932,0.110077374,0.415239908,0.752800991,0.269275012,1.401608923,0,0,0,2.501939794,1.235236762,3.467594231,1.915457376,1.008200386,3.607835345,1.912507151,1.005805187,3.604501872,3.72411171,1.233912619,6.356397946,0.012559875,0.004199384,0.021971617,0,0,0,0,0,0,0.003708944,0.001225624,0.00631123,3.51103279,1.150297468,6.438888055,3.530164264,1.156756117,6.476298798,0.400507161,0.119846408,0.951251545,0.015658051,0.006055335,0.033353725,1.095742325,0.420411438,2.125202247,0,0,0,1.000529883,0.42539588,2.032678829,2.441619288,1.007910893,4.874104124,2.439289427,1.006497635,4.865936945,1.476357135,0.665988313,2.965402361,0.830555077,0.6214029,0.929197031,0.058022183,0.028026082,0.093469926,0,0,0,1.216574476,0.873521679,1.718610097,13.05038298,8.387454203,19.51761162,13.04968617,8.371981798,19.53846374,-11.78061386,-14.54919328,-8.463249737,-0.120453384,-0.212273145,-0.054842954,-1.792575472,-2.704081514,-0.987092306,0,0,0,-4.207497553,-5.114915688,-3.072092193,-28.63145622,-36.3189781,-21.16601167,-28.68300457,-36.32571165,-21.19407537,0.057472473,0.048726306,0.076812995,0.550042667,0.25526452,0.810274073,0.184534256,0.06088277,0.316738212,0.107473831,0.042002152,0.192269058,0.851327673,0.638995561,0.997663333,-0.81327973,-0.999419716,-0.629010328
lawis_river_schopka,53,1291,55,38,729,0.072,0.70527,0.445438666,0.34649635,0.57344128,0.005094998,0.003855331,0.006623073,0.409251133,0.318936311,0.532501591,0.999994841,0.993816718,1.003337005,0,0,0,5.052823228,2.452356021,9.373070417,5.081091819,2.466001467,9.424979202,5.612268475,2.837673877,8.707335866,0.229573356,0.099069562,0.38844211,0.89743088,0.316182544,1.785473711,0,0,0,1.973534479,0.920950434,2.981855921,2.340956821,1.102706649,4.483918796,2.334686803,1.10131037,4.477186036,4.624457759,1.73733615,7.990511065,0.011870186,0.004754899,0.020931469,0,0,0,0,0,0,0.003116971,0.001190509,0.005572007,4.444321392,1.744981041,7.971133168,4.465019587,1.753017918,8.011487659,0.460882583,0.114806375,1.103604266,0.012284425,0.003839725,0.03014301,1.34961637,0.426638972,2.650293747,0,0,0,0.828469657,0.277767761,1.57811085,2.919779374,0.997480751,5.714958612,2.910796948,0.996728473,5.698743939,1.976825381,0.915634267,3.548363194,0.842861423,0.678996796,0.94224555,0.084852823,0.037579756,0.142136841,0,0,0,1.156344614,0.801265748,1.665062198,15.67914591,8.694501985,23.25287286,15.6377139,8.693218732,23.24225911,-13.89051244,-17.95990815,-9.507782249,-0.114145987,-0.220279734,-0.044647103,-2.263100092,-3.505149655,-1.134175989,0,0,0,-3.481385016,-4.352637717,-2.386493115,-34.7916603,-43.48563323,-23.47705321,-34.87485896,-43.51747349,-23.52091188,0.036955481,0.031845829,0.046556921,0.49445236,0.232183224,0.770017698,0.186654822,0.070391238,0.323524796,0.094733067,0.028434188,0.185825402,0.908897899,0.714398617,0.999925013,-0.803661461,-0.967237943,-0.5646348
bulsa_river_ds_zam22,481.2116373,580.0452582,326.7540444,57.25890616,526.6334342,NaN,0.704422768,NaN,NaN,NaN,NaN,NaN,NaN,NaN,NaN,NaN,NaN,NaN,NaN,NaN,NaN,NaN,NaN,NaN,NaN,NaN,NaN,NaN,NaN,NaN,NaN,NaN,NaN,NaN,NaN,NaN,NaN,NaN,NaN,NaN,NaN,NaN,NaN,NaN,NaN,NaN,NaN,NaN,NaN,NaN,NaN,NaN,NaN,NaN,NaN,NaN,NaN,NaN,NaN,NaN,NaN,NaN,NaN,NaN,NaN,NaN,NaN,NaN,NaN,NaN,NaN,NaN,NaN,NaN,NaN,NaN,NaN,NaN,NaN,NaN,NaN,NaN,NaN,NaN,NaN,NaN,NaN,NaN,NaN,NaN,NaN,NaN,NaN,NaN,NaN,NaN,NaN,NaN,NaN,NaN,NaN,NaN,NaN,NaN,NaN,NaN,NaN,NaN,NaN,NaN,NaN,NaN,NaN,NaN,NaN,NaN,NaN,NaN,NaN,NaN,NaN,NaN,NaN,NaN,NaN,NaN,NaN,NaN,NaN,NaN,NaN,NaN,NaN,NaN,NaN,NaN,NaN,NaN,NaN,NaN,NaN,NaN,NaN,NaN,NaN,NaN,NaN,NaN,NaN,NaN,NaN
bulsa_river_us_zam22,456.5098059,571.5696359,297.65,36.10413787,561.9013708,0.497993098,0.704345,0.048673251,0.037720646,0.059775517,0.010538484,0.007810741,0.013661232,0.073811682,0.05630129,0.093694943,0.999999229,0.999320358,0.999999948,0,0,0,0.608410718,0.246292252,1.0547687,0.612595698,0.247967561,1.062009606,0.815442999,0.438241552,1.182940741,0.563813764,0.318319073,0.791104736,0.286795714,0.099514207,0.627825173,0,0,0,2.710721226,1.516607258,3.500075687,0.429210692,0.207317322,0.756290823,0.429102779,0.207346069,0.755856413,1.161593006,0.765379744,1.643333854,0.058881698,0.039786557,0.084426981,0,0,0,0,0,0,0.008934091,0.005898496,0.012688416,1.423304966,0.965056953,1.970565624,1.432395439,0.971456192,1.983752076,0.215050956,0.086470943,0.449276561,0.108269235,0.056246832,0.18116296,0.942689976,0.594009358,1.231654373,0,0,0,2.655694134,1.862564593,3.683652329,1.594617639,0.978171485,2.217811263,1.594260869,0.977385081,2.214865565,0.095366549,0.034452404,0.211204055,0.665228832,0.347033145,1.063084482,0.005280593,0.002051202,0.010922357,0,0,0,0.549524206,0.254163035,0.866214797,1.777130557,0.858579601,2.805812386,1.776267891,0.857328682,2.805230153,-1.520643754,-1.909672743,-1.150533716,-0.471834728,-0.735797807,-0.252951222,-0.347801966,-0.610307094,-0.150983064,0,0,0,-4.996191541,-5.95407833,-4.091310666,-5.468607431,-6.541415703,-4.170177518,-5.477715134,-6.553445483,-4.179376347,0.036328823,0.031256186,0.046702027,0.634037165,0.349664487,0.876071362,0.422330563,0.28164227,0.60167271,0.363984149,0.229625782,0.496142349,0.332176048,0.175131812,0.53803717,-0.895324239,-0.999998371,-0.72500722
camiling_river_ds_zam22,510.9661161,894.1164369,258.27,94.63233013,453.4448994,0.748234991,0.704019175,0.114911041,0.091715068,0.15195085,0.017666269,0.013771926,0.022525054,0.221775102,0.174650326,0.303559041,0.999999828,0.999539968,1.002020171,0,0,0,0.44002607,0.220599727,0.781978004,0.443259962,0.222226639,0.787630459,1.018043056,0.645655879,1.335650591,0.521586791,0.306837685,0.709213269,0.50943835,0.178313446,0.861622599,0,0,0,4.49073137,3.000735299,5.816224476,0.377530728,0.218706088,0.658767353,0.377233487,0.218495649,0.657989509,1.00051602,0.588434815,1.485203754,0.036646116,0.021398338,0.054630425,0,0,0,0,0,0,0.010547765,0.006197131,0.016346718,0.922082863,0.54697515,1.339701807,0.928527574,0.550399581,1.349343943,0.10798054,0.029361905,0.295759815,0.04321794,0.016234393,0.093760472,0.713335707,0.256718066,1.137265993,0,0,0,2.345662145,1.068205112,4.131944751,0.648709684,0.230547501,1.277419886,0.648596781,0.230748732,1.27832333,0.159546906,0.071818295,0.318217429,0.679719443,0.424688983,0.985752835,0.010822963,0.004823128,0.01886602,0,0,0,0.985186851,0.641487035,1.566020989,2.163656409,1.378994902,3.001824386,2.161534476,1.377066863,3.002492595,-1.584145105,-1.972303442,-1.200656209,-0.364517502,-0.557591592,-0.218580598,-0.473061253,-0.838160957,-0.237795784,0,0,0,-7.284093568,-8.773400985,-5.910608807,-4.037770684,-5.027057669,-3.069928115,-4.044726137,-5.0395923,-3.070292722,0.077948909,0.064236439,0.105515807,0.720799422,0.425040201,0.957778523,0.328250112,0.193501282,0.485864502,0.187739817,0.070547811,0.313619685,0.43112922,0.26357162,0.62762592,-0.838274353,-0.999990003,-0.640070378
malabobo_river_zam22,560.4321573,739.1894672,247.18,47.52771275,531.0842087,1.410677223,0.703923198,0.052031372,0.039220937,0.069721545,0.010894331,0.008055492,0.014781902,0.119262231,0.089092596,0.155036288,0.999999317,0.999915958,1.000000369,0,0,0,0.260222198,0.112976645,0.468232492,0.262195878,0.113826664,0.471750338,0.814103479,0.460238651,1.080518078,0.545795102,0.338416246,0.743537335,0.471088635,0.17410814,0.833856236,0,0,0,3.329217275,2.30451299,4.194193207,0.189098832,0.094796885,0.325722852,0.189266666,0.094829556,0.325683087,1.030707854,0.662111569,1.42819124,0.049139652,0.031193855,0.06997977,0,0,0,0,0,0,0.010093885,0.006459421,0.014264436,0.54924348,0.344202065,0.784927079,0.553130491,0.34651273,0.790094621,0.09883162,0.038107197,0.228293049,0.056957498,0.025837194,0.11560134,0.802392114,0.404533003,1.219245276,0,0,0,2.304873067,1.153646445,3.460367702,0.38106004,0.183013695,0.596017934,0.380698454,0.183188158,0.595439316,0.111236814,0.058488552,0.223746863,0.745146547,0.534482118,1.019666154,0.0097511,0.004180053,0.016196152,0,0,0,0.78315711,0.524540998,1.207805744,1.293184723,0.908603593,1.69396746,1.293590877,0.908756666,1.693099862,-1.228764994,-1.544436538,-0.95852524,-0.449431277,-0.69942441,-0.258026201,-0.445309279,-0.736063711,-0.211770692,0,0,0,-5.676723101,-6.949444507,-4.322082985,-1.863414089,-2.549859716,-1.301511459,-1.867474317,-2.554807456,-1.30423411,0.041560442,0.035312049,0.055549058,0.664425103,0.385374313,0.892253815,0.395477132,0.255906933,0.553986465,0.219997281,0.117822945,0.328229283,0.390781488,0.291745044,0.57495603,-0.802227346,-0.999929695,-0.610461363
bayaoas_river_zam22,603.4358002,792.5529726,216.23,65.86184526,746.0032046,0.393086012,0.704105,0.067834739,0.051561529,0.086523213,0.014714568,0.010469426,0.019833715,0.195960708,0.142843571,0.261844725,0.999999445,0.996820712,1.000001221,0,0,0,0.756604943,0.337074289,1.433193324,0.762109815,0.339484747,1.443426135,0.858437463,0.581500612,1.144299736,0.598257747,0.367530871,0.749849544,0.612503783,0.301230351,1.003673794,0,0,0,2.822268794,2.08565102,3.63271283,0.78480137,0.449468371,1.216270812,0.785413812,0.449877347,1.215020516,0.875172617,0.555196945,1.246717042,0.042430896,0.026505118,0.061400863,0,0,0,0,0,0,0.006455683,0.004058118,0.009513498,1.751109855,1.131134206,2.494872937,1.76243713,1.139361631,2.511696267,0.093261614,0.016861032,0.242045199,0.041925782,0.013370833,0.104400987,0.708054771,0.224922469,1.131999707,0,0,0,1.399676026,0.587773755,2.502250968,1.065003638,0.353883423,2.061849549,1.064217699,0.353850468,2.06014986,0.119482833,0.049133896,0.246366375,0.726206623,0.467170124,1.009429719,0.011025375,0.005099837,0.019503475,0,0,0,0.57871414,0.382596808,0.92610978,3.458162543,2.188366769,4.993797179,3.456930737,2.188327728,4.994024064,-1.151996833,-1.456325203,-0.916739289,-0.448399068,-0.708858671,-0.247469618,-0.557427672,-0.93703173,-0.298821987,0,0,0,-4.085638661,-5.049083146,-3.313733717,-7.895035995,-9.924974206,-5.788228172,-7.912262465,-9.949807834,-5.797127596,0.056835113,0.047129044,0.076906175,0.753485049,0.494532928,0.938578906,0.350973536,0.222335606,0.495395348,0.169517105,0.060793548,0.305565737,0.411371783,0.252738048,0.591747564,-0.816590495,-0.999896253,-0.625251345
dumoloc_river_zam22,756.3625929,809.0722074,389.63,61.6308916,769.2540502,0.607670265,0.704422578,0.05092442,0.038701568,0.067602568,0.013236654,0.00944511,0.01695481,0.0933044,0.072331878,0.125544675,0.999999574,0.99999095,1.000001904,0,0,0,0.614126946,0.262157576,1.127349226,0.618293303,0.263928678,1.134997431,0.808331769,0.470911342,1.104126234,0.621595823,0.407542457,0.81195114,0.427116611,0.179239946,0.747359589,0,0,0,3.100307588,2.074882832,4.122329961,0.553201852,0.300044405,0.95217315,0.552560719,0.299605016,0.951786643,1.131479515,0.770001376,1.498786744,0.068348135,0.04475442,0.094472682,0,0,0,0,0,0,0.010155255,0.006936878,0.013873325,1.844631403,1.237387982,2.489965762,1.854251111,1.244944361,2.505189622,0.160862213,0.064898347,0.35513224,0.087955998,0.039068607,0.164787606,0.850140917,0.486452103,1.187760022,0,0,0,2.505304377,1.481051218,3.574743066,1.470967861,0.802002324,2.273680721,1.468431635,0.801508937,2.271638109,0.09206719,0.039821644,0.165793793,0.622221824,0.38563439,0.94438989,0.005668511,0.002353068,0.010304101,0,0,0,0.542654433,0.3244297,0.883105546,2.078189711,1.177357197,3.133954264,2.074172158,1.17795961,3.129824634,-1.342749493,-1.651218785,-1.055779628,-0.494139672,-0.74981317,-0.252744095,-0.386062669,-0.693503135,-0.181004012,0,0,0,-5.360311604,-6.408060028,-4.255680976,-6.28921933,-7.64753603,-4.88862014,-6.30426357,-7.664058453,-4.890709035,0.043322298,0.035611559,0.056109712,0.686752031,0.404511775,0.946744202,0.469123779,0.31765282,0.617101832,0.300151573,0.170753638,0.440695287,0.303539774,0.184839336,0.456690937,-0.864776097,-0.999996823,-0.705204122
mapita_river_zam22,761.2031538,840.5266406,297.68,35.68104251,852.9642158,0.590079003,0.704229512,0.029906875,0.022737168,0.037804112,0.007507189,0.005724845,0.010255946,0.072486326,0.053996647,0.093662287,0.999999187,0.997393245,1.000001805,0,0,0,0.538112301,0.262214686,0.931389364,0.541915778,0.264069484,0.937894258,0.800426366,0.486844694,1.039134216,0.589318021,0.385070653,0.800021307,0.51232738,0.195159352,0.946916992,0,0,0,2.696405025,1.944262851,3.404387925,0.544186039,0.310722783,0.924220075,0.54389435,0.310752502,0.924516997,0.977305497,0.697725684,1.349458203,0.056781324,0.040441283,0.080200675,0,0,0,0,0,0,0.008206238,0.005760488,0.011578408,1.742301395,1.202519283,2.310314195,1.75284926,1.210698892,2.326578606,0.125946248,0.036633364,0.288186329,0.068357274,0.024342572,0.134199957,0.891753077,0.411755917,1.314312508,0,0,0,1.898429895,0.979972506,2.932682531,1.264102321,0.53892712,1.991076611,1.263396163,0.539251387,1.989983358,0.091822127,0.035980823,0.191654624,0.713940955,0.427806466,1.007451449,0.007685453,0.003735211,0.013899104,0,0,0,0.564320339,0.332752362,0.87114766,2.318223791,1.341981659,3.587045808,2.316809462,1.345931843,3.580792037,-1.137158118,-1.450949994,-0.867105303,-0.508926402,-0.724144795,-0.277427305,-0.460618564,-0.827544095,-0.234135984,0,0,0,-4.376710903,-5.24443585,-3.306676954,-6.050123877,-7.626493603,-4.587228196,-6.064169775,-7.6389907,-4.595077936,0.025933531,0.021956137,0.034660509,0.720792236,0.431314554,0.916002854,0.418458853,0.298026748,0.576983713,0.240719664,0.115291394,0.376885982,0.360215258,0.223337506,0.526091159,-0.840366779,-0.99999789,-0.642733059
pmb1_zam22,815.1105345,1766.220942,164.79,101.5428878,597.0268827,2.771107532,0.708656749,0.079004304,0.062833806,0.103966741,0.009947046,0.007423442,0.013368853,0.385154342,0.295205612,0.531055467,0.999999712,0.984714999,1.000004832,0,0,0,0.603443547,0.342308687,0.841284836,0.603829056,0.342558155,0.841883482,0.59359323,0.22139098,1.049728897,0.236700054,0.082499033,0.477665137,0.666559142,0.173527189,1.333929305,0,0,0,3.616494765,1.494935818,6.181655806,0.095372466,0.035274167,0.168877302,0.094767815,0.035029731,0.167942869,1.28411416,0.913326507,1.767899705,0.038181688,0.026296291,0.053041898,0,0,0,0,0,0,0.017119667,0.011634308,0.022515171,0.516352062,0.362446327,0.708112896,0.516769072,0.362485923,0.708493289,0.038242604,0.003149165,0.119229252,0.01340009,0.001740094,0.030342563,0.654574629,0.099002072,1.328095941,0,0,0,1.259487217,0.182437091,2.825919821,0.097823772,0.012174668,0.236822465,0.097256346,0.012100837,0.235023355,0.246376489,0.10913362,0.422659037,0.876661132,0.595467347,1.073801547,0.042100218,0.019401011,0.070029247,0,0,0,1.916701869,1.28542327,2.846554169,0.70001831,0.319970901,1.165342579,0.698507252,0.319106953,1.165704496,-1.41896384,-1.964664609,-0.914503208,-0.182685116,-0.355817357,-0.079479321,-0.95325516,-1.823776452,-0.423064746,0,0,0,-6.641700426,-9.139791655,-4.79014803,-1.151156084,-1.733435249,-0.709960853,-1.150644546,-1.731404098,-0.7089315,0.052306024,0.043092902,0.069914128,0.389371348,0.142710155,0.733427095,0.408273176,0.288741381,0.565080751,0.069561591,0.01081636,0.140625324,0.634818778,0.450659237,0.803758324,-0.667671018,-0.886053984,-0.437459317
pmb2_zam22,1058.797844,1924.830282,142.17,83.06772346,737.6357486,5.962004547,0.708684,0.051703225,0.040083185,0.071772724,0.00820519,0.005895755,0.011291288,0.399757334,0.299667931,0.544230546,1.000000446,0.998674793,1.008291952,0,0,0,0.263880803,0.131501087,0.41305035,0.264096598,0.131596064,0.413382451,0.319303758,0.016556742,0.72464598,0.162015909,0.010244687,0.419447974,0.485781653,0.013768136,1.157310934,0,0,0,2.172897356,0.129195454,4.679175043,0.033672323,0.001333402,0.078263909,0.033450371,0.001322956,0.077788716,1.276119957,0.957826966,1.652553573,0.045455238,0.032936117,0.061887799,0,0,0,0,0,0,0.016899456,0.012612718,0.023295124,0.305536701,0.223081843,0.409196657,0.305640128,0.223084063,0.408884141,0.038242232,0.005771613,0.113222887,0.014845729,0.003206271,0.037392957,0.85074847,0.229007273,1.724108088,0,0,0,1.351993601,0.33102345,2.773094845,0.0557634,0.0124544,0.117619632,0.055340595,0.012378498,0.116986223,0.199553493,0.091768483,0.351425931,0.921352089,0.687925523,1.064815293,0.052192294,0.024228175,0.08657604,0,0,0,1.757758753,1.194156967,2.506051871,0.703193562,0.455688938,0.946548656,0.702697236,0.453890827,0.94618727,-1.054808773,-1.600015131,-0.622011884,-0.168711734,-0.301668662,-0.070141512,-1.006289629,-2.191719338,-0.380358081,0,0,0,-5.214687386,-7.575451898,-3.170277163,-0.396295628,-0.690477131,-0.195113676,-0.395290696,-0.689686542,-0.195150831,0.041265697,0.031685729,0.056883263,0.240810414,0.014848982,0.557679592,0.460240968,0.345280246,0.598669188,0.067666849,0.016018062,0.133667468,0.627807305,0.485220865,0.75927422,-0.55260781,-0.851677728,-0.315214182
pmb4_zam22,1001.908778,1782.657889,124.71,98.01709305,471.03436,2.942307921,0.708723,0.06476523,0.049439606,0.087407869,0.010294547,0.007557275,0.013781825,0.520006958,0.401464639,0.674045411,1.00000006,0.991390207,1.001566939,0,0,0,0.550999424,0.300737982,0.82601393,0.551408671,0.300924763,0.826575772,0.450410632,0.124392885,0.806094086,0.222538103,0.054687287,0.477320377,0.656907542,0.125955604,1.399047482,0,0,0,4.032237882,1.047609486,7.548689664,0.089181245,0.021546887,0.175209667,0.088580476,0.021397018,0.174185507,1.334354597,0.9888889,1.748103196,0.048329447,0.035835467,0.067560764,0,0,0,0,0,0,0.027395127,0.019646859,0.035480812,0.615478516,0.445366601,0.828746488,0.615827087,0.445617794,0.828925043,0.037960157,0.004467795,0.113907695,0.012707945,0.002666485,0.037874192,0.890039114,0.158950863,1.794240856,0,0,0,1.718790482,0.31340001,4.09572048,0.095660727,0.018515088,0.220952849,0.094933128,0.018398579,0.219616755,0.177788792,0.058209443,0.329629498,0.862077203,0.616493579,1.032877807,0.056865438,0.021687881,0.091903344,0,0,0,2.474609698,1.498666575,3.663538265,0.654309747,0.337865836,1.060240695,0.650401414,0.338112796,1.059319381,-1.206238782,-1.721329032,-0.752101541,-0.160601614,-0.316321597,-0.069645669,-1.43234567,-2.624030232,-0.52988174,0,0,0,-8.748574985,-11.93824489,-5.849019968,-1.201995391,-1.732958653,-0.756511832,-1.200303744,-1.730402697,-0.755286591,0.050834937,0.041469527,0.065513882,0.337800012,0.092961473,0.631940659,0.489634218,0.360581339,0.644176418,0.067476651,0.013189933,0.148088042,0.601964926,0.43737561,0.729888676,-0.643303509,-0.883349143,-0.425115929
pmb3_zam22,984.4428365,1789.775766,109.51,92.93994866,663.7884992,2.049126518,0.708658,0.058865717,0.044255065,0.075622127,0.008967374,0.006785064,0.011819878,0.526739421,0.399457667,0.718411732,0.999999815,0.990149943,1.000003776,0,0,0,0.658403132,0.339441018,1.012418097,0.658882155,0.339735434,1.013187563,0.48913275,0.183597691,0.915810369,0.248982799,0.082144179,0.514996651,0.752058456,0.196434926,1.5263233,0,0,0,3.390675342,1.217105896,5.830300959,0.120693404,0.045853405,0.263652394,0.11981139,0.045531921,0.261762119,1.292918679,0.944681556,1.776994174,0.047091393,0.033827662,0.062719034,0,0,0,0,0,0,0.017842964,0.013187221,0.023822576,0.825605551,0.609962199,1.141660788,0.825235367,0.609731278,1.141818294,0.030670237,0.00179922,0.093077976,0.011049169,0.000526178,0.032106336,0.847472121,0.049110483,1.774937446,0,0,0,0.99683196,0.075259042,2.463294848,0.125258103,0.007530156,0.273374669,0.124520579,0.00748824,0.271810585,0.175575329,0.077828461,0.328691451,0.852406372,0.599299427,1.006181149,0.052332217,0.02321958,0.091579482,0,0,0,1.746523399,1.077005981,2.49559018,0.836074587,0.407745733,1.353403909,0.833056448,0.406290576,1.351219303,-1.256070312,-1.76730509,-0.778329036,-0.153342947,-0.302812747,-0.06990337,-1.598169332,-2.697981612,-0.738358964,0,0,0,-5.963839196,-8.24798917,-4.053087482,-1.81740453,-2.636475263,-1.199002258,-1.816401994,-2.629710737,-1.197423484,0.044820446,0.038010431,0.056144216,0.374301462,0.136413055,0.721881666,0.470123482,0.343423864,0.648448094,0.057907688,0.003218564,0.121558881,0.607582037,0.417686459,0.733669451,-0.637017735,-0.894854709,-0.412029608
sc7_zam22,60.94365986,1283.563053,262.42,263.8704764,474.5593733,0.14716511,0.706961973,2.584671736,1.987136636,3.636275757,0.036913727,0.028874637,0.050667801,0.675704554,0.512815501,0.874698545,1.00000191,0.963458292,1.018776308,0,0,0,7.618518037,3.687518658,11.43158638,7.643318266,3.699223738,11.46773777,5.787316083,2.451375486,8.509866881,0.25911915,0.099648409,0.448893005,0.297431764,0.083808402,0.583445392,0,0,0,3.624444022,1.606000813,5.190383618,1.28538101,0.521367662,2.500495607,1.281063081,0.519607267,2.4883582,3.583601079,1.353327573,7.232530502,0.011431941,0.004170279,0.022566187,0,0,0,0,0,0,0.004428961,0.001581468,0.008882992,2.144810122,0.740981443,4.106871831,2.148956674,0.742208414,4.116322966,0.486800889,0.101788607,1.295117807,0.016057865,0.003530653,0.032642175,0.334027424,0.062537423,0.695241142,0,0,0,1.542905992,0.369926992,2.939717836,1.569503926,0.359327654,3.215821743,1.561845294,0.357812629,3.202107751,1.696498968,0.799285361,3.05734182,0.845069449,0.620994018,0.983011436,0.016097064,0.00746259,0.028904599,0,0,0,1.762613676,1.173432054,2.548236401,6.804448755,3.75917559,11.10152342,6.810312478,3.746607328,11.0667602,-15.48451108,-19.48346363,-11.79433317,-0.167659931,-0.283849503,-0.07925842,-0.510180269,-0.783874414,-0.229522111,0,0,0,-6.291123502,-7.774950669,-4.860521135,-21.63393427,-26.88620753,-16.50274103,-21.65164906,-26.91769719,-16.5106789,0.239177263,0.192963361,0.314212881,0.503825223,0.206963994,0.782236842,0.144954839,0.054583016,0.291463369,0.09265594,0.02333464,0.194847192,0.766900667,0.542317966,0.931776897,-0.882566467,-0.999994087,-0.684792717
lawis_river_zam22,233.6942961,995.926764,120.53,52.04072998,487.9651059,0.160699527,0.704995059,0.13627754,0.108438111,0.180647151,0.009166687,0.006672714,0.011942097,0.263599927,0.199275133,0.345836358,0.9999984,0.99760586,1.001428437,0,0,0,2.66401925,1.121184016,4.666566642,2.680032493,1.127834327,4.694055167,1.555287907,0.761170917,2.174833016,0.351074588,0.171867108,0.497276038,0.616681466,0.2423109,1.117795179,0,0,0,3.270413788,1.757918739,4.362238635,1.210726919,0.640879647,2.313471168,1.20750515,0.639922811,2.309210066,1.403766428,0.8313859,2.154142012,0.021748895,0.012300157,0.032221617,0,0,0,0,0,0,0.006329156,0.003649314,0.010078774,2.752909684,1.600690066,4.177461008,2.767248214,1.60853828,4.198129294,0.138714004,0.043736924,0.338442503,0.022539271,0.009371178,0.04584801,0.87237464,0.372835626,1.426534985,0,0,0,1.523326827,0.667795854,2.368227998,1.716749992,0.752908534,3.013640865,1.714595052,0.75219227,3.011129676,0.420669779,0.174933616,0.767508936,0.83375107,0.589309707,1.040151211,0.029928958,0.01543234,0.051609725,0,0,0,1.328456798,0.863366887,1.89646274,6.762165067,4.036892169,9.400663544,6.740726158,4.03560741,9.372491839,-2.935635166,-3.806988503,-2.254652478,-0.233925357,-0.366348611,-0.1106262,-0.88618477,-1.5664865,-0.487999268,0,0,0,-5.33000769,-6.623676172,-4.127971319,-15.85653513,-19.97173584,-11.61859241,-15.86973362,-19.98168322,-11.64675495,0.052836727,0.044204678,0.06906354,0.626116864,0.309523875,0.863923281,0.258244056,0.152877438,0.39395936,0.131022657,0.058232328,0.231232813,0.708221461,0.499981779,0.900934902,-0.850962522,-0.99680632,-0.66213194
masinloc_river_zam22,226.8077249,684.4270726,358.42,95.46767227,420.8652306,1.037538151,0.70804864,0.271614517,0.205329411,0.351748017,0.024028615,0.018217992,0.033749241,0.173071628,0.132253655,0.231934686,1.000000159,0.988892761,1.003654577,0,0,0,1.037739198,0.500683786,1.666019088,1.039490638,0.501511368,1.668724909,1.448304638,0.598807259,2.07284084,0.404775826,0.176031317,0.643402372,0.258280291,0.074381973,0.529685431,0,0,0,3.406271613,1.532448348,4.734311744,0.160170256,0.065984966,0.30780192,0.159305699,0.065585038,0.30605122,2.097814514,1.340559471,2.999632062,0.044502085,0.02774896,0.064527031,0,0,0,0,0,0,0.010493883,0.006680627,0.015219702,0.624953713,0.399991739,0.886109963,0.625330653,0.400595279,0.887686954,0.246663113,0.105367359,0.510034782,0.063661585,0.034585729,0.115621912,0.741983886,0.447440937,0.975296146,0,0,0,3.176900251,2.012704732,4.574072336,0.555501074,0.340122769,0.786170966,0.552413633,0.338311669,0.781363505,0.204195355,0.090120631,0.435983415,0.715479812,0.407889783,1.01819406,0.005834728,0.002244949,0.010508814,0,0,0,0.882540844,0.497421787,1.38992081,0.728098029,0.339617684,1.230470374,0.726230602,0.337559339,1.228230717,-3.606377462,-4.291028625,-2.774960818,-0.289056764,-0.467985573,-0.11825938,-0.201709562,-0.35519476,-0.100052079,0,0,0,-6.828894563,-7.912712598,-5.462821836,-2.407873674,-3.038205456,-1.903233477,-2.404883724,-3.037166702,-1.902178234,0.107634514,0.088706411,0.146020239,0.575655561,0.246344222,0.919020449,0.398946298,0.255081261,0.571152231,0.305335475,0.199164469,0.41927703,0.435844515,0.259976358,0.611660888,-0.956107001,-0.999999589,-0.791887783
salasa_river_zam22,268.2144818,1023.61654,1505.02,2321.665303,418.1947659,0.937072335,0.707934,3.437832074,2.948536202,4.23028126,0.308475534,0.235947694,0.396818957,0.876849357,0.763543123,0.9652618,0.973025148,0.912094247,1.008693039,0,0,0,3.094841227,1.678842487,4.530268541,3.100257014,1.681769364,4.538399392,1.752681752,0.845717793,2.798595282,0.445228315,0.180354,0.680729561,0.070452108,0.020501786,0.140584985,0,0,0,5.289308034,2.478747337,8.557816479,0.287238677,0.108688996,0.553533273,0.28570404,0.108059494,0.550970483,0.253615086,8.48E-06,1.521939249,0.004301005,1.47E-07,0.026064463,0,0,0,0,0,0,0.001594999,5.25E-08,0.009385544,0.094966889,3.16E-06,0.598694521,0.095064832,3.16E-06,0.599545916,0.288872911,0.091075193,0.716896603,0.058902733,0.021057954,0.1167011,0.174192509,0.065501443,0.288901019,0,0,0,5.692860889,2.577625915,8.835501604,0.718613826,0.291052815,1.266643158,0.714545804,0.289502371,1.260421969,0.172171234,0.054102948,0.395955719,0.446362195,0.1602895,0.785655872,0.001105302,0.000294761,0.002901101,0,0,0,0.864598605,0.281822312,1.729840213,1.267754303,0.447391778,2.342425289,1.259680258,0.447344307,2.343104008,-6.183563091,-7.653510567,-5.024272483,-0.319279819,-0.569007385,-0.144890547,-0.142719361,-0.241096939,-0.075023851,0,0,0,-11.4832773,-14.83602235,-9.040445947,-5.620625743,-6.811250946,-3.873521419,-5.616933231,-6.81103061,-3.870918382,0.935714352,0.880319477,0.999864802,0.388887109,0.167570923,0.591456962,0.025822442,8.60E-07,0.155500023,0.162751919,0.066756457,0.267778621,0.189611842,0.066143137,0.326645663,-0.886218725,-0.99999746,-0.68847112
bagsit_river_zam22,160.611807,1033.552767,125.97,59.09231941,448.0505608,0.400074091,0.70686,0.229088033,0.17219714,0.294761894,0.010029223,0.007634744,0.012530437,0.288632501,0.223048502,0.380930226,0.999999065,0.986197685,1.003107995,0,0,0,1.819835603,0.875146508,2.930178979,1.825890205,0.877987126,2.939982259,1.655920883,0.808572163,2.697251377,0.229198808,0.12082737,0.39971904,0.50326469,0.162649957,0.911580445,0,0,0,2.79769292,1.335294789,4.304408233,0.377456051,0.171877254,0.695427802,0.375881061,0.171310306,0.692360959,2.28428902,1.08469145,3.498476495,0.022245846,0.010928088,0.035419389,0,0,0,0,0,0,0.007924436,0.003919412,0.011772862,1.219548397,0.582165915,1.87167716,1.222449547,0.583766016,1.878017856,0.164657582,0.046803217,0.439416217,0.021628971,0.007221417,0.041007419,0.725332946,0.29125715,1.271807524,0,0,0,1.572255662,0.572882956,2.821221365,0.609904632,0.25690019,1.091007566,0.607229524,0.255908225,1.086024461,0.517679587,0.237126871,1.042582352,0.877939809,0.688668706,1.027770128,0.031868298,0.017265023,0.053854044,0,0,0,1.499123569,1.052756685,2.086238523,2.174147898,1.165447856,3.420727114,2.165707352,1.168312753,3.413549656,-4.434730428,-5.666866209,-3.074133466,-0.198179615,-0.315118349,-0.085651108,-0.636373909,-1.163517699,-0.324614945,0,0,0,-5.329183437,-6.821322533,-4.166782959,-5.946470603,-7.803755433,-4.322714614,-5.950958365,-7.798214543,-4.321647353,0.062327591,0.051978762,0.080398987,0.459506863,0.234669712,0.733541483,0.297229576,0.14083429,0.453487121,0.119940644,0.048808164,0.204352951,0.786341774,0.596682847,0.939091955,-0.826445289,-0.999996914,-0.63163172
bancal_river_zam22,8297.320226,42813.82432,57166.73,90944.34886,3910.272387,14.37144505,0.708962364,4.372084455,3.652568033,5.28342809,0.268977283,0.207451918,0.344911905,0.918073045,0.817623032,1.001807795,0.959951356,0.896921339,1.014718982,0,0,0,8.032460469,4.901204772,11.44531234,8.035920111,4.903096926,11.44873334,2.524698564,1.308017253,3.716326613,0.481719381,0.251054414,0.689380368,0.084555676,0.033230698,0.163556169,0,0,0,26.66099754,14.66093499,39.09786312,0.738285937,0.419563914,1.376976339,0.73356509,0.416737132,1.36813566,0.540633812,0.000221007,2.128106533,0.006497815,2.49E-06,0.026656197,0,0,0,0,0,0,0.010643579,4.33E-06,0.041972407,0.410754485,0.000164846,1.673131105,0.41085965,0.000164698,1.671596306,0.252553996,0.050587704,0.647699953,0.034785534,0.007341462,0.08116997,0.107221403,0.023371017,0.208784137,0,0,0,15.33577022,4.226949816,29.36097696,1.199266601,0.307365317,2.314471392,1.191505085,0.30518831,2.299521424,0.227384167,0.061975279,0.496319375,0.441188405,0.198760342,0.747635461,0.00123307,0.000434643,0.002723446,0,0,0,3.975402745,1.80116004,7.44331082,2.888763814,1.055778798,5.056787856,2.879248752,1.052488319,5.053356333,-8.126763953,-9.841881015,-6.487648765,-0.273707583,-0.505200922,-0.128353373,-0.138350113,-0.246624621,-0.066357344,0,0,0,-48.86325992,-62.9932023,-38.56639255,-14.63938358,-18.27258273,-10.91597886,-14.6126499,-18.24280141,-10.90551879,0.946104461,0.88174979,0.999699661,0.447277058,0.247107686,0.646934957,0.044075716,1.79E-05,0.174457637,0.102387715,0.026802155,0.19866586,0.195833008,0.085504492,0.323658464,-0.938874604,-0.999994425,-0.715387327
bucao_river_zam22,827.6984879,850.6274429,1024.09,476.8284771,773.0995193,2.081245672,0.704422,0.372989917,0.300563333,0.501035323,0.103762163,0.079072531,0.135958615,0.322871638,0.245301825,0.43948014,1.000000873,0.999999357,1.02158925,0,0,0,0.413619475,0.181959915,0.712997034,0.416438715,0.183203382,0.717836403,0.575666382,0.274281087,1.107063371,0.520079906,0.232907321,0.830577204,0.118218661,0.028758084,0.284073067,0,0,0,2.834985556,1.278846072,4.37993988,0.131896637,0.055105753,0.276253695,0.131892048,0.055039224,0.275982203,1.033025443,0.51638222,1.520354906,0.06360617,0.031906167,0.094178538,0,0,0,0,0,0,0.00994102,0.004982365,0.015797561,0.53045934,0.278027132,0.811819965,0.5335776,0.279667669,0.816494203,0.280107475,0.139842238,0.564199033,0.179469508,0.089174058,0.298237953,0.648654031,0.439568673,0.840459181,0,0,0,4.402821051,3.092345898,6.111692217,0.854390244,0.549144523,1.267289014,0.852603501,0.548605425,1.266258655,0.0825182,0.031186608,0.1876933,0.691042853,0.381855864,1.074215578,0.00261445,0.000741397,0.005098218,0,0,0,0.60999551,0.324229647,1.011473853,0.883410996,0.395065535,1.404512692,0.885980009,0.395283041,1.407083142,-1.670684353,-2.125015428,-1.299182487,-0.678179241,-1.019638398,-0.354776178,-0.167078018,-0.295519656,-0.08228965,0,0,0,-7.381140667,-8.91572201,-5.798168701,-2.125319039,-2.878749487,-1.546534905,-2.130261903,-2.884070188,-1.5491472,0.274346155,0.21405361,0.367541408,0.403066634,0.177903828,0.71685483,0.336909671,0.169879001,0.49567303,0.426340996,0.278678148,0.559169553,0.249018442,0.139717767,0.392544569,-0.883543504,-0.999999071,-0.69462947
maloma_river_zam22,280.7899596,860.4813824,304.87,91.95272614,761.1180345,0.592133655,0.704555,0.198942469,0.157677842,0.26019337,0.018103794,0.013478479,0.024293877,0.190641302,0.149009082,0.242288059,0.999999505,0.99965618,1.000554594,0,0,0,0.757442298,0.342220678,1.308794476,0.762468015,0.344471568,1.317308132,1.538840989,0.904332852,2.014936598,0.44923742,0.249786352,0.617391888,0.33166398,0.133451628,0.662024893,0,0,0,2.348804889,1.452332803,2.987887291,0.41647761,0.214731582,0.744127708,0.416205007,0.214595258,0.742751087,1.248053989,0.629420665,2.00854646,0.026087074,0.013341072,0.041654889,0,0,0,0,0,0,0.004200232,0.002222121,0.00705894,0.783317757,0.39481358,1.304849935,0.787729944,0.396903988,1.311797425,0.271928565,0.092741178,0.540253249,0.055094198,0.027276755,0.100486213,0.742302297,0.419044329,1.002796967,0,0,0,1.786724758,1.071801817,2.642430166,0.953327257,0.494338531,1.505808435,0.952868457,0.494210698,1.505385763,0.293701448,0.12315947,0.561748399,0.741871156,0.462388394,1.017887058,0.008586224,0.004356446,0.016239675,0,0,0,0.66295725,0.404712505,1.029956965,1.9726549,1.256805966,2.84700349,1.974441102,1.25833893,2.849345741,-2.790963281,-3.459706558,-2.141173996,-0.287270713,-0.500713322,-0.11945059,-0.299428951,-0.557325121,-0.153661837,0,0,0,-3.936938198,-4.771823629,-3.145321314,-4.605401421,-5.672757239,-3.360674567,-4.610826343,-5.68134561,-3.36219292,0.08968555,0.073204174,0.113626421,0.698103359,0.393141443,0.906052238,0.259166157,0.130183819,0.414679686,0.262881917,0.156138356,0.367793916,0.507442342,0.313103883,0.702034181,-0.88531208,-0.999998389,-0.690019156
bulsa_river_us_zam23,447.3027596,529.0886649,290.4397365,57.40783573,748.7448816,0.447393806,0.704381,0.079866093,0.06138011,0.103471003,0.019554257,0.014315434,0.024833542,0.119398788,0.091807088,0.157725728,0.9999996,0.999996993,1.000861423,0,0,0,0.707425591,0.321998325,1.1711211,0.712257499,0.324174076,1.179030147,0.906254503,0.582435908,1.154055172,0.674242116,0.435029989,0.870999912,0.329222867,0.125403987,0.557971106,0,0,0,2.093127747,1.441021523,2.699468841,0.512790071,0.251806082,0.823313933,0.512344319,0.251387141,0.822357418,1.011179325,0.677738704,1.452034667,0.056978308,0.037757303,0.081934468,0,0,0,0,0,0,0.00570307,0.003656543,0.008094353,1.363058263,0.909730401,1.967971223,1.372198527,0.915871398,1.978322275,0.199802008,0.077693518,0.434733047,0.108427518,0.055065647,0.194866713,0.860650724,0.530240335,1.089543413,0,0,0,1.916370562,1.223086046,2.746662088,1.619675855,0.837933983,2.293436083,1.617644891,0.836554864,2.289054391,0.082532048,0.033940384,0.148344095,0.536999755,0.314721067,0.901246344,0.004331962,0.001674762,0.008424412,0,0,0,0.293521923,0.170805285,0.534809293,1.669856501,0.772727546,2.67206296,1.668469467,0.772146869,2.667071773,-1.419223977,-1.782282581,-1.057811485,-0.491198853,-0.760501972,-0.237175235,-0.318771504,-0.559536211,-0.150830647,0,0,0,-3.49648475,-4.21730631,-2.736018619,-5.424695489,-6.726198422,-4.131976067,-5.438571713,-6.737968917,-4.13828602,0.061766243,0.052006101,0.082880418,0.714262763,0.472369106,0.904337858,0.381495807,0.255302346,0.544910414,0.34289459,0.220417977,0.472686734,0.254685345,0.156289161,0.429567218,-0.876218266,-0.999999336,-0.676525491
camiling_river_ds_zam23,397.3002645,665.7889323,183.9059996,82.68975827,617.5894606,0.326708549,0.704421321,0.134407413,0.104363939,0.171277461,0.021651833,0.016537817,0.029176168,0.27148148,0.202065482,0.359808637,0.999999891,0.999916943,1.004655777,0,0,0,0.872043087,0.403368901,1.537555564,0.877996986,0.406052181,1.547908609,0.975236129,0.603587302,1.253175199,0.539664208,0.335765337,0.734548399,0.516108887,0.200817947,0.882237147,0,0,0,2.576299664,1.816129275,3.363665548,0.744215208,0.439408274,1.140696448,0.744084221,0.438745632,1.139703024,0.999300457,0.577539142,1.499578956,0.039692441,0.022350306,0.056597268,0,0,0,0,0,0,0.00615805,0.003400504,0.009088843,1.611767353,0.887849906,2.364347538,1.622566186,0.893275924,2.378974251,0.098523685,0.030547109,0.285025325,0.042906976,0.014320417,0.086248178,0.636311001,0.232446815,1.053722066,0,0,0,1.317309151,0.525339871,2.33453483,1.00147896,0.395705867,1.842686979,1.000517511,0.395858135,1.839816265,0.124241859,0.042202869,0.263210882,0.634557288,0.382091719,0.936343904,0.009554754,0.003967795,0.018647245,0,0,0,0.546686151,0.314038855,0.852979739,2.640496988,1.609006985,3.843985504,2.642019348,1.613179858,3.841996918,-1.491152019,-1.990108241,-1.065811203,-0.288182255,-0.550888365,-0.134873421,-0.483429719,-0.90183009,-0.229105158,0,0,0,-3.743175045,-4.744091314,-2.698686945,-6.825631328,-8.742950288,-4.997762269,-6.837843008,-8.758828319,-5.007275792,0.093648669,0.076914727,0.12313379,0.690961189,0.465946755,0.929637743,0.339224931,0.194842828,0.508000095,0.155748899,0.070183538,0.305207663,0.391996411,0.232062808,0.570318961,-0.823269827,-0.999917598,-0.590919024
malabobo_river_zam23,408.5034183,525.5297264,160.833185,57.83177728,601.4954602,0.303156536,0.7038174,0.087964701,0.069835255,0.114891737,0.01920659,0.014494289,0.024859484,0.221691879,0.170907444,0.288060418,0.999999839,0.999996497,1.00540053,0,0,0,0.569734023,0.276104689,1.083115276,0.574104365,0.278238376,1.091480774,0.931219488,0.611942074,1.177796006,0.620685197,0.387499742,0.77279652,0.58672957,0.26278111,0.933741515,0,0,0,2.374604772,1.885703083,2.936660288,0.718893572,0.396101103,1.118371919,0.718432735,0.39614459,1.118946869,0.852677879,0.428101029,1.21300656,0.040787586,0.021343098,0.059890878,0,0,0,0,0,0,0.005079659,0.002588278,0.008036786,1.496594738,0.73845052,2.190874147,1.505924248,0.742920355,2.207999453,0.091999738,0.022105409,0.254448594,0.042791792,0.016914608,0.100935927,0.660340726,0.261761621,1.094153504,0,0,0,1.220865559,0.522773394,2.2876896,0.953503975,0.359318249,1.850857005,0.953452613,0.359583872,1.849754601,0.120687558,0.055924682,0.231143359,0.695399938,0.394562976,1.006492979,0.008971957,0.004006353,0.016318346,0,0,0,0.481469738,0.303123709,0.753461433,3.230912551,1.919000663,4.618823464,3.23029336,1.918159091,4.613735038,-1.169345929,-1.485144762,-0.862187157,-0.449810711,-0.670379344,-0.268597467,-0.520265675,-0.915013745,-0.255238561,0,0,0,-3.388378611,-4.324997502,-2.609694474,-6.869592444,-8.56686495,-4.965736964,-6.884672377,-8.583676459,-4.974311021,0.073939791,0.061081336,0.095474745,0.771564061,0.520930239,0.95060932,0.337786454,0.169437518,0.482322293,0.176363446,0.072734605,0.319045068,0.385298478,0.222206211,0.571293574,-0.808845065,-0.999997912,-0.582761699
bayaoas_river_zam23,573.6064674,711.4996914,186.6120705,83.2803994,919.8148478,0.33834797,0.7041138,0.088329366,0.069645418,0.113715032,0.020878839,0.01510371,0.026812908,0.27341469,0.204342737,0.34924481,0.999999972,0.999194328,1.002418751,0,0,0,0.723231476,0.278524449,1.37674191,0.72852452,0.280558189,1.386548175,0.853883426,0.581803169,1.104653196,0.59448068,0.386774992,0.781011106,0.635369913,0.269011622,1.001478437,0,0,0,2.150104086,1.659305557,2.787672004,0.873658263,0.469427507,1.39816873,0.872560023,0.469206797,1.398157253,0.834163263,0.508560291,1.239547478,0.044089675,0.026468023,0.064291902,0,0,0,0,0,0,0.005023751,0.002982003,0.00716554,1.93603187,1.164820209,2.785583104,1.94978354,1.171771075,2.803539931,0.08997649,0.017506144,0.249240292,0.039819113,0.013485449,0.086419257,0.636606787,0.204748719,1.128935487,0,0,0,0.954291357,0.370928715,1.662181735,0.998609368,0.33872378,2.106206153,0.998340408,0.338964012,2.104183667,0.101465545,0.041158968,0.202384533,0.667276543,0.379617041,0.993550376,0.011732703,0.004727934,0.021032938,0,0,0,0.414370011,0.227973725,0.639400577,3.551191423,1.938591539,4.881107091,3.549448053,1.936922671,4.877840804,-1.12131072,-1.489267983,-0.793084598,-0.410353816,-0.67092051,-0.22200065,-0.670846799,-1.047743815,-0.343973707,0,0,0,-2.806961527,-3.554997621,-2.104038453,-8.201579493,-10.46179028,-5.665612588,-8.213411497,-10.48700462,-5.680443107,0.077125731,0.064507313,0.09912159,0.740957447,0.512180557,0.950885647,0.348380083,0.210315237,0.513034932,0.14763609,0.052086423,0.290064574,0.370235397,0.221328316,0.55917837,-0.809615468,-0.999990903,-0.57997033
mapita_river_zam23,762.7875642,797.4490846,283.5677408,78.91461936,1060.850988,0.533959198,0.7041833,0.063395953,0.048194833,0.080461965,0.01739319,0.012864509,0.023207776,0.170842363,0.130494685,0.224851951,0.999999786,0.99999636,1.002496229,0,0,0,0.639440298,0.299025439,1.110347673,0.643925894,0.301169446,1.118194647,0.791330309,0.505647321,0.98860574,0.621697864,0.420541269,0.85434081,0.466768113,0.194751972,0.868148441,0,0,0,2.273956282,1.650419899,2.790433805,0.655584454,0.341814466,1.04587461,0.655341926,0.341629517,1.045257873,0.925540733,0.606786053,1.290623989,0.056188859,0.035795275,0.081522745,0,0,0,0,0,0,0.006353932,0.003878543,0.008528884,1.78071503,1.098874845,2.43098362,1.791361517,1.105088847,2.447784393,0.123071448,0.035605433,0.327798574,0.071308019,0.029176443,0.138420774,0.786359613,0.362273512,1.233882606,0,0,0,1.498555751,0.718849178,2.330036556,1.216893444,0.574640557,2.119238994,1.216398755,0.573802068,2.115881204,0.087313039,0.035236198,0.17525076,0.619372567,0.347518887,0.99248015,0.00790616,0.003214016,0.014851917,0,0,0,0.345426158,0.203540938,0.629481466,2.392128865,1.329270236,3.599270392,2.387773194,1.328244978,3.599831541,-1.086570078,-1.422875228,-0.794578986,-0.491820306,-0.78646815,-0.244101854,-0.471679275,-0.854863994,-0.241110578,0,0,0,-3.280327184,-4.081261522,-2.440295749,-6.622043317,-8.133446349,-4.694468034,-6.632179621,-8.14153599,-4.699304399,0.058069298,0.049473276,0.077271134,0.709969136,0.474544622,0.914693503,0.408679161,0.267935947,0.573124728,0.230289239,0.104334463,0.378430334,0.317133723,0.169629066,0.495589628,-0.836981854,-0.999993812,-0.624756425
dumoloc_river_zam23,658.0418185,853.0343551,256.1153641,111.1556145,974.0786897,0.391213459,0.704408069,0.10507274,0.080795373,0.134062489,0.022928915,0.016120997,0.030372268,0.258892978,0.202772184,0.344479147,0.999999861,0.999995273,1.002399646,0,0,0,0.817614589,0.387529877,1.692892055,0.82316717,0.390199361,1.70443225,0.901811431,0.595711181,1.1306443,0.629749786,0.404073372,0.810506635,0.539849559,0.238511431,0.91488038,0,0,0,2.407342715,1.707839798,3.162132228,0.844825767,0.487974964,1.406218056,0.84383622,0.487414865,1.405367801,0.863494677,0.538877733,1.241869867,0.042887496,0.025539861,0.062190213,0,0,0,0,0,0,0.00549539,0.003356842,0.008336997,1.926024115,1.214507903,2.864819656,1.937983324,1.22163134,2.88267943,0.077439122,0.020351473,0.202386312,0.038982682,0.014697394,0.087767137,0.614867761,0.251210967,1.055239942,0,0,0,1.110153485,0.489091982,1.881655297,1.108668661,0.405546813,2.153421913,1.108144277,0.405633089,2.152027596,0.097818943,0.037168226,0.201468434,0.627543058,0.351438657,0.962904814,0.008903102,0.002679472,0.018080426,0,0,0,0.443349102,0.238700428,0.727971662,3.158294324,1.64022021,4.749586377,3.158217344,1.638816027,4.753276386,-1.150317545,-1.545972893,-0.854249435,-0.393969398,-0.642684288,-0.209749455,-0.529495171,-0.856892446,-0.249885021,0,0,0,-3.219251726,-4.005426255,-2.423331007,-7.885843945,-10.47213797,-5.71813485,-7.891847908,-10.49565788,-5.733374556,0.088084003,0.071871475,0.113209548,0.762446381,0.494505434,0.949828087,0.344851842,0.214572883,0.491425251,0.147546708,0.064492538,0.264596197,0.36678921,0.202757554,0.529681578,-0.76394518,-0.99947395,-0.590135479
pmb1_zam23,910.1252558,1664.184324,163.5036496,173.7759851,764.3225921,2.560270022,0.7086706,0.114216808,0.087585383,0.151397843,0.018023367,0.013317538,0.024325362,0.631145932,0.482043082,0.826815997,0.999999196,0.963566555,1.00000423,0,0,0,0.826355933,0.448086496,1.257139858,0.827002957,0.448451554,1.257982019,0.53172932,0.120081788,0.899750395,0.248201985,0.056411541,0.498879455,0.538254234,0.111706412,1.087663482,0,0,0,2.888026513,0.649442781,5.040174203,0.105033334,0.026250247,0.215872946,0.104301163,0.02609774,0.214447972,1.195220867,0.836473264,1.646058945,0.041856759,0.030554875,0.058797217,0,0,0,0,0,0,0.013264478,0.008916939,0.01894673,0.572000975,0.399369712,0.793733071,0.571720498,0.399445161,0.793450888,0.025514541,1.31E-06,0.096751167,0.01015454,3.74E-07,0.029579651,0.404509378,1.09E-05,1.097222701,0,0,0,0.744474997,3.05E-05,1.850556331,0.078317891,2.10E-06,0.181197923,0.077830777,2.09E-06,0.179946726,0.175999241,0.066514795,0.344693446,0.870365305,0.605997937,1.03187949,0.032459409,0.014314185,0.056873014,0,0,0,1.407156187,0.901545133,2.079586621,0.51932628,0.245425427,0.950836353,0.516516494,0.243813645,0.947082805,-1.208003275,-1.772209023,-0.656205411,-0.168446785,-0.339456647,-0.069828314,-0.868576565,-1.674224135,-0.381247596,0,0,0,-4.788601444,-6.941197152,-2.802247912,-1.344729045,-2.102041087,-0.73244618,-1.342829381,-2.10067865,-0.731688117,0.084833425,0.072334569,0.112169006,0.393589756,0.093325355,0.696032084,0.423026281,0.297204707,0.580829349,0.047035608,1.17E-06,0.120386023,0.592358414,0.420752745,0.728764818,-0.623121632,-0.910791729,-0.359557176
pmb2_zam23,1005.18988,1797.737091,145.5937333,166.1103433,941.2497775,2.718876059,0.7086786,0.102841042,0.07835436,0.137097152,0.015847944,0.011914699,0.020330937,0.694228501,0.527592667,0.860818486,0.999999512,0.96859633,1.00000162,0,0,0,0.665506786,0.348621471,1.049236631,0.666034055,0.348905012,1.05010548,0.577685538,0.207395767,1.023663669,0.299428613,0.092012906,0.5608208,0.679650526,0.213029812,1.395383635,0,0,0,2.782456478,0.953888152,4.538592408,0.12462144,0.037184541,0.22462388,0.123701722,0.036923979,0.223020731,1.051042972,0.749420069,1.499181121,0.037652629,0.0264527,0.054109084,0,0,0,0,0,0,0.01069072,0.007515895,0.015335519,0.533146804,0.369232441,0.741349002,0.532788304,0.369007816,0.74138632,0.019997688,1.77E-06,0.083452448,0.010667152,4.07E-07,0.030386633,0.523344705,8.99E-06,1.292145901,0,0,0,0.624705615,2.38E-05,1.701970207,0.083097488,2.25E-06,0.190907071,0.082617887,2.23E-06,0.189663514,0.167172335,0.073213057,0.351843049,0.852067357,0.567546649,0.98920845,0.0397927,0.016861881,0.07290224,0,0,0,1.193869909,0.773150847,1.749201391,0.586736527,0.302618909,1.020471566,0.583315647,0.302222415,1.021002905,-1.11934331,-1.678261753,-0.676032232,-0.162523327,-0.36115812,-0.067125229,-1.294068286,-2.315702729,-0.501133451,0,0,0,-4.292327579,-6.116392527,-2.623171857,-1.280157244,-1.87823781,-0.670556444,-1.278659633,-1.875727126,-0.670324874,0.076605645,0.064988544,0.098471813,0.440290637,0.156106521,0.803633173,0.382576579,0.271365789,0.544954743,0.046366493,1.35E-06,0.121449551,0.591974905,0.391444822,0.701843248,-0.633040356,-0.915542769,-0.364817799
pmb3_zam23,745.047158,1839.662621,124.4436532,158.1113023,955.91953,0.541580144,0.708594,0.121460641,0.093624545,0.16591271,0.01422192,0.010720876,0.018867825,0.789735597,0.604431625,0.988922267,0.999997495,0.96874396,1.00000181,0,0,0,2.661909842,1.303346442,4.511096408,2.664340106,1.304363914,4.514880902,0.713496887,0.324816252,1.147233927,0.256046499,0.100755545,0.494582384,0.737254848,0.237132323,1.408688271,0,0,0,2.542131859,1.147101357,4.28152285,0.528903752,0.201728538,0.984768755,0.524969557,0.200337917,0.979045629,1.296451246,0.823174615,1.831576642,0.034173823,0.022734784,0.048120167,0,0,0,0,0,0,0.009389239,0.006115119,0.013494634,2.412451412,1.544563383,3.352765252,2.413491794,1.545221896,3.353620123,0.043696399,0.003982432,0.125394003,0.011877582,0.000822464,0.030299707,0.643774906,0.05669249,1.608799044,0,0,0,0.740648828,0.069894565,1.946780478,0.42286427,0.042978939,1.02357871,0.420207597,0.042695987,1.017907826,0.247535756,0.112189786,0.469165878,0.895348371,0.646431872,1.058253497,0.05746606,0.027755494,0.094832079,0,0,0,1.355376794,0.921431404,1.893218973,1.992110042,0.862159173,3.475463496,1.987399109,0.857004566,3.466243562,-1.610586,-2.28022377,-1.063403423,-0.191105752,-0.368329933,-0.090383545,-1.656750792,-2.854334901,-0.875271854,0,0,0,-4.401645718,-5.819485829,-2.992721079,-8.664508289,-11.27799984,-5.950572665,-8.656346153,-11.25941545,-5.937364233,0.078440442,0.065934444,0.102203678,0.43807761,0.181178648,0.750502247,0.38041296,0.242585081,0.53822867,0.056824321,0.004898826,0.136595172,0.691546099,0.505663866,0.838676836,-0.757730478,-0.957955527,-0.532356604
pmb4_zam23,1083.86147,1621.518206,143.7778173,132.5470341,590.2082962,2.60517891,0.7087018,0.077110147,0.059646534,0.100744598,0.014370748,0.010199226,0.018912609,0.578700544,0.447631902,0.748217067,0.999999743,0.981199568,1.000002038,0,0,0,0.685874877,0.353143485,1.069749445,0.686383605,0.353399467,1.070498237,0.512160844,0.145422762,0.858733262,0.325060622,0.088193746,0.585812527,0.7289168,0.163672593,1.380934803,0,0,0,4.372582111,1.34395556,6.811953516,0.118929986,0.038909579,0.253481285,0.118099722,0.038654142,0.251663667,1.196089356,0.902278451,1.563013762,0.051374271,0.038608117,0.067222196,0,0,0,0,0,0,0.020868893,0.016245077,0.027378433,0.67904928,0.522576446,0.888745739,0.679634871,0.523043627,0.889410528,0.01992171,0.001569855,0.074434035,0.010765424,0.000583303,0.027787649,0.521472982,0.027233947,1.403024298,0,0,0,0.970169406,0.079293544,2.518573949,0.078024621,0.005724591,0.207677401,0.077460838,0.005685346,0.206409281,0.140685429,0.046491036,0.253397444,0.827326397,0.521874485,1.001588479,0.032100175,0.012664531,0.060236293,0,0,0,1.596814289,1.019355499,2.353224341,0.612181707,0.302447992,1.050657168,0.608790231,0.301329983,1.049725068,-1.053646045,-1.530906874,-0.669092306,-0.175626551,-0.348279802,-0.074397517,-1.344571784,-2.259595428,-0.526395475,0,0,0,-6.844979713,-9.13317121,-4.349605964,-1.418123989,-2.069728554,-0.838592022,-1.417712552,-2.065022328,-0.837022051,0.065940897,0.053507848,0.086538403,0.437041765,0.124232556,0.747069504,0.484228452,0.364290339,0.633089164,0.046672611,0.003529477,0.124990193,0.515940812,0.336315983,0.678492133,-0.663349804,-0.885411971,-0.418569529
sc7_zam23,49.77793303,1283.398478,153.0710344,19.80001692,657.005519,0.125290912,0.706274733,0.251681404,0.19574619,0.338948431,0.002959968,0.002130292,0.003836351,0.086973644,0.065009252,0.113794636,0.999994615,0.998157502,1.000580694,0,0,0,2.66326433,1.44202321,4.045567653,2.674219856,1.448054628,4.062331584,6.347033712,2.866692784,9.969432834,0.21842542,0.096663639,0.370679454,0.49864704,0.151184541,0.942253387,0,0,0,2.189031666,0.999505675,3.250443877,1.264936892,0.650908395,2.611393133,1.260431981,0.648526244,2.602179343,6.49404355,2.684224461,10.09847801,0.016173086,0.006519252,0.025302434,0,0,0,0,0,0,0.004618916,0.001853413,0.007504545,3.555649452,1.446753682,5.356297048,3.568434102,1.451469045,5.374908232,0.71218874,0.291571539,1.794274505,0.024418306,0.009952633,0.042264274,0.90635765,0.472992734,1.323737117,0,0,0,1.41693597,0.743329038,2.209398755,2.683818398,1.488571352,4.252323152,2.675820708,1.483716776,4.238090406,2.039883486,0.961072134,3.771781861,0.868909827,0.696275572,0.981310754,0.032905232,0.013830546,0.050788057,0,0,0,1.214773669,0.866307842,1.660544724,9.032399632,5.100678881,13.97245998,8.993487562,5.109975918,13.9877389,-16.76971116,-21.10497229,-12.66131936,-0.127121907,-0.226268485,-0.060497505,-0.54228334,-1.017672213,-0.258315814,0,0,0,-4.070597955,-5.112681192,-3.150050098,-20.71932288,-25.76863499,-14.67803072,-20.75120451,-25.75806028,-14.68089213,0.019555623,0.015882677,0.026179125,0.479893431,0.196211879,0.767155972,0.232901603,0.09616502,0.36321204,0.147945146,0.090476685,0.229168395,0.84842179,0.674792354,0.991915347,-0.797629534,-0.980779934,-0.620656748
sc5_zam23,62.17875143,1501.090311,134.9118747,27.70936169,753.4270963,0.149662817,0.7057827,0.279923123,0.217572556,0.35615072,0.003294099,0.00239642,0.004435149,0.125050022,0.097103554,0.173474776,0.999997847,0.997450986,1.002765161,0,0,0,2.596039401,1.101487786,4.080665774,2.608297002,1.106759736,4.100014517,5.362470742,2.195509163,9.024244564,0.20405427,0.072321368,0.346055854,0.503434024,0.131914502,1.063238125,0,0,0,2.023235251,0.824986256,3.326965315,1.23536179,0.470019198,2.314471395,1.232008474,0.469059367,2.307102257,5.298338407,2.559658284,9.037659903,0.014058413,0.007274048,0.023126229,0,0,0,0,0,0,0.004109013,0.001846472,0.007180479,3.03446549,1.443367274,5.105276616,3.047321405,1.449082732,5.124267888,0.685631012,0.219579737,1.552160991,0.020464639,0.009065304,0.038611742,1.001601752,0.465303887,1.592470365,0,0,0,1.225937386,0.60970397,2.111603806,2.463284309,1.269192997,4.051075383,2.457793754,1.264678479,4.039668026,2.069308783,0.880182875,3.412966784,0.864361581,0.711412758,0.974178418,0.043245625,0.01912561,0.067257809,0,0,0,1.28580284,0.925151091,1.721046029,8.562976873,4.705861683,13.23584298,8.55861743,4.713102202,13.28347098,-14.93900638,-18.84530879,-10.53824799,-0.128076427,-0.208435444,-0.054908789,-0.755756073,-1.483118271,-0.350795235,0,0,0,-3.864840443,-4.885840611,-2.801230183,-18.80963756,-24.78603502,-12.93945164,-18.81552492,-24.75748002,-12.95499736,0.022578817,0.019207228,0.030911863,0.45316656,0.180437003,0.743859415,0.206510954,0.100573678,0.352538337,0.136956655,0.073764706,0.216063453,0.878519475,0.719359716,0.999753591,-0.789692898,-0.975845784,-0.556781758
sc1_zam23,321.8973003,1954.82411,4659.71159,107.7341833,571.764287,1.339225496,0.7087946,0.220755675,0.168795491,0.290204688,0.010407226,0.007549907,0.014143475,0.015852162,0.011735525,0.021910833,0.999989601,0.993936406,1.000005704,0,0,0,1.68568205,0.913816795,2.338523715,1.686625608,0.914248503,2.339754909,1.767132208,0.536902458,3.313062776,0.272043973,0.070599694,0.484583274,0.026975897,0.005812469,0.072267911,0,0,0,4.348834975,1.585805519,8.23152594,0.241845815,0.067530613,0.457921493,0.240166287,0.06706072,0.454415288,12.1584509,9.21015089,14.82796434,0.132584585,0.095838044,0.160573629,0,0,0,0,0,0,0.062365427,0.047522878,0.07821925,4.074203691,2.948187161,4.914181679,4.077795297,2.948451691,4.914078665,1.419367285,0.781560901,2.284239283,0.312260933,0.197328528,0.507715289,0.970985964,0.900641946,1.043895247,0,0,0,24.42937938,21.24463204,27.23715826,4.598378485,4.102201321,5.275424177,4.5667245,4.077379503,5.239861566,0.415999851,0.151188793,0.881713503,0.595875797,0.322135464,0.988522966,0.001094391,0.000347726,0.0022521,0,0,0,1.60556081,0.863390892,2.814175815,2.551934171,1.079746866,4.355087852,2.549411229,1.078246509,4.349675011,-15.99660251,-18.00921045,-13.54320893,-0.419343323,-0.828421036,-0.186146149,-0.076669925,-0.147571269,-0.039580032,0,0,0,-31.12963793,-34.21127063,-28.04992648,-12.60421683,-13.97882647,-11.47337127,-12.57071624,-13.94601641,-11.44730146,0.024640339,0.018894762,0.030973275,0.189683073,0.054829436,0.336231445,0.602730857,0.454313013,0.731647448,0.84355476,0.759315943,0.935949535,0.197362448,0.106574126,0.327561457,-0.99933387,-0.99999971,-0.918257842
lawis_river_zam23,203.6279255,839.4157581,124.1231974,775.2604857,617.6250668,0.177172078,0.7047563,2.197772846,1.917057281,2.487154215,0.141795728,0.108371402,0.165697701,2.075987389,1.820607934,2.388873211,0.924781005,0.884718522,0.984238458,0,0,0,2.823450922,1.28280525,4.963519379,2.84138959,1.290867825,4.995364894,1.459684615,0.889712531,1.915151883,0.395084106,0.200491825,0.55016532,0.260282713,0.106916743,0.508612805,0,0,0,2.64906414,1.481427205,3.576313586,1.067226263,0.545114088,1.746456639,1.065561802,0.544286649,1.744533089,0.257774219,4.97E-06,0.753892432,0.003987895,8.21E-08,0.012025791,0,0,0,0,0,0,0.000825612,1.65E-08,0.002403286,0.385949005,8.58E-06,1.147999015,0.388130845,8.62E-06,1.154872383,0.097876555,8.89E-06,0.34733099,0.012234486,1.36E-06,0.039061779,0.266579954,2.48E-05,0.613860105,0,0,0,0.812482729,6.50E-05,1.842956113,0.67365989,7.30E-05,1.686737602,0.673424458,7.29E-05,1.684288275,0.229456681,0.103071808,0.450670985,0.572273966,0.380977745,0.796911295,0.015993732,0.006594966,0.028872593,0,0,0,0.642967084,0.419340752,1.004286488,8.415669569,5.804751611,11.03040232,8.405286578,5.794184407,11.0179544,-3.609900799,-4.079727945,-3.171005064,-0.139818843,-0.254078918,-0.060650085,-1.935072332,-2.211935736,-1.548310339,0,0,0,-3.321086527,-4.10184379,-2.709950474,-14.09052559,-16.97109222,-10.84355483,-14.11848587,-16.94904889,-10.85148848,0.691986223,0.645582841,0.768968481,0.608534895,0.338486585,0.779864658,0.047818435,9.20E-07,0.140383761,0.069699893,6.67E-06,0.154221368,0.456387207,0.314151883,0.64784382,-0.999993747,-0.999999506,-0.922442443
masinloc_river_zam23,185.2886871,643.2009875,131.4580737,745.3642851,524.0697881,0.525377015,0.70690911,2.280432181,2.062622358,2.547477859,0.170241869,0.136771833,0.199860555,1.813131536,1.541413512,2.060071442,0.911493253,0.877433288,0.970538027,0,0,0,1.802399627,0.852068952,2.647083759,1.808404324,0.854783726,2.655819684,1.319729789,0.794150432,1.734923996,0.444944614,0.226081545,0.604407534,0.186918257,0.070455065,0.429045075,0,0,0,2.638338586,1.533006854,3.5105282,0.286509505,0.148765441,0.476327757,0.285418274,0.148071919,0.474898038,0.097568476,2.02E-06,0.575654201,0.001888364,3.86E-08,0.010358805,0,0,0,0,0,0,0.000339271,6.60E-09,0.001888013,0.049414244,9.33E-07,0.272965256,0.049556162,9.35E-07,0.273693792,0.077092121,1.13E-05,0.290600667,0.012050859,1.83E-06,0.035524774,0.210701079,3.13E-05,0.468280234,0,0,0,0.658855857,6.12E-05,1.714854718,0.162330737,2.65E-05,0.435403786,0.161646903,2.64E-05,0.433651326,0.175467265,0.062955205,0.35883189,0.5182341,0.291004525,0.754820027,0.0096137,0.004397223,0.019169037,0,0,0,0.545978654,0.297219182,0.911369889,1.718787573,0.846419178,2.711849549,1.716733628,0.845739637,2.704090269,-3.363143645,-3.769187801,-2.965525125,-0.127799563,-0.248520553,-0.053343456,-1.454917217,-1.690119279,-1.125613359,0,0,0,-3.050750837,-3.788569218,-2.504710434,-3.711068927,-4.574922389,-2.598308414,-3.712520276,-4.578171111,-2.600292942,0.792315229,0.739493502,0.853578349,0.595808328,0.344770743,0.801163064,0.020182131,4.19E-07,0.118189746,0.0664493,7.44E-06,0.152558435,0.386443852,0.231852808,0.580584747,-0.999997875,-0.999999602,-0.911428426
salasa_river_zam23,182.9183093,501.2548858,158.7680256,85.00832088,402.7772832,0.365848121,0.7072619,0.283211929,0.213997712,0.368975973,0.02934286,0.021277515,0.038520987,0.338711359,0.261196584,0.457083343,0.999999793,0.984440051,1.000197334,0,0,0,1.527007718,0.772663121,2.565050683,1.531163458,0.774827308,2.572113147,1.385820011,0.754179033,1.807459711,0.452748976,0.2120055,0.647025788,0.380141406,0.148494993,0.70402624,0,0,0,2.596482208,1.466692822,3.494381786,0.338829198,0.188336085,0.613077638,0.337233274,0.187339191,0.610170867,1.343126851,0.654943153,2.192145592,0.032612402,0.015465757,0.051980761,0,0,0,0,0,0,0.005890875,0.00279617,0.009401023,0.881406562,0.42314852,1.470455029,0.883381331,0.424239626,1.474054727,0.133486137,0.044736003,0.318108962,0.032577371,0.013380585,0.064694021,0.54441688,0.204824253,0.821464959,0,0,0,1.473908054,0.660448322,2.382452611,0.59327957,0.252704121,0.914996461,0.590595859,0.251632164,0.91053872,0.218719646,0.089039083,0.421162917,0.727047546,0.420973358,0.962524471,0.008769489,0.003481413,0.01768883,0,0,0,0.686272915,0.411609332,1.034029537,1.310228305,0.575839338,2.255533825,1.306760557,0.5735043,2.257392693,-2.544429939,-3.309837895,-1.88762514,-0.246711092,-0.465173125,-0.102168992,-0.318956023,-0.57885132,-0.14332876,0,0,0,-3.982824307,-4.830769079,-3.07058771,-4.486829886,-5.596332388,-3.288504073,-4.478303598,-5.591418357,-3.286936779,0.137837564,0.116043528,0.183926815,0.688542974,0.355607605,0.906701634,0.308669381,0.151769375,0.507005799,0.172962227,0.069639599,0.253645162,0.48867219,0.286778895,0.687491121,-0.866407097,-0.99998402,-0.698379507
bagsit_river_zam23,126.0791457,611.0676815,119.8148478,14.54827518,431.0129963,NaN,0.70879288,NaN,NaN,NaN,NaN,NaN,NaN,NaN,NaN,NaN,NaN,NaN,NaN,NaN,NaN,NaN,NaN,NaN,NaN,NaN,NaN,NaN,NaN,NaN,NaN,NaN,NaN,NaN,NaN,NaN,NaN,NaN,NaN,NaN,NaN,NaN,NaN,NaN,NaN,NaN,NaN,NaN,NaN,NaN,NaN,NaN,NaN,NaN,NaN,NaN,NaN,NaN,NaN,NaN,NaN,NaN,NaN,NaN,NaN,NaN,NaN,NaN,NaN,NaN,NaN,NaN,NaN,NaN,NaN,NaN,NaN,NaN,NaN,NaN,NaN,NaN,NaN,NaN,NaN,NaN,NaN,NaN,NaN,NaN,NaN,NaN,NaN,NaN,NaN,NaN,NaN,NaN,NaN,NaN,NaN,NaN,NaN,NaN,NaN,NaN,NaN,NaN,NaN,NaN,NaN,NaN,NaN,NaN,NaN,NaN,NaN,NaN,NaN,NaN,NaN,NaN,NaN,NaN,NaN,NaN,NaN,NaN,NaN,NaN,NaN,NaN,NaN,NaN,NaN,NaN,NaN,NaN,NaN,NaN,NaN,NaN,NaN,NaN,NaN,NaN,NaN,NaN,NaN,NaN,NaN
bucao_river_zam23,566.919507,759.4733594,459.8896208,3025.086735,736.6743813,1.160999422,0.7047803,NaN,NaN,NaN,NaN,NaN,NaN,NaN,NaN,NaN,NaN,NaN,NaN,NaN,NaN,NaN,NaN,NaN,NaN,NaN,NaN,NaN,NaN,NaN,NaN,NaN,NaN,NaN,NaN,NaN,NaN,NaN,NaN,NaN,NaN,NaN,NaN,NaN,NaN,NaN,NaN,NaN,NaN,NaN,NaN,NaN,NaN,NaN,NaN,NaN,NaN,NaN,NaN,NaN,NaN,NaN,NaN,NaN,NaN,NaN,NaN,NaN,NaN,NaN,NaN,NaN,NaN,NaN,NaN,NaN,NaN,NaN,NaN,NaN,NaN,NaN,NaN,NaN,NaN,NaN,NaN,NaN,NaN,NaN,NaN,NaN,NaN,NaN,NaN,NaN,NaN,NaN,NaN,NaN,NaN,NaN,NaN,NaN,NaN,NaN,NaN,NaN,NaN,NaN,NaN,NaN,NaN,NaN,NaN,NaN,NaN,NaN,NaN,NaN,NaN,NaN,NaN,NaN,NaN,NaN,NaN,NaN,NaN,NaN,NaN,NaN,NaN,NaN,NaN,NaN,NaN,NaN,NaN,NaN,NaN,NaN,NaN,NaN,NaN,NaN,NaN,NaN,NaN,NaN,NaN
maloma_river_zam23,214.6813713,685.7848179,233.0781556,91.43372916,764.2513797,0.484963382,0.7047009,0.262568604,0.206105599,0.335047063,0.023090614,0.016865526,0.029949893,0.241051382,0.18781313,0.327539208,0.999999718,0.997289437,1.003840957,0,0,0,0.75000681,0.308450053,1.260362857,0.754854619,0.310386103,1.268301669,1.532031095,0.751210958,2.042655777,0.456233373,0.228105775,0.625021606,0.328481345,0.119814389,0.639297937,0,0,0,1.852853486,1.01596228,2.516392009,0.385266297,0.186701976,0.67672164,0.384948313,0.186558132,0.675744818,1.247335588,0.554596047,1.989377905,0.02469699,0.01094136,0.041406343,0,0,0,0,0,0,0.003337499,0.001433896,0.005301485,0.755542357,0.328921898,1.222849293,0.760090081,0.330628665,1.229917982,0.29578424,0.105165491,0.601662376,0.05921806,0.026988058,0.102728253,0.74322416,0.429528433,1.018088778,0,0,0,1.422758646,0.80520065,2.177822853,0.93249738,0.488507351,1.429695762,0.931350169,0.487778212,1.427296141,0.265490062,0.110250716,0.501790747,0.681529148,0.4511084,0.931526806,0.008094527,0.003401009,0.01477386,0,0,0,0.464824961,0.299012633,0.724598601,2.035670825,1.057750935,2.99768229,2.032535318,1.05815294,2.997389292,-2.935803283,-3.62567702,-2.075648753,-0.24212922,-0.424032027,-0.110206256,-0.3425163,-0.637140506,-0.166924518,0,0,0,-2.954102296,-3.733441615,-2.156458625,-4.447773157,-5.613809222,-3.065596836,-4.453923495,-5.625826969,-3.072559887,0.111356534,0.091683451,0.144053513,0.676208168,0.349576772,0.921406925,0.249732398,0.111080525,0.40198662,0.26219729,0.158038177,0.387258498,0.479081089,0.30759128,0.651530821,-0.878642257,-0.999999228,-0.645482485
bulsa_river_us_zam24,354.2310564,499.7943094,215.7534044,33.88429752,640.3883625,0.378119858,0.704413,0.059010924,0.04496285,0.077110186,0.011907542,0.009236687,0.01537408,0.096070961,0.075946724,0.130285896,0.999999506,0.999399924,1.000126087,0,0,0,0.624742635,0.240474032,1.110406037,0.629017018,0.242108657,1.117915616,0.987019975,0.541434037,1.248569359,0.596339609,0.343670455,0.797898251,0.379287195,0.13590678,0.690732649,0,0,0,2.154497775,1.493434776,2.747607253,0.539391799,0.24121606,0.848014836,0.53862844,0.24097262,0.848303239,1.096510729,0.640772198,1.537218048,0.049179518,0.03029513,0.070521315,0,0,0,0,0,0,0.005685725,0.003512945,0.007965713,1.365761234,0.811771915,1.913652789,1.374201201,0.817147425,1.925928645,0.179037258,0.063076963,0.399501463,0.079757046,0.03971557,0.132181645,0.844419017,0.426185199,1.155382726,0,0,0,1.66372397,0.991606632,2.39544897,1.233172408,0.669695937,2.004361685,1.232097175,0.669016242,2.001742649,0.088971899,0.034936727,0.195406056,0.638843439,0.363907706,0.976680687,0.006229695,0.0023736,0.012295976,0,0,0,0.372739216,0.214559931,0.670561345,1.878892614,0.905592441,2.908040501,1.876812809,0.904700789,2.906133919,-1.44787459,-1.890621679,-1.110235932,-0.407116385,-0.67437154,-0.182941384,-0.326917456,-0.580860281,-0.153317717,0,0,0,-3.335197854,-4.072550289,-2.521326318,-5.314651337,-6.577569707,-3.825917173,-5.327859855,-6.585925664,-3.832838168,0.044797558,0.036575228,0.058051602,0.70989029,0.398132608,0.963607185,0.385028054,0.22719897,0.542184291,0.286731585,0.16160182,0.416148352,0.341309824,0.194926769,0.524207916,-0.806523476,-0.999996053,-0.639029603
camiling_river_us_zam24,351.6983904,703.5567402,138.4346965,31.38521423,566.1365337,0.297277605,0.704217,0.05518872,0.042501716,0.069915297,0.007819389,0.005715401,0.009921771,0.139618521,0.107260142,0.181748027,0.999999297,0.999680059,1.000009008,0,0,0,0.768222464,0.324628701,1.518710774,0.773611195,0.326944911,1.529548439,0.985498318,0.581116978,1.316546595,0.435448739,0.252514865,0.645516806,0.609193219,0.215603091,0.922992037,0,0,0,2.546354297,1.666685393,3.339586988,0.639618286,0.351624935,1.069739246,0.6389208,0.351370308,1.068327398,1.099267462,0.661633465,1.523385768,0.035489426,0.021932769,0.050356877,0,0,0,0,0,0,0.006406977,0.003902644,0.008741344,1.714388701,1.079379114,2.469194457,1.724351845,1.086249894,2.48482945,0.114016345,0.031051277,0.319046816,0.039349579,0.013386071,0.082464854,0.91223846,0.410190742,1.353785727,0,0,0,1.485368362,0.705709812,2.337705479,1.088186934,0.477584923,1.944336953,1.086830911,0.477275763,1.943442105,0.182308142,0.094398884,0.395088759,0.751891517,0.480943103,1.061548853,0.016068753,0.007490103,0.031563986,0,0,0,0.767705903,0.441845806,1.139306487,3.41494434,2.146290668,4.748364891,3.41239352,2.151445207,4.747887162,-1.606243659,-2.023631927,-1.174538139,-0.325712086,-0.509026502,-0.158439961,-0.614135886,-1.08319343,-0.292891733,0,0,0,-4.036068317,-5.007548961,-2.957635103,-7.560316694,-9.500787011,-5.566144246,-7.576885214,-9.520263938,-5.578280188,0.036333895,0.030678615,0.046872742,0.667429642,0.393715798,0.894152768,0.34419056,0.207305031,0.479348493,0.179226636,0.078330475,0.294436345,0.523037746,0.329060956,0.730010066,-0.799391861,-0.986954583,-0.617621203
camiling_river_ds_zam24,366.0465834,738.6850529,129.7639819,42.08388571,552.2867944,0.321507563,0.704608,0.068099092,0.052826829,0.091835506,0.009708868,0.007335334,0.012551751,0.205252081,0.158821862,0.269257931,0.999998884,0.996161568,1.000001288,0,0,0,0.968829499,0.383996073,1.621717196,0.975179188,0.386452637,1.632383073,1.043018702,0.607224517,1.333144606,0.484544934,0.270464116,0.68605025,0.579253661,0.209059114,1.005005676,0,0,0,2.802513679,1.845819212,3.529866987,0.684965725,0.367162711,1.109778635,0.684487042,0.367024781,1.110102071,1.138511444,0.673422827,1.694451256,0.037068816,0.020904663,0.053505488,0,0,0,0,0,0,0.007224995,0.004305502,0.010371358,1.748602884,1.036595739,2.549395752,1.758516665,1.042732539,2.565450256,0.101789105,0.023810142,0.257363358,0.034388086,0.012571704,0.071435542,0.813875802,0.367355276,1.354273924,0,0,0,1.504185151,0.59363258,2.437707374,0.932868339,0.38894307,1.70680894,0.93198778,0.388420496,1.704424014,0.179126629,0.072058522,0.324295207,0.705913414,0.42791455,0.983575316,0.016096516,0.006770285,0.029724923,0,0,0,0.740398096,0.427262808,1.118934318,2.926083592,1.733825554,4.392633034,2.921429186,1.729067738,4.391335821,-1.580082089,-2.118123273,-1.220786566,-0.29027766,-0.461329116,-0.149467959,-0.706953311,-1.252358841,-0.309095015,0,0,0,-4.169133772,-5.107561313,-3.243864129,-7.006493104,-8.822285029,-5.352304612,-7.020459475,-8.846141197,-5.363102869,0.046873612,0.038541015,0.061696758,0.703451799,0.40340868,0.919069631,0.358160253,0.21353173,0.5351492,0.157415572,0.073749111,0.259700518,0.481592259,0.299725595,0.693362443,-0.817610591,-0.995463099,-0.617964437
malabobo_river_zam24,438.9480099,633.4656573,103.0226996,40.71869799,567.93717,0.299900528,0.703754,0.05679168,0.043908386,0.072254384,0.011004573,0.008320543,0.014660267,0.23963503,0.178840913,0.310515699,0.999999523,0.999610171,1.000003234,0,0,0,0.700759358,0.296100944,1.153747075,0.706204722,0.298403394,1.162537315,0.88290237,0.625321701,1.10838783,0.529394652,0.34929599,0.722481088,0.742656988,0.300602824,1.240915661,0,0,0,2.654566431,1.994932752,3.354082371,0.695895158,0.416294466,1.111086091,0.696084355,0.416579345,1.111318261,0.845627721,0.517565722,1.243675998,0.037488604,0.023261587,0.05569185,0,0,0,0,0,0,0.006037822,0.003716995,0.00905689,1.619120715,0.993367368,2.397192235,1.629956872,1.001385375,2.4132719,0.07592484,0.017860706,0.222186799,0.034292711,0.011723538,0.078003725,0.813465433,0.31595025,1.385987406,0,0,0,1.122738316,0.410680779,2.07846154,0.808862996,0.302213003,1.600214744,0.808425904,0.302064843,1.59967201,0.142789014,0.062502087,0.275550655,0.774655007,0.494686303,1.044771973,0.016712638,0.00798469,0.034854722,0,0,0,0.668235979,0.380006389,1.033856719,3.823557567,2.70655675,5.159953302,3.818827191,2.705236343,5.158232718,-1.103529762,-1.48715393,-0.843668096,-0.43702534,-0.641804506,-0.240597901,-0.910827088,-1.542136106,-0.5061631,0,0,0,-3.830022142,-4.627818043,-2.937652792,-7.567078021,-9.129532204,-5.399038854,-7.58403272,-9.151550411,-5.410633448,0.04609913,0.038608598,0.061183027,0.714225202,0.490173231,0.922383503,0.337969351,0.205646274,0.49649853,0.139121886,0.049518345,0.252516434,0.488411258,0.305367481,0.664873625,-0.817190535,-0.993281515,-0.619018368
bayaoas_river_zam24,580.7406849,911.3257486,158.5841839,42.65647477,922.9946434,0.359304023,0.704037,0.045026357,0.034691675,0.058611776,0.008036869,0.005969405,0.010547834,0.158092899,0.120886504,0.210575651,0.999998684,0.996095544,1.000000626,0,0,0,0.881173421,0.353932804,1.57467657,0.887676857,0.35655922,1.586297674,0.935829191,0.610155993,1.167855733,0.496253902,0.326212368,0.674941052,0.761890828,0.309913886,1.279790811,0,0,0,2.397244355,1.705865428,3.083265685,0.863276917,0.510077528,1.366823444,0.863712246,0.509755107,1.36517828,0.961704713,0.54515389,1.401459747,0.038721594,0.021424695,0.05811863,0,0,0,0,0,0,0.005791849,0.003146463,0.008371995,2.082271546,1.170103661,2.968871066,2.096604923,1.177590862,2.987227081,0.084301821,0.020013082,0.249546755,0.032038947,0.011193311,0.077162829,0.839184249,0.257634253,1.396310896,0,0,0,1.056333221,0.352188115,1.819323696,1.079601725,0.337924715,1.954046055,1.078022109,0.337615944,1.953972845,0.158140035,0.067194998,0.291115247,0.731925454,0.480455031,0.962733276,0.017552403,0.008792198,0.032259905,0,0,0,0.528785825,0.344582335,0.88127905,3.98945054,2.524041245,5.494318164,3.986061508,2.522295865,5.489012856,-1.290695709,-1.695256834,-0.875634779,-0.339274375,-0.52754048,-0.189081694,-0.863699342,-1.371116717,-0.448873081,0,0,0,-3.106481162,-3.960814611,-2.388056124,-8.67732378,-11.23965253,-6.386801281,-8.695550263,-11.2701128,-6.397192999,0.034132688,0.029460369,0.044143527,0.721845466,0.47913111,0.90591367,0.361284704,0.203103458,0.523235442,0.147724007,0.048789646,0.261013693,0.471726684,0.300571239,0.628470398,-0.804286918,-0.999837373,-0.592062808
mapita_river_zam24,764.9618783,896.6391068,214.9090846,45.2768454,1053.283468,0.505941299,0.704164,0.03545965,0.028056151,0.047622192,0.009051431,0.006814886,0.011861606,0.127818267,0.098332713,0.16961229,0.999999175,0.997847069,1.000000075,0,0,0,0.620422794,0.298031305,1.110044691,0.624893165,0.300125039,1.117933003,0.83625601,0.610944806,1.045094516,0.628549506,0.415774874,0.813669969,0.716286602,0.365868505,1.124800127,0,0,0,2.440847739,1.822633989,3.044228542,0.72763026,0.422234805,1.138873725,0.726939709,0.421682126,1.139130398,0.950557052,0.611057153,1.235546971,0.053214316,0.033028766,0.071216396,0,0,0,0,0,0,0.00628927,0.004231498,0.008655654,1.873371807,1.172176779,2.520387586,1.885678721,1.179773783,2.537483759,0.082190059,0.019632505,0.207088556,0.044581738,0.014332206,0.096611699,0.761104046,0.268737372,1.286249424,0,0,0,1.13148818,0.447099312,1.818483141,0.918175539,0.322963408,1.677317092,0.918076483,0.32277214,1.675820097,0.100125964,0.035061372,0.193619429,0.638488143,0.418686362,0.961995183,0.011601321,0.005452958,0.021900916,0,0,0,0.451505161,0.265040665,0.730620699,2.874364394,1.784994591,4.327336565,2.868856569,1.787749541,4.322783923,-1.054387191,-1.384582528,-0.808229297,-0.40991183,-0.691066496,-0.244874039,-0.732521093,-1.160794457,-0.320369087,0,0,0,-3.165868368,-4.158893708,-2.354875663,-6.841810218,-8.839661817,-5.127453836,-6.855199552,-8.854863215,-5.135736431,0.033163151,0.027135547,0.042941099,0.779319857,0.531727074,0.939275695,0.414059622,0.263806058,0.538221403,0.155615898,0.063073763,0.278293022,0.349979204,0.230563857,0.518984462,-0.802985341,-0.988628678,-0.581999552
dumoloc_river_zam24,711.8157832,1003.114462,222.7667559,66.09313739,942.0712291,0.451938339,0.704433,0.056439941,0.046563331,0.072377651,0.011676639,0.008644168,0.015050173,0.182339992,0.138623313,0.242379983,0.999998995,0.995302092,1.000000325,0,0,0,0.882864388,0.419007443,1.595313317,0.888828689,0.421865587,1.606293004,0.899191984,0.603395249,1.152152464,0.563153926,0.376756266,0.744821381,0.603424146,0.266208626,1.049366445,0,0,0,2.628774074,1.844268191,3.390587048,0.813803432,0.466785044,1.280817795,0.812622616,0.466047988,1.281057344,0.94975809,0.603073477,1.39368666,0.043942894,0.027747739,0.062900785,0,0,0,0,0,0,0.007034471,0.004116303,0.009963634,1.99544862,1.26942197,2.862203565,2.007669473,1.277323813,2.878352101,0.103740735,0.028953904,0.296056935,0.049011485,0.01962679,0.095557274,0.873173248,0.385704299,1.364496463,0,0,0,1.387226332,0.582822008,2.556186818,1.189167136,0.526641937,2.170960189,1.188291643,0.526120381,2.168582328,0.124494127,0.052466532,0.243117921,0.662885729,0.407342849,0.957822596,0.012416512,0.004671506,0.024920739,0,0,0,0.55870167,0.333943209,0.858636866,3.434979311,2.037174804,4.727689451,3.432150663,2.032843162,4.724014389,-1.258322383,-1.648768224,-0.951623947,-0.37705305,-0.585023118,-0.19501811,-0.763607284,-1.19671217,-0.373369868,0,0,0,-3.914810415,-4.796055428,-2.989721179,-8.242833236,-10.35260207,-5.98142075,-8.255970144,-10.3758264,-5.992460763,0.046760193,0.039470165,0.061590055,0.741290987,0.499691093,0.936397332,0.368049965,0.23670608,0.54330376,0.178375469,0.090038513,0.30114133,0.39898205,0.2406752,0.57507577,-0.841207655,-0.999873414,-0.6237677
pmb4_zam24,742.551655,2440.944575,82.11714029,59.10078132,666.8998088,1.853685187,0.708648,0.050547786,0.03851444,0.066967881,0.004326517,0.003270019,0.006035707,0.486764692,0.372804226,0.638982202,0.999999931,0.996491985,1.001608414,0,0,0,0.613175473,0.363657184,0.880182256,0.613668107,0.363962894,0.880857923,0.469280243,0.112712977,1.058208145,0.129874826,0.030514299,0.324387471,0.882731483,0.204217634,1.990699676,0,0,0,2.595762141,0.589446658,5.522729194,0.1095,0.025851723,0.24992856,0.108697571,0.025654106,0.24830785,1.471670636,1.02732161,2.047512543,0.029034366,0.019388901,0.041056649,0,0,0,0,0,0,0.015484669,0.01064544,0.022021014,0.816040191,0.526291356,1.144027609,0.816846863,0.52640228,1.144460255,0.038544072,0.005068876,0.116288952,0.008519069,0.001306042,0.023464502,1.038011926,0.245116811,2.501833433,0,0,0,1.04775846,0.210674671,2.365995757,0.128724061,0.030124628,0.31157593,0.127787639,0.02995469,0.30940428,0.345841664,0.179317724,0.602463424,0.945006733,0.795976496,1.028086729,0.115048808,0.061915869,0.19020745,0,0,0,2.585242283,1.749664281,3.506680144,1.093840306,0.46451391,1.938753424,1.090962528,0.46228697,1.934957007,-1.731098274,-2.410168215,-1.004583567,-0.131860034,-0.237973965,-0.063451508,-2.05908855,-4.045008475,-0.852409539,0,0,0,-6.400537902,-9.223923597,-3.885929608,-2.044668773,-3.059084483,-1.136293642,-2.041316301,-3.056729979,-1.134754011,0.026924686,0.021853583,0.036020183,0.241248681,0.061651769,0.557341413,0.3556113,0.249209087,0.498260924,0.047420058,0.010608975,0.113157021,0.784376881,0.661039648,0.910778369,-0.585393311,-0.854676634,-0.360990937
pmb34_zam24,660.0642772,2255.806806,70.55992971,67.71500296,802.6820595,1.490210001,0.708627,0.063961131,0.049173133,0.084312398,0.0054856,0.004179319,0.007175523,0.648165213,0.471329795,0.823869856,0.999999855,0.995049797,1.00272657,0,0,0,0.764854297,0.392439671,1.067100832,0.765489773,0.392737357,1.068073119,0.545533758,0.151293279,1.204878718,0.147993657,0.039547954,0.357834288,0.8993264,0.17486236,2.094900196,0,0,0,2.279309756,0.513285104,4.344489874,0.14352273,0.03656799,0.31731634,0.142412894,0.036300539,0.314955333,1.487182658,0.878531146,2.242789207,0.027056731,0.016109119,0.042503843,0,0,0,0,0,0,0.011308931,0.006576463,0.017206331,0.89434491,0.49072556,1.333814798,0.894685015,0.490685861,1.333620409,0.042626087,0.007086402,0.136288974,0.008798653,0.001619866,0.021518833,1.077923676,0.226549192,2.752632728,0,0,0,0.886321173,0.175637078,1.971006717,0.171190326,0.029503403,0.363728391,0.170104584,0.029309707,0.361437782,0.3681996,0.153699827,0.628356969,0.927106112,0.727339227,1.03253105,0.118161504,0.051681676,0.203402304,0,0,0,1.844061799,1.300224385,2.829275421,1.242389678,0.546385233,2.010091878,1.23647561,0.544162308,2.008036659,-1.790994073,-2.695615396,-1.035642427,-0.134550001,-0.237969341,-0.056405724,-2.523298738,-4.889560095,-1.050009838,0,0,0,-4.967340646,-7.021121519,-3.024574954,-2.509626615,-3.684865612,-1.46903919,-2.504911803,-3.678252157,-1.467142662,0.033351133,0.027019991,0.043198322,0.267500214,0.076029449,0.612765634,0.352021108,0.205994943,0.530382076,0.055726048,0.010340344,0.115865336,0.795247805,0.616882797,0.915688181,-0.641761757,-0.892127337,-0.381918204
pmb3_zam24,615.6103146,2219.376718,62.08227595,75.87228161,936.5532822,1.017550501,0.708572,0.077719715,0.058382485,0.101697134,0.006028173,0.00455838,0.008209533,0.778347317,0.593865623,1.022335195,0.999999062,0.981824943,1.000012921,0,0,0,1.164873282,0.572677343,1.747540119,1.165846421,0.573195785,1.749177057,0.628330636,0.24571825,1.277990679,0.148376168,0.052987972,0.348664617,1.150338865,0.376607493,2.358941882,0,0,0,1.927024354,0.691653864,3.906534431,0.2124981,0.074130786,0.495085786,0.21102343,0.073677898,0.491802867,1.345199685,0.825864703,2.094863294,0.024375695,0.014410556,0.037681628,0,0,0,0,0,0,0.008472752,0.004924255,0.013104973,1.081651656,0.672340982,1.719207567,1.082675603,0.672233793,1.720545705,0.033797535,0.001074417,0.120211631,0.006337463,0.000310728,0.018659796,1.113415893,0.054513945,2.730223546,0,0,0,0.600139935,0.028333589,1.445223842,0.188168354,0.008332277,0.488521987,0.186941226,0.008267797,0.485165938,0.406032157,0.177645566,0.684134408,0.932422632,0.748668612,1.022049116,0.135472169,0.056829827,0.231271913,0,0,0,1.77898602,1.207457226,2.458980863,1.342521826,0.694018314,2.512921157,1.340492571,0.693374391,2.502466316,-1.823630029,-2.712367644,-1.058559395,-0.133060379,-0.248938927,-0.057368782,-3.046602783,-5.354185856,-1.259953642,0,0,0,-4.08525685,-5.866942902,-2.525922489,-3.588066586,-5.25257763,-2.307317378,-3.581609734,-5.23999973,-2.305880273,0.037962553,0.030216484,0.047809591,0.29561214,0.115498362,0.617178885,0.303946364,0.186591452,0.474706392,0.043608397,0.001944593,0.101692915,0.816555535,0.64621937,0.930533747,-0.628735996,-0.867190665,-0.377971272
pmb2_zam24,939.366916,2255.919501,91.35400107,39.409923,995.2592743,1.948491886,0.708671,0.028411102,0.021486112,0.03803429,0.003293682,0.002350694,0.004348695,0.290834807,0.217248438,0.390276737,0.999999653,0.998562154,1.000215434,0,0,0,0.37408248,0.183187875,0.556618776,0.37438185,0.18332082,0.557078268,0.385827731,0.095417798,0.910264725,0.150620446,0.035582378,0.374461705,0.771428909,0.138617659,1.629546041,0,0,0,1.736199024,0.442807804,3.825841693,0.109468442,0.026269761,0.263565691,0.108723984,0.026088201,0.261702206,1.296076305,0.883063151,1.814586719,0.034520368,0.023720774,0.050611325,0,0,0,0,0,0,0.01172823,0.007760091,0.016589813,0.831415426,0.584228795,1.185244087,0.831354168,0.584221194,1.185896807,0.038053944,0.006883072,0.106340011,0.010396499,0.003014362,0.026921895,1.177778955,0.411980798,2.272727157,0,0,0,0.811406284,0.270957552,1.783737813,0.136349347,0.048520416,0.313160861,0.135322974,0.048186228,0.310851193,0.224495395,0.112746573,0.42806811,0.919137194,0.686199686,1.026516289,0.094456301,0.035730381,0.149155155,0,0,0,1.559703694,1.021532899,2.191510222,1.034929923,0.441885862,1.895994842,1.034833074,0.440703101,1.893092593,-1.189951272,-2.014468918,-0.672164895,-0.120881986,-0.232281912,-0.057158518,-1.693402089,-3.685725439,-0.658936784,0,0,0,-3.976054111,-5.972168122,-2.354948608,-1.752866887,-2.830542322,-0.894273052,-1.750754914,-2.82513199,-0.892022383,0.018269649,0.014714778,0.024483396,0.239115307,0.062828592,0.577490894,0.394314075,0.268750809,0.55317713,0.057703766,0.020902092,0.117427712,0.707364388,0.539629042,0.822210346,-0.558050872,-0.860547918,-0.306794923
pmb1_zam24,862.8209539,2095.94404,105.5001196,87.57509943,768.9895984,2.072156496,0.708659,0.062976643,0.048974915,0.083442132,0.007367137,0.005418167,0.00981279,0.520619023,0.400302808,0.659378093,0.999999672,0.990195509,1.000003286,0,0,0,0.64132385,0.384957005,0.985233583,0.641811851,0.385283942,0.985972607,0.510310382,0.118787871,1.008482623,0.178524222,0.047031669,0.443570679,0.68876854,0.182942339,1.746661124,0,0,0,2.481811224,0.701613812,5.212839413,0.117903822,0.031372225,0.244491196,0.117199934,0.031169861,0.242926284,1.288603111,0.900025905,1.73840198,0.03455603,0.022564215,0.047250757,0,0,0,0,0,0,0.013505359,0.009343915,0.019082231,0.725641711,0.502250155,0.997422273,0.725735968,0.502566018,0.99775355,0.032605776,0.004029711,0.101960605,0.009411527,0.00170043,0.023280155,0.80050961,0.141429038,1.662692326,0,0,0,0.846291165,0.164871825,1.965093103,0.114608362,0.018108663,0.238649163,0.113971816,0.017995081,0.236778562,0.272975514,0.111889355,0.493145048,0.896460529,0.656300143,1.053640497,0.079584835,0.039619249,0.125631714,0,0,0,1.841836041,1.272720178,2.780565034,0.835047194,0.386221846,1.57868643,0.833987291,0.385213716,1.575355195,-1.398084845,-1.996346786,-0.825935357,-0.155103649,-0.28176227,-0.062184188,-1.592942017,-2.995557661,-0.648562109,0,0,0,-5.318955875,-7.346134359,-3.589995728,-1.882268554,-2.695335379,-1.000182253,-1.879684998,-2.69243359,-0.998366761,0.039445278,0.033412471,0.051842179,0.327657587,0.081920548,0.675501699,0.387203615,0.270283589,0.520707554,0.051222642,0.008567076,0.106358984,0.703027441,0.514589981,0.84639302,-0.615942495,-0.863446111,-0.39808375
sc6_zam24,57.33473369,1611.003282,94.24682019,83.56415536,645.9881332,0.128230953,0.706181,0.895880975,0.715800856,1.162680654,0.008619037,0.006560813,0.012028622,0.519688587,0.407444595,0.701155201,0.99999515,0.984742502,1.007938388,0,0,0,6.453886381,3.416951314,10.56422583,6.481587883,3.431649106,10.60868754,5.822189419,2.89786474,10.11234625,0.21222033,0.103167358,0.348028653,0.68357717,0.261446936,1.399419027,0,0,0,2.557487655,1.242053965,3.938803295,1.592344777,0.816962916,3.088100981,1.588614677,0.814403603,3.079166603,5.387875318,2.327172668,8.89497273,0.01270379,0.005350703,0.020126162,0,0,0,0,0,0,0.00460973,0.001948642,0.007361129,3.303184474,1.422177655,5.395115777,3.315514068,1.428447276,5.414633156,0.54611552,0.13178099,1.37237312,0.013568806,0.003918235,0.029107902,0.860036175,0.291042381,1.771294704,0,0,0,1.148503253,0.35444003,2.151521257,1.851458878,0.657359284,3.641464988,1.844072453,0.655090997,3.632615861,2.40201623,1.159486848,4.21429911,0.858665729,0.697322116,0.951553903,0.064528842,0.033081486,0.099180328,0,0,0,1.60049872,1.136766344,2.257195228,8.429862654,4.338039285,14.65067011,8.422339411,4.348597777,14.64254787,-16.83822488,-20.76802757,-12.11064721,-0.1217453,-0.204552794,-0.054708074,-1.565892772,-2.578219779,-0.726889818,0,0,0,-4.825539176,-6.112760436,-3.490863968,-24.827643,-31.44028376,-17.29474559,-24.7971808,-31.43772246,-17.326837,0.065094012,0.054310334,0.084857133,0.447024573,0.221913494,0.742827013,0.18544116,0.079980214,0.307661072,0.08818538,0.029280525,0.170520119,0.901222625,0.719643309,0.999769635,-0.815051291,-0.977667242,-0.596262643
sc7_zam24,47.52473512,1713.476121,46.80960826,50.5204073,730.235791,0.123273841,0.705659,0.656875494,0.517282463,0.855826282,0.005080497,0.003824577,0.006914965,0.650483321,0.51342088,0.828410008,0.999995457,0.992319902,1.00312848,0,0,0,5.198038885,2.407045151,7.797248836,5.224023375,2.419122612,7.836126309,8.473470619,4.403534796,12.94871625,0.21757038,0.119141503,0.363968702,1.275900392,0.525044095,2.660376251,0,0,0,2.534962866,1.387981401,3.751341675,1.801319883,0.817676746,3.257343007,1.796080307,0.815973255,3.250115904,6.748661523,2.98158914,11.4531554,0.012384314,0.005411385,0.020750971,0,0,0,0,0,0,0.004131736,0.001680543,0.007174283,3.437539285,1.595105947,5.892428984,3.451094088,1.600829828,5.918440785,0.680506253,0.211239579,1.607497671,0.012449644,0.003587808,0.027939133,1.626233422,0.532044045,3.310451311,0,0,0,0.806586685,0.336586075,1.725942223,1.823480868,0.655254696,3.852480947,1.81844593,0.653913576,3.840770738,2.513186963,1.302683645,5.169086454,0.833869309,0.699924537,0.926590277,0.141822613,0.064196935,0.220966675,0,0,0,1.500022742,1.059059825,2.032140406,11.73923946,7.181375487,17.38041081,11.74304345,7.169978718,17.35551678,-21.33958878,-25.60155835,-15.75571356,-0.117886271,-0.191965831,-0.057559625,-3.596975742,-5.582224439,-2.092238204,0,0,0,-4.309462733,-5.52713991,-3.282230125,-26.18527266,-32.56579244,-19.62053655,-26.19518605,-32.61816559,-19.63671859,0.038492659,0.031945521,0.048836169,0.502175389,0.258915716,0.758897527,0.189965683,0.083416568,0.32062058,0.076308417,0.02740811,0.166474661,0.920411354,0.740357731,0.999957791,-0.804121722,-0.98360442,-0.627031716
sc4_zam24,151.7307387,1664.997386,91.17307962,81.25123403,681.5775343,0.192228618,0.705393,0.332524892,0.252900794,0.448973402,0.008481325,0.006129721,0.011469918,0.531457672,0.414435341,0.69337509,0.99999728,0.98561585,1.00222116,0,0,0,3.483616383,1.456211706,5.745081139,3.502019045,1.464083767,5.776335003,2.694721844,1.418625787,4.201015726,0.23462703,0.108360987,0.376248776,0.847063995,0.310292454,1.576314542,0,0,0,2.723339249,1.451285285,4.107211927,1.147184565,0.558086515,2.175200195,1.143407836,0.556993596,2.170980248,2.333104151,1.097484867,3.978375,0.01388648,0.006189021,0.023378291,0,0,0,0,0,0,0.004964027,0.002277374,0.008626119,2.455773068,1.168871789,4.164187528,2.467008835,1.174588661,4.18293514,0.174447217,0.029721936,0.561899558,0.012997221,0.002632001,0.028295605,0.849669272,0.230627942,1.942786834,0,0,0,0.891431909,0.260933676,2.023649224,1.208047167,0.300835313,2.642893871,1.204188539,0.30003946,2.638674305,0.914921595,0.413041688,1.826265882,0.861554377,0.71720084,0.973046104,0.069286195,0.036549827,0.116225633,0,0,0,1.65118225,1.173276033,2.221564246,7.529818,4.829374493,11.51307038,7.539574616,4.821080397,11.52194749,-6.588730314,-8.188393033,-4.642348402,-0.148358813,-0.259651224,-0.066344005,-1.685106226,-2.754142883,-0.883790676,0,0,0,-5.056286736,-6.336499611,-3.632507007,-17.92818,-22.54994543,-12.50208579,-17.94123635,-22.59394504,-12.50307567,0.057817713,0.048096074,0.075277203,0.482176494,0.249935146,0.744528208,0.197125876,0.093152004,0.335053818,0.082747793,0.021040446,0.180537197,0.874276786,0.71351881,0.99988021,-0.816058022,-0.970516979,-0.583575576
sc1_zam24,766.6125291,3831.250562,19847.71748,10814.23011,545.711713,4.690366328,0.709028,8.821350877,7.687685627,10.12025525,0.555520018,0.438242784,0.694848319,0.612055711,0.488523666,0.722639529,1.00002276,0.940041928,1.039999074,0,0,0,6.493944631,4.461659304,8.219474501,6.495945882,4.462637737,8.221848729,2.496111293,0.065745521,5.517997082,0.46663935,0.015167261,0.887831472,0.018832628,0.000415723,0.063887662,0,0,0,15.5978976,0.355831173,35.14863141,0.211762772,0.005229587,0.524284442,0.210407522,0.005196354,0.52036511,5.033597109,1.581556689,9.950512516,0.06407534,0.020922887,0.124139284,0,0,0,0,0,0,0.066906336,0.020532066,0.134798385,1.169364181,0.350350099,2.167990238,1.170075308,0.350129392,2.166800311,1.641123493,0.899934015,2.904762054,0.280138001,0.168986831,0.523605596,0.376975147,0.222067778,0.532656171,0,0,0,72.45562941,54.69338786,92.22559634,2.974166185,2.089320989,3.808569947,2.952365971,2.07377151,3.783292664,0.206772807,0.026434683,0.604497237,0.462285499,0.083435509,1.061478614,0.000320757,3.36E-05,0.000946961,0,0,0,2.341966375,0.51867382,6.33467707,0.828041675,0.12929858,2.184224959,0.826130896,0.12863991,2.178933,-20.1591697,-23.65637444,-17.37116232,-1.282428647,-1.887407382,-0.649815284,-0.071094216,-0.118798891,-0.038121286,0,0,0,-98.54781048,-116.6457685,-78.51781705,-12.05389095,-13.85520987,-9.596315643,-12.03121994,-13.83167428,-9.576719031,0.910446712,0.735498681,0.999832937,0.170209154,0.00539289,0.359653479,0.167394667,0.05278002,0.331828109,0.429972362,0.278180681,0.598975609,0.079658216,0.015225762,0.190070433,-0.999638522,-0.999998743,-0.888361278
lawis_river_zam24,184.1973182,946.5243287,55.876975,69.16198911,573.4951686,0.144841788,0.704742,0.232368557,0.181026014,0.292485573,0.012373341,0.009150058,0.016569092,0.751881559,0.566515163,0.957520237,0.999999121,0.985282288,1.003568254,0,0,0,2.019096883,0.810637838,3.960212801,2.031860434,0.815684166,3.985465182,1.619009357,0.807175988,2.183848883,0.289491741,0.147474545,0.461829039,0.835966848,0.333570595,1.686190784,0,0,0,2.188282211,1.25233747,3.156983833,1.095712652,0.599979069,1.980366555,1.093950739,0.599034285,1.978621175,1.156769274,0.42433896,2.05430391,0.014475244,0.005381975,0.027306456,0,0,0,0,0,0,0.003489079,0.001249731,0.006317912,1.934515377,0.757784511,3.555036233,1.947316364,0.761466694,3.574764494,0.116517487,0.017276468,0.370433834,0.014848068,0.002835023,0.040483533,0.886762931,0.20064308,2.085888606,0,0,0,0.828585608,0.18442713,1.682869761,1.122490207,0.228158147,2.449390753,1.121948818,0.228029488,2.447845508,0.547004361,0.227195649,0.932781144,0.853139562,0.653535998,0.974901458,0.06454112,0.028582372,0.102435002,0,0,0,1.091739176,0.741232496,1.568364732,6.76126403,4.512066634,9.494592298,6.756423943,4.510372299,9.492189768,-3.029348919,-3.997191242,-2.107592323,-0.186886453,-0.310162597,-0.071160517,-2.140159053,-3.342233967,-1.10134964,0,0,0,-3.475207821,-4.598698242,-2.481687145,-14.2163653,-18.96072229,-9.976092245,-14.24064556,-18.99149287,-9.996378683,0.077657022,0.066464126,0.099958724,0.552139643,0.292859821,0.794132966,0.191924605,0.070198263,0.339792715,0.091028196,0.018382915,0.192709333,0.781903004,0.583069661,0.933587059,-0.798922251,-0.999170585,-0.562609937
masinloc_river_zam24,200.9636465,787.4268484,67.60193441,43.87781006,519.9847545,0.464872763,0.707852,0.137027464,0.105745915,0.176372075,0.009946621,0.007170524,0.013283804,0.406967995,0.312567344,0.551018241,0.999999419,0.980182201,1.000001015,0,0,0,1.24693034,0.559202657,1.866040814,1.249243187,0.560286164,1.869550353,1.067591309,0.546704994,1.646818791,0.251956743,0.118541367,0.41304557,0.673500689,0.229052488,1.175074176,0,0,0,1.811479997,0.977359469,2.802738477,0.250412957,0.1212844,0.436633943,0.248940003,0.120728386,0.434476117,1.385346071,0.723083976,2.175237331,0.022765641,0.01173567,0.036622673,0,0,0,0,0,0,0.005122607,0.002594264,0.008102791,0.784341133,0.414111092,1.297794745,0.78512651,0.414399167,1.299795136,0.075011302,0.016215271,0.215402662,0.01269292,0.003404572,0.028581271,0.637910177,0.182649624,1.239282224,0,0,0,0.70051816,0.224695598,1.375998832,0.246109238,0.077673191,0.503259853,0.24461425,0.077265342,0.500250436,0.402521667,0.152365952,0.669990441,0.852317103,0.679845192,0.984006117,0.043796624,0.018802547,0.071262169,0,0,0,0.963855139,0.676586716,1.392777688,1.314958197,0.612533389,2.194904221,1.310006666,0.611623372,2.193476031,-2.370400582,-3.225141232,-1.453226634,-0.134053114,-0.267881515,-0.057107495,-0.959422649,-1.693073904,-0.40935068,0,0,0,-2.783827283,-3.949379444,-1.946568489,-3.361146712,-4.722389619,-2.103555108,-3.359587919,-4.722339014,-2.103516508,0.058900523,0.048185031,0.07528136,0.453182444,0.234372222,0.689880166,0.281555093,0.14641084,0.440752845,0.073479178,0.022803448,0.144799357,0.71956836,0.569221505,0.857294134,-0.670161261,-0.921315367,-0.437133734
salasa_river_zam24,177.5101672,583.6426974,92.34927239,88.77104899,392.3768321,0.230097619,0.70725,0.302063093,0.230173955,0.407507475,0.027271038,0.019530912,0.036140439,0.586405215,0.445018059,0.765713617,0.999998619,0.962155511,1.000307344,0,0,0,2.090303527,1.005730488,3.359473679,2.096154109,1.008594163,3.368937729,1.226143886,0.615546058,1.746493593,0.336679998,0.157685329,0.52562807,0.446585761,0.175795565,0.841767987,0,0,0,2.440121353,1.250974671,3.475941902,0.480941445,0.244348345,0.807456029,0.47883638,0.243413554,0.803246092,1.05469458,0.487468582,1.87243858,0.021550665,0.009856818,0.037665211,0,0,0,0,0,0,0.004605834,0.002081423,0.007829371,1.103637856,0.530214525,1.900146549,1.106673888,0.531294673,1.902773445,0.0712778,0.009756751,0.248722121,0.015982239,0.002427758,0.041268457,0.435127263,0.064581848,0.883181914,0,0,0,0.861967168,0.114400017,1.827127975,0.470174738,0.077481528,0.961570469,0.467763041,0.077101893,0.957083983,0.283735934,0.124035092,0.589527041,0.816907385,0.550318736,1.019405197,0.020748704,0.009760956,0.037076832,0,0,0,0.928419922,0.594982542,1.437281416,2.237419697,1.053647835,3.653310545,2.233111186,1.050873961,3.657004462,-2.237009143,-3.05769388,-1.559669373,-0.199639638,-0.383071909,-0.080476788,-0.679539267,-1.138486266,-0.319973607,0,0,0,-3.579313141,-4.781833837,-2.588764311,-6.651348007,-8.758727503,-4.311359401,-6.659403829,-8.755859989,-4.311088252,0.145099213,0.116785657,0.184475363,0.565088773,0.267045502,0.828422647,0.233777113,0.10858839,0.415858562,0.090379519,0.01528374,0.167071734,0.644461867,0.421092563,0.824743999,-0.806134694,-0.999983482,-0.531795932
bagsit_river_zam24,119.5569791,731.3815721,41.68662019,25.01903929,423.1457522,0.200002725,0.706979,0.131747945,0.103181305,0.169800451,0.006010527,0.004598047,0.007891704,0.37906214,0.277071869,0.507350308,0.999997941,0.993071588,1.000315303,0,0,0,1.747583374,0.832394858,2.652049561,1.753052875,0.834938323,2.660661686,1.288609347,0.601263472,2.165151894,0.189147033,0.07873731,0.380888374,0.634810262,0.246544422,1.352163677,0,0,0,1.61956978,0.810897706,2.849801473,0.438612445,0.196215855,0.830565164,0.43651197,0.195356802,0.82687074,1.685104796,0.683750987,2.766809544,0.0175618,0.007156375,0.029916418,0,0,0,0,0,0,0.004444823,0.001797704,0.007259,1.302720576,0.548431439,2.218192944,1.305299976,0.550007822,2.222769478,0.114254181,0.029941681,0.296927132,0.013071969,0.004004217,0.027859619,0.889095399,0.39081134,1.680032547,0,0,0,0.719534868,0.301806699,1.523631614,0.542482576,0.207198268,1.031040112,0.540132587,0.206336495,1.026348289,0.622328377,0.249191988,0.997589505,0.918106739,0.731548569,1.011439108,0.064366772,0.030894297,0.114334281,0,0,0,1.200411094,0.827981264,1.645998629,2.819765345,1.43977241,4.642372068,2.815912224,1.440476105,4.636637343,-3.177667914,-4.546586087,-2.131276356,-0.141652721,-0.270291186,-0.060943708,-1.389734611,-2.331733705,-0.611585922,0,0,0,-3.064952431,-4.144309217,-2.192992647,-6.831342056,-9.243119136,-4.555684587,-6.838954015,-9.232123625,-4.559519208,0.039471482,0.032568587,0.05239923,0.385951009,0.170354345,0.678533031,0.23930898,0.098193653,0.393867159,0.080512013,0.032750203,0.156421583,0.851649832,0.69293209,0.967323866,-0.685915744,-0.918171352,-0.463431898
bancal_river_zam24,181.3143087,1360.324115,3452.214016,1436.986997,564.493165,1.184572654,0.708454,5.661381963,4.265228528,7.002096698,0.225778509,0.172630808,0.326175809,0.422834563,0.298734537,0.583008733,1.01491409,1.000001587,1.044234512,0,0,0,4.003753732,2.5342714,5.354660206,4.008360706,2.537024675,5.360295992,3.648189819,1.16670985,6.428931234,0.43153602,0.137484737,0.771930451,0.049970016,0.010697733,0.110002646,0,0,0,5.152305418,1.743131613,8.963491341,0.326402735,0.098795148,0.636222963,0.324391257,0.098047848,0.632933692,6.813864865,3.254323363,10.92794734,0.058791988,0.028325341,0.092068909,0,0,0,0,0,0,0.020613758,0.009765557,0.033696742,1.382085779,0.680184397,2.235730122,1.382854995,0.680427129,2.236728678,1.56705016,0.870564829,2.973124503,0.232588206,0.132068095,0.388159203,0.551618256,0.351345599,0.69280619,0,0,0,14.75325008,11.23565025,18.51039034,2.840678278,2.102679297,3.76199504,2.823160222,2.089680173,3.737806833,0.331590984,0.066094786,0.840944577,0.432561242,0.110887811,0.832128975,0.000552474,0.000111343,0.001645437,0,0,0,0.850197662,0.233093195,1.804684126,1.018016073,0.208684805,2.385545313,1.013145621,0.208081227,2.374692766,-19.26205614,-21.90147111,-16.74630301,-0.572112119,-0.932838789,-0.294748226,-0.090523337,-0.149965355,-0.04356665,0,0,0,-21.30992471,-24.06299718,-17.66895465,-9.808965582,-11.22694285,-8.128476002,-9.785895338,-11.21187668,-8.120119238,0.587465524,0.42927278,0.736714439,0.295840434,0.096001166,0.530782237,0.264117244,0.125355436,0.420988308,0.527431712,0.351761161,0.69183111,0.132550511,0.033965894,0.259765489,-0.999996835,-0.999999602,-0.927130849
bucao_river_zam24,583.4092345,1021.296825,447.2868396,160.3333991,713.8277458,1.127201149,0.704598,0.169911429,0.135079472,0.222902794,0.027334879,0.019293087,0.035047887,0.22444006,0.161545108,0.293307545,0.999999886,0.999997666,1.009831657,0,0,0,0.538039872,0.24782995,0.964873581,0.541541817,0.249433583,0.971278082,1.071006986,0.581236571,1.442102147,0.506724481,0.282595554,0.694421644,0.372164352,0.113763834,0.673998687,0,0,0,3.495771493,1.997133249,4.352384827,0.304349049,0.157448479,0.522425496,0.303757924,0.157385518,0.52238976,1.141752399,0.619407115,1.688381834,0.042640515,0.023956201,0.061844153,0,0,0,0,0,0,0.008952534,0.00473896,0.012942025,0.80408832,0.433030117,1.181687213,0.808587123,0.435723309,1.188737505,0.179783991,0.060344159,0.391730284,0.072252316,0.030218541,0.133592314,0.72452268,0.381408894,1.016835717,0,0,0,2.637474428,1.405130201,3.843488868,0.723949409,0.389811542,1.163679429,0.723441784,0.389197586,1.161957338,0.144855694,0.061946906,0.278925028,0.645450529,0.419692146,0.967924198,0.006726257,0.002983727,0.011843365,0,0,0,0.782229073,0.434220733,1.191417187,1.392970855,0.826956877,2.069666617,1.390120387,0.828914684,2.065360165,-1.866984508,-2.341952769,-1.384585514,-0.33105134,-0.588981142,-0.173747157,-0.320726634,-0.542215417,-0.157099996,0,0,0,-5.759296277,-7.014817068,-4.634238847,-3.346957738,-4.133115939,-2.330450218,-3.353819424,-4.139847391,-2.335144325,0.108541865,0.088568064,0.144107824,0.686077141,0.371998827,0.927846593,0.345648213,0.188368182,0.510842431,0.262798501,0.143948938,0.393452818,0.366249814,0.250793117,0.559594621,-0.858784795,-0.999998012,-0.681807368
dapya_river_zam24,142.880667,1051.261881,84.40938985,44.83118495,674.3434506,0.189155487,0.704407,0.19403126,0.150894609,0.248027928,0.007471821,0.00534694,0.009989041,0.322571357,0.247672638,0.413704461,0.999997753,0.990599142,1.000626859,0,0,0,1.618387336,0.75072265,3.067921529,1.629255891,0.755845411,3.088881838,2.359241326,1.191330241,3.296415981,0.30921735,0.152490589,0.442028442,0.694093417,0.304554613,1.422743767,0,0,0,2.225303233,1.217733087,3.074503824,1.01928255,0.456149935,1.729303676,1.018811863,0.455989995,1.726517326,1.479370487,0.464651942,2.574376818,0.013010833,0.004056483,0.023708089,0,0,0,0,0,0,0.002896982,0.000902844,0.005554954,1.525634932,0.474052685,2.835344748,1.535622897,0.477172547,2.851987979,0.194714254,0.052656743,0.420562749,0.01622355,0.005622157,0.034459925,0.927369713,0.37911012,1.606571749,0,0,0,0.860842878,0.372226342,1.465067108,1.093253435,0.442522315,2.07661855,1.092743655,0.442583468,2.074139828,0.697990489,0.33276839,1.127260649,0.837124903,0.63267912,0.977742791,0.046837294,0.021940509,0.071150847,0,0,0,0.958581112,0.667212555,1.383944811,6.07794722,3.772199469,8.574036465,6.06274855,3.774306247,8.576691478,-4.327466003,-5.683069546,-2.998666823,-0.160531416,-0.287544492,-0.075525479,-1.222625852,-1.99720422,-0.611305966,0,0,0,-3.248949998,-4.248399093,-2.324141822,-11.45839359,-15.51089484,-8.255447999,-11.46735153,-15.52804405,-8.276026796,0.047546488,0.04035531,0.063196064,0.591178859,0.322226278,0.839480423,0.176154475,0.0551988,0.306018286,0.107814942,0.044528415,0.182275746,0.768205514,0.584984215,0.942819161,-0.777815009,-0.997446775,-0.574217496
maloma_river_zam24,235.7569448,863.3704752,286.6608934,138.5242434,806.7486477,0.467193957,0.705127,0.372551657,0.281290349,0.484497539,0.028911674,0.021677352,0.038399285,0.306604192,0.239234797,0.399908408,0.999999959,0.997400334,1.012146251,0,0,0,1.070234651,0.508038865,1.943025072,1.076459519,0.510966082,1.954288661,1.811421997,0.897791071,2.282062457,0.421742206,0.224669523,0.607757613,0.341628204,0.127861146,0.64160067,0,0,0,2.092414832,1.249634871,2.914494419,0.495601143,0.260661986,0.866434354,0.494667774,0.26031918,0.866048621,1.172273725,0.446564917,2.069697382,0.019953055,0.007791191,0.035566626,0,0,0,0,0,0,0.003235662,0.001277736,0.005686796,0.849653225,0.2981838,1.418514581,0.854196965,0.299917295,1.425194103,0.25582912,0.087621164,0.577300997,0.0507003,0.022407961,0.094832472,0.659909516,0.34387459,0.943796289,0,0,0,1.508896894,0.862106771,2.318621133,1.031685509,0.545388396,1.719789803,1.029749224,0.544970035,1.718343335,0.286455411,0.116691828,0.569827201,0.681433978,0.43595442,0.961413928,0.008478131,0.003207451,0.016194038,0,0,0,0.570504299,0.341884627,0.868687164,2.275932195,1.237965358,3.426217142,2.273678256,1.235654508,3.42298916,-3.187386339,-4.025417903,-2.32171491,-0.225749536,-0.434826101,-0.102485312,-0.355806095,-0.620130918,-0.178940013,0,0,0,-3.439782987,-4.073954631,-2.546189554,-5.492830812,-7.038880652,-4.025917653,-5.495763729,-7.043772599,-4.032193676,0.144075227,0.119907448,0.185345281,0.70487458,0.348063737,0.909263741,0.211502369,0.080878384,0.37422602,0.227143096,0.127016976,0.350388814,0.495637707,0.323043667,0.693564039,-0.8649613,-0.999998556,-0.667072677
