sample_id,Ca,Mg,Na,Cl,F_Ca_prec,F_Ca_prec_pct25,F_Ca_prec_pct75,F_Mg_prec,F_Mg_prec_pct25,F_Mg_prec_pct75,F_Na_prec,F_Na_prec_pct25,F_Na_prec_pct75,F_Cl_prec,F_Cl_prec_pct25,F_Cl_prec_pct75,F_Ca_bslt,F_Ca_bslt_pct25,F_Ca_bslt_pct75,F_Mg_bslt,F_Mg_bslt_pct25,F_Mg_bslt_pct75,F_Na_bslt,F_Na_bslt_pct25,F_Na_bslt_pct75,F_Cl_bslt,F_Cl_bslt_pct25,F_Cl_bslt_pct75,F_Ca_carb,F_Ca_carb_pct25,F_Ca_carb_pct75,F_Mg_carb,F_Mg_carb_pct25,F_Mg_carb_pct75,F_Na_carb,F_Na_carb_pct25,F_Na_carb_pct75,F_Cl_carb,F_Cl_carb_pct25,F_Cl_carb_pct75,F_Ca_slct,F_Ca_slct_pct25,F_Ca_slct_pct75,F_Mg_slct,F_Mg_slct_pct25,F_Mg_slct_pct75,F_Na_slct,F_Na_slct_pct25,F_Na_slct_pct75,F_Cl_slct,F_Cl_slct_pct25,F_Cl_slct_pct75,F_Ca_umfc,F_Ca_umfc_pct25,F_Ca_umfc_pct75,F_Mg_umfc,F_Mg_umfc_pct25,F_Mg_umfc_pct75,F_Na_umfc,F_Na_umfc_pct25,F_Na_umfc_pct75,F_Cl_umfc,F_Cl_umfc_pct25,F_Cl_umfc_pct75,F_Ca_clay,F_Ca_clay_pct25,F_Ca_clay_pct75,F_Mg_clay,F_Mg_clay_pct25,F_Mg_clay_pct75,F_Na_clay,F_Na_clay_pct25,F_Na_clay_pct75,F_Cl_clay,F_Cl_clay_pct25,F_Cl_clay_pct75,F_norm_prec,F_norm_25_prec,F_norm_75_prec,F_norm_bslt,F_norm_25_bslt,F_norm_75_bslt,F_norm_carb,F_norm_25_carb,F_norm_75_carb,F_norm_slct,F_norm_25_slct,F_norm_75_slct,F_norm_umfc,F_norm_25_umfc,F_norm_75_umfc,F_norm_clay,F_norm_25_clay,F_norm_75_clay
lawis_river_schopka,63,833,55,39,0.391073702113368,0.312673023449519,0.536014698422108,0.00862448733650902,0.00611708063460525,0.0115462644814377,0.466020674869871,0.365625558600528,0.626591965849483,0.999999870860173,0.999999784018465,0.999999938101143,2.72710313888524,1.5271684259412,3.56637037496179,0.188526846528573,0.0960497716616184,0.272577213595042,0.669515302143839,0.286966596581972,1.10155528094719,0,0,0,1.97031754602716,0.227005541825223,3.94472885027956,0.00947279076607532,0.00119638723776443,0.0185181983094465,0,0,0,0,0,0,0.296777070398605,0.0882277498076914,0.876894403432746,0.0161181053923155,0.00504585607546174,0.0349547167337489,0.882620857844677,0.376504760244947,1.72095145294875,0,0,0,1.51942774768299,0.679853071121064,2.35882792179499,0.912272524692126,0.839060384521991,1.00106995656831,0.0693090665504002,0.0339542827610573,0.101967211599158,0,0,0,-7.32011889519793,-8.91861078759966,-4.64780685197858,-0.13934465168527,-0.207331044546845,-0.0874979147458298,-1.36758148159507,-2.2801957783979,-0.51973131181648,0,-0,-0,0.0611050034724623,0.0491097455286207,0.0797472652192678,0.411662737619178,0.234365860533996,0.521635609091028,0.139519556216749,0.0161178481397961,0.27946732272401,0.0982959344626687,0.0377411747739349,0.192485945380266,0.934879200289368,0.844611547737462,0.991356032140967,-0.733059324018091,-0.80841577111827,-0.549563921444534
bulsa_river_ds_schopka,500,612,358,41,0.0551098338535291,0.0423594534941759,0.0699501115526104,0.0124128682094092,0.00938731444734859,0.0171051225803312,0.0765364795267236,0.0549025755135228,0.103184852308859,0.999999901914004,0.999999853791506,0.999999941792946,0.494180249047942,0.392820105897469,0.583495758018374,0.34628732738487,0.27818690541478,0.417333194686087,0.194567630928089,0.0835138134221856,0.290022121613235,0,0,0,0.827908310702191,0.495580995491608,1.20632227432518,0.0438797857398911,0.0257753529822224,0.0624566948044051,0,0,0,0,0,0,0.39348791109629,0.167617865798884,0.813357600655967,0.168431153181466,0.0987266139325825,0.275532752688637,1.01456424463275,0.860894973279038,1.16007923322148,0,0,0,0.122267870876408,0.0538810444070802,0.206627299906734,0.690589070041587,0.534528122155038,0.895306917405778,0.00517262382203033,0.00265021975442015,0.00878559180492913,0,0,0,-1.07010770704678,-1.2295496407475,-0.811555042333596,-0.294291648640578,-0.492537485005627,-0.145997858149604,-0.298016434483255,-0.42607010284108,-0.169888569565063,0,-0,-0,0.0429405151159243,0.0340103792036974,0.0560275926185982,0.36850707283777,0.328293481057439,0.395546741688579,0.299283457746983,0.179598349925474,0.438727439180843,0.459208520972489,0.349878684864683,0.625730971565457,0.336369167573424,0.25441770914872,0.435655434951172,-0.572410299432532,-0.61139587561983,-0.510106974662105
camiling_river_us_schopka,460,842,213,33,0.0471527801531281,0.0362984398809712,0.0651866792013372,0.00738823652829753,0.00550192528843172,0.00977838548664816,0.099704264471753,0.0733417025090953,0.132220487898053,0.99999986259508,0.999999806872534,0.999999912260465,0.559000480058389,0.469469728423947,0.638900376747859,0.273137007859166,0.200485629434167,0.338753487382144,0.340201442490045,0.160447000205456,0.44433002058755,0,0,0,0.903827637194019,0.577112179136301,1.3301076699556,0.031173427883197,0.019547920954749,0.0462893903163158,0,0,0,0,0,0,0.241545709156072,0.109261149021322,0.54616322121171,0.0821591658019994,0.0447139806765127,0.132369864146643,1.03792085440875,0.798551366758516,1.35454053480174,0,0,0,0.211955090068714,0.104577623433072,0.359154258487522,0.821931290783878,0.682711224440735,1.02006510092409,0.0156614946877779,0.00801255955006607,0.024691873846354,0,0,0,-1.19956314072955,-1.4370413798778,-0.860490168483228,-0.254369672228481,-0.393828438234393,-0.113186741160921,-0.47666917721897,-0.784899728991485,-0.255945055811712,0,-0,-0,0.0321135113015111,0.0263755680271667,0.0427665733504772,0.380488804503393,0.330301963119603,0.407487084047569,0.29254581808842,0.185321216821479,0.428396117735657,0.276374290203299,0.19501951595994,0.409969976042362,0.530946743608086,0.432842479555246,0.660206843720079,-0.576347995461675,-0.61623500305644,-0.525707454317863
malabobo_river_schopka,546,792,203,40,0.0480014176342431,0.0359290827019526,0.0652776586398336,0.00965828506048301,0.00699381961370026,0.0131158302485422,0.133674703654422,0.103095678495608,0.179848766485496,0.999999884548428,0.999999837883958,0.99999992134403,0.463565902917794,0.392442265120786,0.547721301719805,0.305790963717498,0.225660307271834,0.380777483781785,0.346524277770454,0.171796902324002,0.465486570609491,0,0,0,0.934161677639603,0.610165894792228,1.25424430543087,0.0416332155754109,0.0272534159286304,0.0556019285910922,0,0,0,0,0,0,0.215199530169185,0.0955433562697999,0.427864039082778,0.0773629076427941,0.0406914370350012,0.132747465937675,1.00689311302994,0.764757476495519,1.34692508876325,0,0,0,0.177824776663881,0.0817327605772274,0.28435925991853,0.806707332437121,0.64950319231625,0.986471465571552,0.0158732891363125,0.00793772349290335,0.0245193538258571,0,0,0,-0.979544465693391,-1.15774963850328,-0.707686791513782,-0.272151556410394,-0.400763577802882,-0.134636143668287,-0.519274611485591,-0.809064326103915,-0.262322716413904,0,-0,-0,0.0396670440929092,0.0313872888094237,0.0520385841566442,0.377058213166211,0.334409576932997,0.405711650657309,0.351075940455312,0.230353558924388,0.472576552276193,0.263723238288196,0.186559693480181,0.367055238874868,0.475414553184506,0.386007995822072,0.590718594342658,-0.559610730759271,-0.599674258471813,-0.489383442904786
dumoloc_river_schopka,698,1000,294,50,0.0476404911764363,0.0359565418635606,0.0602334925829432,0.00929701423687213,0.00651834392861541,0.012218172193721,0.103751780496225,0.0806470597054279,0.140416032504624,0.99999987193664,0.999999815069721,0.999999922490038,0.494553002041204,0.421134489856,0.566250283531594,0.318159826454577,0.233789624260345,0.38277515658353,0.31488558198194,0.147880534377261,0.430915056483655,0,0,0,0.909751585692541,0.606760314193092,1.22849234449096,0.0410051995255157,0.0267161988395308,0.0550138746517726,0,0,0,0,0,0,0.245820972538171,0.103845100731125,0.495875788305361,0.0860907832668237,0.0441581975027828,0.144937132209914,0.952183996004528,0.761703783492323,1.29696779681335,0,0,0,0.162394657335534,0.0776800499220216,0.263650823899217,0.785455781183791,0.654980821623147,0.936221006468998,0.0128660445217328,0.00704741650008462,0.0198779915386107,0,0,0,-0.998534374782348,-1.18000185161674,-0.755623768290357,-0.269344677204078,-0.399256491884255,-0.112613435383213,-0.424506453279787,-0.690297782637953,-0.222805672336779,0,-0,-0,0.0367285912755276,0.0294021616051576,0.0472907931807548,0.382255299696581,0.340490536731064,0.409155046589925,0.33959142548006,0.226267473060899,0.455197038446051,0.287275021652243,0.198528969906263,0.416061726716488,0.453880137751666,0.377808886769378,0.539862944690885,-0.560084208531456,-0.602102657029567,-0.488045363052549
malabobo_river_schopka,589,837,206,29,0.0320957546917321,0.0259967468624895,0.0414878419272723,0.00639851274543816,0.00455036919169562,0.00853848842325827,0.0889935490929391,0.0689797938223578,0.119780584892792,0.999999820614608,0.999999756041367,0.99999988623371,0.477310756446632,0.40256035488767,0.566161349394213,0.307581494635456,0.238402835030108,0.379161589863746,0.357417678345713,0.194569444277607,0.476440965331479,0,0,0,0.951242615478937,0.61114956237938,1.23710971436089,0.0430388082452449,0.0284599984438932,0.0569654897233076,0,0,0,0,0,0,0.195368098298908,0.0781827036404296,0.427573824568206,0.0673563671655202,0.0375944499488894,0.135215731672516,0.985862801459706,0.783298058163552,1.30371441082539,0,0,0,0.168979637304746,0.0763734680881549,0.262089935871803,0.794376497358769,0.64816981663368,0.971562541502829,0.0156503106742226,0.00767551087952308,0.0236105342803472,0,0,0,-0.934763433199553,-1.13263333676765,-0.676049611132933,-0.267970838675812,-0.39281246696767,-0.116146151552465,-0.478346068428902,-0.751855613504208,-0.226001273973434,0,-0,-0,0.0257036616492607,0.0212871340942387,0.0357580211440233,0.383669676107856,0.340006752606306,0.414599546415033,0.36607230212627,0.236552381241756,0.474802243643739,0.252085509750339,0.171112815295328,0.35263330425938,0.478152075781947,0.379599616436842,0.578605794440318,-0.543796170570332,-0.588503477487654,-0.470538666101897
malabobo_river_schopka,581,842,191,23,0.026788961999965,0.0214754505756043,0.0360303646294675,0.00506266077055578,0.00358730216869248,0.0067800981046376,0.0765860075896377,0.0577216543991137,0.107758283619431,0.999999793476554,0.999999703584068,0.99999985096618,0.479136473032784,0.394036226901594,0.550640252717523,0.297576363642516,0.225645674357527,0.365055203842958,0.400338792853176,0.19197173496242,0.526650977239283,0,0,0,0.92943457491929,0.638985461950321,1.20560284986856,0.0415799410673574,0.0280119447785934,0.0531230780720228,0,0,0,0,0,0,0.181761605550884,0.0785774721612035,0.393822203379808,0.0690144946196716,0.0361122985589826,0.126775738255584,0.995821831809821,0.753233486361234,1.38384584786412,0,0,0,0.162911122060196,0.0856326388069933,0.272422460733951,0.807813307012161,0.687413106386744,0.974958011177188,0.0181770850553204,0.0100324661896776,0.0277101959378427,0,0,0,-0.89796815878704,-1.10300554404208,-0.662312441119098,-0.269261797767683,-0.384620524608119,-0.135077127998735,-0.536271265051022,-0.842715628330989,-0.247788683257839,0,-0,-0,0.0214221936167654,0.0170383936523552,0.0302288117550473,0.382240182570925,0.330664568962461,0.419415779773422,0.354898318099828,0.243197337206565,0.462698875918802,0.231943252234807,0.164230574260165,0.342102797903015,0.484105780062137,0.4059571665217,0.594959400178304,-0.535684073519281,-0.591832136452179,-0.464314303415567
lawis_river_schopka,44,850,51,41,0.616164135232721,0.451151192103499,0.810466538483567,0.0091795686894144,0.00645875642927026,0.0117900423222368,0.511590582704083,0.418682572672415,0.685569520812204,0.999999822635246,0.999998757120914,0.999999918538602,4.13474079203311,2.39091461872675,5.25369245763592,0.201395538719863,0.0948702779528127,0.285475554070163,0.64285218904867,0.265908240838412,1.11080318665488,0,0,0,2.13901122450659,0.181407829303714,4.78646627782789,0.00738838166365647,0.000594044789236445,0.0154194501629881,0,0,0,0,0,0,0.467027860311304,0.0966791598169845,1.86903034220914,0.0144859964076569,0.00395585527539051,0.040283197629344,0.987479655719758,0.277283864163464,2.09845098017619,0,0,0,2.35162390030148,1.13898618476832,3.56531217487774,0.875113527915854,0.808982528748202,0.970753648140158,0.0734360390407932,0.0388379990860355,0.11172914183736,0,0,0,-11.5229277816237,-13.1403277288358,-7.56918950568051,-0.132503260044214,-0.211230378713258,-0.0721688221547541,-1.57715217960006,-2.8878714944033,-0.582388278449231,0,-0,-0,0.0636924127417427,0.0512677748744496,0.0842824479949577,0.429860295678896,0.248494704780348,0.54152312733504,0.10695369254535,0.0090130283355157,0.235867527291431,0.108473078891244,0.0283892107625972,0.242371633447788,0.94171858166812,0.844362254473945,0.999962435106456,-0.769574102413014,-0.864685966219208,-0.670128317362325
lawis_river_schopka,53,1291,55,38,0.470487115620498,0.360053373278751,0.619871087589668,0.00530062177034057,0.00399360605546232,0.0072795442984264,0.442125225789106,0.332599286893499,0.597628337775595,0.999999762931859,0.999999343049118,0.99999988567374,5.11815569394073,2.98147006048932,6.57463998295328,0.198333491089545,0.102929926329345,0.276802291758603,0.968420471021585,0.432236562083213,1.74319279013448,0,0,0,2.77158114166337,0.153874945375916,6.6291031309091,0.00771717646486385,0.00041838671011707,0.0170876699329976,0,0,0,0,0,0,0.578757420283688,0.116756169883715,1.58351656903307,0.0126701613575415,0.0033530124663897,0.0351958710057175,1.10770985562163,0.356714448527143,2.61763338525109,0,0,0,2.27596230642639,1.12853902350202,3.90250907524635,0.889605402485333,0.81117131668344,0.973958270476809,0.101126710377518,0.0484453213981822,0.149915713112994,0,0,0,-13.5930330505815,-16.1673809570793,-7.98779233985167,-0.109043430051924,-0.191869110684623,-0.0639242548680439,-2.16860010833929,-3.74068626672434,-0.773929731916394,0,-0,-0,0.0405828622079823,0.03247070272688,0.0535200186378482,0.441262944655502,0.259786650096296,0.554413380081883,0.111332263750879,0.00620441170744516,0.266148681562925,0.0917706721643977,0.0267021694574586,0.196492455379666,0.953513341266612,0.863380004001967,0.999966199560512,-0.756965967926638,-0.844859994719536,-0.570804601509606
bulsa_river_ds_zam22,481.211637307251,580.04525817733,326.75404437513,57.2589061574479,0.0766661058352457,0.0591914812238395,0.107769691628627,0.018537457013716,0.0142028028924401,0.0243129490273428,0.116565029715867,0.0918479901163076,0.158368956412311,0.999999930943652,0.999999901193105,0.999999955442055,0.472506617416135,0.381799705884755,0.556938054514235,0.355496496244408,0.271624578161594,0.424587372884005,0.192285959204693,0.106281199130928,0.2868805970244,0,0,0,0.826930069174792,0.446156325866477,1.17041368967481,0.0437016579869325,0.0245086323555018,0.0622709614500438,0,0,0,0,0,0,0.389979039569367,0.147612692393361,0.780747722134493,0.158467478718394,0.087030942983257,0.256334307161162,0.937554831371563,0.803456471638773,1.10415209424254,0,0,0,0.119015750497722,0.0500545677841619,0.210817391544625,0.71877297220891,0.559628545679148,0.909941258369432,0.00594665747408121,0.00273414860643026,0.00939342249754919,0,0,0,-1.03534196806896,-1.19751758834269,-0.778571877046935,-0.350519418482161,-0.507347038155582,-0.182633724015657,-0.2718302656651,-0.436898496871146,-0.144801856629258,0,-0,-0,0.0635090516331197,0.0495179765113458,0.0831621506189206,0.363004957332091,0.323346907135974,0.395350036752748,0.305045108936588,0.163111345015038,0.432098613693966,0.429282937632736,0.320010398101564,0.614333867806428,0.345170190032443,0.269419011994356,0.453199129095239,-0.567382984775713,-0.617228737162429,-0.508611740705221
bulsa_river_us_zam22,456.509805878537,571.569635877392,297.65,36.1041378726765,0.0537684618002733,0.0410807614275651,0.0720726428738512,0.011631523423977,0.00897215708075539,0.0157531544702766,0.0801460686088767,0.0605742357922525,0.105834842854145,0.999999889900916,0.999999844842493,0.999999929721074,0.479229546119346,0.405795510500214,0.572300672596056,0.345476949207917,0.275470627412358,0.413436026355799,0.206585519416133,0.0979730849420063,0.30549748705181,0,0,0,0.799748284383582,0.498148513381246,1.14378768284231,0.0410820824300297,0.024854266049308,0.0589854613285275,0,0,0,0,0,0,0.362030566750735,0.164022462481191,0.751112693096727,0.149820448099624,0.0852069460086331,0.245737608377537,0.995788139268122,0.843357761762604,1.16041161533325,0,0,0,0.127686373983021,0.0592880264271418,0.240238634774972,0.736082236874648,0.56905044076144,0.921884610575083,0.00651935082864907,0.00353887905511218,0.0107547767878944,0,0,0,-1.01202712578315,-1.20530333463067,-0.78778532232355,-0.335788575070548,-0.510891918272265,-0.150178100241499,-0.299453890717116,-0.452760886444752,-0.154256450061695,0,-0,-0,0.0419094974355826,0.0331485726299992,0.0557683849094097,0.372515915195886,0.328027282205472,0.405333965223518,0.292839813784255,0.181380116257265,0.418761129254939,0.427244822120562,0.325578955368713,0.597227209375345,0.363281710385643,0.285086290449932,0.460863343865031,-0.570007117691557,-0.606577222197955,-0.504180320415863
camiling_river_ds_zam22,510.966116073656,894.11643694713,258.27,94.6323301272107,0.121212389354308,0.0924669481194808,0.161602462832186,0.0203517685957716,0.01502884993442,0.0273655033330119,0.250497940913282,0.193285921289208,0.334422508204488,0.999999950241915,0.999999927981317,0.999999967798722,0.529685321333652,0.446264322442708,0.605997449767988,0.277270213887001,0.205203504743845,0.340835575573672,0.267825900920831,0.135081408456482,0.394650942096623,0,0,0,0.919952331312051,0.554951385695474,1.27831023915798,0.0332851032115375,0.0213558868697939,0.0477002029648631,0,0,0,0,0,0,0.268519753158097,0.114388878768566,0.485891552328464,0.0679499985802963,0.0373345073225894,0.123482061363071,0.903328229825573,0.668284727463075,1.20778864921812,0,0,0,0.211107011592302,0.086620582594084,0.355327452615356,0.848932679327836,0.692327299525501,1.02881621975309,0.0141365331409099,0.00678866661332202,0.0221898997779734,0,0,0,-1.21827936305896,-1.41042334650368,-0.901377411186951,-0.28539554094916,-0.423350708112841,-0.134164666274933,-0.456970469970523,-0.790734303578525,-0.228717360289309,0,-0,-0,0.0868064966408667,0.0689727579674271,0.116419883438697,0.363777367914968,0.321052927360568,0.397921307263308,0.300257654662941,0.182179357470896,0.418167657335097,0.268340943670578,0.19162547162708,0.399800632442069,0.524903083758175,0.430217534900151,0.644441905418415,-0.60430788334274,-0.637673401026521,-0.553811554741426
malabobo_river_zam22,560.432157293278,739.189467187821,247.18,47.527712746453,0.0564126886395012,0.0448697394408916,0.0760500210422999,0.0117211918385906,0.00852765682092205,0.0158897920962206,0.117379994333106,0.0924327281123612,0.166914158616909,0.999999898773575,0.999999855437735,0.999999936495067,0.46320656863847,0.3962272120949,0.535981068288274,0.315911408332736,0.251821940709717,0.389615294553171,0.309661831580682,0.150420010709214,0.412202206372577,0,0,0,0.904915411326914,0.591145785590114,1.19548410825834,0.0440211499015304,0.0288951270675895,0.0594167631558977,0,0,0,0,0,0,0.240588123519906,0.0914153115504,0.501631744518937,0.0964846149229635,0.0558236046669023,0.153793174024377,0.94411662500783,0.76678351119645,1.20536279121192,0,0,0,0.142499085626643,0.0668763744146507,0.246439589850326,0.785596482201355,0.624992384302409,0.943826923466862,0.0106608665899444,0.00492074355927625,0.0173625664755828,0,0,0,-0.952436085798194,-1.10545366616605,-0.710737219535207,-0.276421360789947,-0.425781953360141,-0.133992923413391,-0.384617220893323,-0.645479211505259,-0.191390835381471,0,-0,-0,0.0455578999116227,0.0365486194273649,0.0616085104582753,0.372317555705823,0.339827215064079,0.403879438834105,0.348745996902137,0.228035468778001,0.461782197128409,0.295970150529441,0.211970544814739,0.435111979714587,0.42394511283425,0.343429797268136,0.520370801370811,-0.548242079099046,-0.598731791801352,-0.479122244166483
bayaoas_river_zam22,603.43580018963,792.552972639375,216.23,65.8618452599216,0.0734030603215654,0.0580611580276411,0.0979156051989392,0.0156426242102177,0.0116398720188963,0.0210655051604071,0.200241223307453,0.15303091643289,0.259261810884332,0.999999927752318,0.99999989855968,0.999999953889616,0.44006980181299,0.367462148316665,0.500186059635881,0.317626985192396,0.245347004112095,0.386060529077244,0.32122470449178,0.164683852547174,0.43279203614813,0,0,0,0.933038305153556,0.666813826716487,1.22447325672276,0.0454256213563344,0.0315674301007388,0.0593635212067918,0,0,0,0,0,0,0.183930101096916,0.0789931591339088,0.381834257104012,0.0691294348640967,0.0381059437002353,0.117560953694477,0.903151903234412,0.667270021811716,1.16904387439598,0,0,0,0.153181899083789,0.0684388280744828,0.250367167459598,0.803894912308997,0.649569196614976,0.983808412257272,0.0144082638189715,0.00696073903347087,0.0220212111545636,0,0,0,-0.928346916035754,-1.09330374443754,-0.654998726960972,-0.291026296738433,-0.43910447893388,-0.147802265419327,-0.431735788747497,-0.730450937723974,-0.23430625261295,0,-0,-0,0.0629481789194428,0.0490888199417934,0.0835731427116844,0.366976229264296,0.328753730689001,0.401521237540603,0.373409478022603,0.265817485105506,0.488536605113437,0.237878363335248,0.165955937974612,0.345563337488996,0.463129724894321,0.355160883629358,0.572087986320709,-0.553834906292216,-0.591477159295795,-0.483926858044857
dumoloc_river_zam22,756.36259294376,809.07220736474,389.63,61.6308916029673,0.0529149180337975,0.0420460230214275,0.0682730169167646,0.0135473943188423,0.0105058939342072,0.0184180722978859,0.102414420522786,0.078978348538181,0.137038164717844,0.999999905204361,0.999999861033763,0.999999933965111,0.428369213349447,0.359084135728778,0.506459792935302,0.366270220215153,0.297938762270386,0.429736615958911,0.218249517016158,0.113224031004155,0.34941705280168,0,0,0,0.86410165681679,0.573947931667073,1.14519038027602,0.0521918199559332,0.0346108929444848,0.0689825323410279,0,0,0,0,0,0,0.27098332861043,0.118575498935143,0.588576247295485,0.141324555622788,0.0788234504855743,0.221972743765283,0.973657413497864,0.79014852559892,1.18120083319929,0,0,0,0.110908902697591,0.0542884746117888,0.175483365919465,0.69040211592807,0.557669713533475,0.905163062834418,0.00674777212679181,0.00290574850601881,0.0109144171587869,0,0,0,-0.853945358720658,-1.01403262419084,-0.656356952334263,-0.313494025909303,-0.50858758235176,-0.133621223791937,-0.330618239167124,-0.501229573391724,-0.168045584194731,0,-0,-0,0.0466921028266616,0.0371020836548418,0.0613047782945003,0.367190350260924,0.330353311206976,0.402596104874983,0.355950713607016,0.236394485740348,0.471187945127339,0.373178920756513,0.279101109224593,0.53905103896529,0.335807764733935,0.26232044625474,0.431907101223541,-0.540031781235343,-0.58819743460242,-0.464681329557402
mapita_river_zam22,761.203153849993,840.526640608928,297.68,35.6810425069811,0.0320463503739498,0.0240978719521324,0.0421626219511772,0.00799622603523726,0.00577894804068839,0.0103900256572696,0.0791402748753844,0.0586653116105631,0.1090570623668,0.999999840141932,0.999999768015765,0.999999891577461,0.43641520214839,0.368070877903758,0.500834342223745,0.349805515558685,0.275611909796766,0.418928327143914,0.303389453458273,0.173546142823739,0.431061694022142,0,0,0,0.865562840227393,0.585792068496155,1.11562919036347,0.0503962856299954,0.0351344134060151,0.0650617660025467,0,0,0,0,0,0,0.229180535851396,0.0995296476298059,0.477823956252667,0.104436924902953,0.0597949937436761,0.176968020409058,0.961614744607626,0.763951385541564,1.17066641236565,0,0,0,0.10553274335703,0.0514722113455207,0.195341550473803,0.77048368773391,0.621183961738005,0.936419766763058,0.0103398960005892,0.00484398070355459,0.0156119020299706,0,0,0,-0.784033602899535,-0.939462380721965,-0.600624791293159,-0.318945283354197,-0.482114397786011,-0.16530387724568,-0.383220200365858,-0.596813439093876,-0.193529597489418,0,-0,-0,0.0287542252742797,0.0225785424016123,0.0385865391574611,0.382461376720662,0.348203292247722,0.413441252609842,0.369197287675765,0.250106431090137,0.473338440811002,0.303096689906662,0.223182366212977,0.433257555816343,0.385968439905574,0.30896541370568,0.487884185411657,-0.531058614284134,-0.576792957565139,-0.460549662738276
pmb1_zam22,815.110534457807,1766.22094219296,164.79,101.542887766903,0.0808599979448547,0.0616295169904418,0.106874707138555,0.0102682914904782,0.00815828362969267,0.0139789208922235,0.389195057730783,0.297954842654978,0.511590523960751,0.999999917295913,0.99999987477638,0.999999949833151,0.528205576483722,0.38010393135795,0.638653547459465,0.216845050739659,0.143501664185428,0.306339509054221,0.578857085727431,0.37459287296625,0.839642001620519,0,0,0,1.23784139485351,0.821598223670676,1.56864541810271,0.0366160305523343,0.0241995786722863,0.0462929463648058,0,0,0,0,0,0,0.121172898644619,0.0479283232712258,0.278562264508083,0.0279164767853764,0.0133175586635624,0.0563641865609251,1.08091535536467,0.574645235597031,1.79273653222573,0,0,0,0.271447230079095,0.125618334423195,0.466117581112477,0.911020619424212,0.771811700081814,1.01694502935352,0.0452936459625887,0.0247310950792921,0.0711581504443825,0,0,0,-1.35716799568988,-1.59126284847092,-0.936424973432047,-0.205065004462946,-0.308359965535437,-0.105433417926819,-1.30273364343499,-2.04618733530463,-0.564644456105715,0,-0,-0,0.0534471917335365,0.0435077828750405,0.0713384000339213,0.362102817411636,0.253520800659433,0.418659777666949,0.388914882951241,0.260747724356214,0.495770730357622,0.132917881744258,0.0721097068178971,0.210377104326834,0.664935995802011,0.574752641497856,0.773320559098936,-0.623096568740518,-0.660378208241669,-0.550427381028303
pmb2_zam22,1058.7978442038,1924.83028183501,142.17,83.067723464869,0.0526156183294993,0.038859086349614,0.0696299839893531,0.00775939052234599,0.00566960718091254,0.0106794454007951,0.382460301423943,0.291809163827996,0.514420430485428,0.999999886381555,0.999999832678215,0.999999935648821,0.449229629246198,0.312575390566347,0.550161520899289,0.226570923511537,0.128970315241893,0.311975006991216,0.692952616306712,0.41902127144298,1.03937230915431,0,0,0,1.14251693766606,0.831842539192742,1.48553860226705,0.0417232400799597,0.0288908327809172,0.0533400950101379,0,0,0,0,0,0,0.0824619646438794,0.0362276803681756,0.203500792493101,0.0261328206965116,0.0120601939635389,0.0507200332181847,1.15005688092248,0.599039223334326,2.15239574920073,0,0,0,0.232732618923815,0.116596323730804,0.402188176690487,0.916726223881633,0.784652701782757,1.05159549463727,0.0570294679942434,0.0277649790544115,0.0923647300998155,0,0,0,-1.08398065522481,-1.31596825274208,-0.779441360912754,-0.235801295376667,-0.328093077824718,-0.114939270127625,-1.45582094667292,-2.59167613435296,-0.669476746534401,0,-0,-0,0.0400302025605173,0.031734161622089,0.0531442160414931,0.349232631925323,0.237996562832169,0.406583864543776,0.413000633636252,0.301465062616815,0.534174868166028,0.110724767010926,0.0556141195053889,0.192349514695692,0.658445096708754,0.538223797923299,0.759199782624769,-0.601670852335254,-0.643591130060461,-0.503509141068539
pmb4_zam22,1001.90877788313,1782.65788932318,124.71,98.0170930527741,0.0630953526254675,0.0501923650081303,0.0824992116195509,0.0104470073779865,0.00820908959417234,0.0137290571589468,0.497156849211855,0.364214286450416,0.655654783744266,0.999999904312217,0.999999862743602,0.999999944605733,0.4254752959782,0.29335515556142,0.546156849195794,0.210533489970373,0.123255434712717,0.31381351789219,0.696333907242123,0.41829245973614,1.10723743665447,0,0,0,1.15628431630681,0.869042038113828,1.50420349013286,0.0418831610291979,0.031307960290951,0.0553009425999259,0,0,0,0,0,0,0.0748324692913125,0.0261657781187005,0.171395282242846,0.022032598192049,0.0106928582507449,0.0453313647480193,1.16819023322742,0.58557901132734,2.1369442146317,0,0,0,0.249179828411221,0.111345554560903,0.391677437794039,0.936122606816579,0.767856857336333,1.08011065268072,0.0637269298065593,0.0363002588627811,0.0993513194357089,0,0,0,-1.07251530196542,-1.31886743263218,-0.789966264349551,-0.238109074688668,-0.332115636636299,-0.115176863249138,-1.59425416941813,-2.85422116851521,-0.767481112090098,0,-0,-0,0.0494678767991725,0.0398535364707275,0.0647371663763259,0.340416654514135,0.216475951000207,0.413642266857748,0.424027991183328,0.316289065753193,0.553894602648358,0.0974234489083657,0.0462264824304834,0.185298374996782,0.665633322930487,0.53987065793271,0.775974006651136,-0.614993869593159,-0.657361907785313,-0.533930664615811
pmb3_zam22,984.442836468886,1789.77576630323,109.51,92.939948664429,0.0634368613108352,0.0503632749749431,0.0834558194616118,0.0096489830177755,0.00736802204364146,0.0132005752467696,0.546574085290376,0.406746803418897,0.76106374448697,0.999999887698408,0.999999845651156,0.99999993914147,0.447685375517733,0.260993115305826,0.553702500475287,0.201409427164546,0.115664265677364,0.293363526555776,0.799005771475028,0.455240902354599,1.22158967639998,0,0,0,1.12038176671464,0.798888107182656,1.50256045373259,0.0383440524268547,0.0277000478917307,0.0533769036126311,0,0,0,0,0,0,0.0704587445672845,0.0261693627092708,0.193448272528161,0.0242203419860663,0.00972698610606098,0.0522315428493983,1.36925687749513,0.603732404056715,2.45366159846786,0,0,0,0.264248156593237,0.135438879442581,0.417597773248445,0.964765674262731,0.79510920320267,1.11453290594329,0.0707318168347977,0.0391691949630972,0.111229813242942,0,0,0,-1.07951744039706,-1.31131339303193,-0.797568335457887,-0.262158782332031,-0.350887853471487,-0.133566069635918,-2.05826314317896,-3.25293463947965,-0.901638819768542,0,-0,-0,0.0488495376073918,0.038193302463104,0.0642563641239136,0.330438057470721,0.194897298679523,0.404629787927676,0.406915921991477,0.290839933053196,0.54821015521947,0.101120534965269,0.0423394020755533,0.18651057192336,0.691599086320461,0.579315639045296,0.809156157366917,-0.624273571357588,-0.662502956928724,-0.549735216274269
sc7_zam22,60.9436598632666,1283.56305286978,262.42,263.870476405382,2.83367099868993,2.15552466896767,3.84187817010901,0.037970689341151,0.0270548311086674,0.0488301507046549,0.648501682894057,0.512834509176753,0.880943769582189,0.999999778520555,0.999999362249588,0.999999933778277,3.91650892949624,2.77570861080261,4.70635840422739,0.165354218503603,0.102087561607083,0.244643613168569,0.196061058342277,0.0961574028215195,0.321611017439498,0,0,0,2.52626861165,0.800355777331639,4.87431004098098,0.00779240192385642,0.00234265781843469,0.015865257990965,0,0,0,0,0,0,1.13179258150533,0.33960524204792,2.71881390998553,0.0332582112496686,0.012860704806869,0.0688591642314734,0.613727630346274,0.308016322627675,0.958526867430976,0,0,0,2.39068526993291,1.10876977410951,3.97482124568791,0.933702573702061,0.823288636065174,1.05067210052295,0.022634195100152,0.0120708174639194,0.0343981395240761,0,0,0,-14.3392323574571,-16.3142744483908,-11.8421113297679,-0.19838871633988,-0.296064714707237,-0.100544299662903,-0.591004865891495,-0.918743583661104,-0.295516651691597,0,-0,-0,0.243453587242615,0.194464322438737,0.327485919725483,0.331539169166577,0.2305938476786,0.40911552881571,0.101250829600644,0.0321429611108051,0.197642883876173,0.189541248336846,0.0878066246134579,0.305448700861897,0.858113678112332,0.742272429666356,0.968865095963741,-0.797065402126933,-0.873404871003539,-0.735801792902438
lawis_river_zam22,233.694296122561,995.926764040321,120.53,52.0407299805376,0.148228362317776,0.111100379700764,0.19974599658002,0.00952352505592088,0.00733148232670493,0.0132308798605132,0.273344275223916,0.211073680127002,0.379078446040002,0.999999926425892,0.999999887350852,0.99999996096411,0.933659157205738,0.699329170086834,1.1418060499072,0.206606664995739,0.120484903578352,0.282043020545692,0.416510401031692,0.186482456976534,0.614756304841964,0,0,0,1.17136018899993,0.524098983983379,1.88754186264687,0.0176084177453105,0.00792034108057148,0.0280578184399089,0,0,0,0,0,0,0.277446295014108,0.106916697955075,0.634419022687633,0.0360532227987966,0.0180363896358594,0.0659114396290643,0.993206054723262,0.631985756637009,1.50054950783607,0,0,0,0.544131548028993,0.26058724089597,0.858411484443224,0.906891879692336,0.801373978003606,1.02929024539078,0.0380867055068181,0.0198370000264889,0.0539983443533476,0,0,0,-2.52428373294329,-2.9662669698055,-1.67941499173698,-0.187801826582049,-0.282415397889855,-0.10629084450211,-0.817555021641824,-1.33413786205537,-0.326703784019753,0,-0,-0,0.0574503878791651,0.0450056713945975,0.0791558980921251,0.372784430972544,0.272091295430781,0.439240423130473,0.216612586231451,0.0960623210832826,0.346707329940854,0.180449772262498,0.110429770625118,0.284744610283806,0.777154519983073,0.682847445699685,0.873956094899829,-0.664634406236184,-0.707107833432462,-0.582842086095148
masinloc_river_zam22,226.807724936374,684.427072618803,358.42,95.4676722703297,0.267197699227347,0.216107212166499,0.355291271470899,0.0256862278613566,0.0192744975343349,0.0344408735055334,0.16738596444607,0.128722701526699,0.228575283279296,0.999999960270754,0.999999944492197,0.999999977338559,0.830755773283723,0.691311381872438,0.978393653195573,0.259932141813612,0.188033332805845,0.32197929334421,0.139334231394219,0.0632597716367594,0.222296167934379,0,0,0,0.976253932496312,0.461400719367842,1.44720162564519,0.0204661182243028,0.0099535391728437,0.0313273879048377,0,0,0,0,0,0,0.713780084411262,0.280058758225439,1.42229009842783,0.138911295267129,0.0814327293603942,0.218877083627026,0.967281046781178,0.782324513810126,1.13034944934186,0,0,0,0.374640095625353,0.17120686979194,0.575040194713332,0.824147705176194,0.634870014787977,1.0792695246818,0.00809749867139536,0.00429694053487517,0.0119186336580896,0,0,0,-2.51369145232083,-2.87784797645621,-2.0424096637061,-0.304119976258129,-0.492566575585193,-0.133750348559993,-0.296271963061469,-0.449295361845917,-0.16227364808032,0,-0,-0,0.110834393809382,0.0883585239302405,0.145838810207117,0.351096108429675,0.268521825779924,0.380824691627392,0.184130241095673,0.0878411672553019,0.274947729474906,0.48938542285642,0.371300816267459,0.654904406667927,0.508133609685484,0.398432992847892,0.678752607138279,-0.684628812451258,-0.739557383889536,-0.646398761446366
salasa_river_zam22,268.214481760567,1023.61653980662,1505.02,2321.66530335938,3.85276426810159,3.18643207130835,4.68894674908733,0.315017508113709,0.236829964231716,0.390573809086604,0.826413664701522,0.669419206443513,0.970631756871984,0.99999901828838,0.929756810759312,0.999999902145454,0.597707485005152,0.121554874498005,0.842978232936491,0.129073049518647,0.0295767581005504,0.210585231045044,0.0200192802941896,0.00263344535124028,0.0408292018056159,0,0,0,0.719410300550207,0.128054416583848,1.57684431398746,0.0123363269637858,0.00212884391685147,0.0277892651701726,0,0,0,0,0,0,0.680773199607863,0.243220805833301,1.45941875657503,0.107706982446245,0.0493898898737809,0.209338424393604,0.325480046012456,0.155997553974736,0.495038998361365,0,0,0,0.378054195622552,0.204019085597263,0.75500423034373,0.8317675813776,0.543709465776621,1.24932703653873,0.00238070280025876,0.001263672435428,0.00425344874048688,0,0,0,-6.16245814874804,-6.94403216085167,-5.34595336924113,-0.455484100916047,-0.806546439531482,-0.22155785283303,-0.17765113650068,-0.28245044168425,-0.0875709720910813,0,-0,-0,0.947648173852653,0.879243200356731,0.99999962917934,0.126027144119573,0.0264603939718514,0.180234585534334,0.0735292195419653,0.0131195359386024,0.160621185237021,0.326422639143224,0.157202650548876,0.464513282168338,0.341566905761033,0.227483293689744,0.52152199637693,-0.888183445441754,-0.983788015292357,-0.817742310682331
bagsit_river_zam22,160.611806976396,1033.55276692039,125.97,59.0923194087947,0.237697047118108,0.180970055280082,0.323988562603305,0.0103010847099672,0.00766965093451955,0.0136951948061613,0.302643697684757,0.233858291127519,0.382702265763441,0.999999926212069,0.999999884285234,0.999999961751351,1.41359973445533,1.10640356731328,1.69499625296985,0.210866574820399,0.127794624683853,0.287176454583445,0.418439171948554,0.224923069632072,0.626848448432814,0,0,0,1.19730926096261,0.482069961836429,2.15904461538289,0.0118225358042,0.00508681198904326,0.0216350027549626,0,0,0,0,0,0,0.405310757253792,0.147636633938767,0.831327219092982,0.0337969666282029,0.0170281563123003,0.0638930544198816,1.08390566626504,0.67377762850489,1.53398855510045,0,0,0,0.799736297068351,0.399504415702382,1.24909195620669,0.917644444318422,0.807299857122678,1.03524412028152,0.0353004597639627,0.0184715858919087,0.0565324425776977,0,0,0,-3.78902143989525,-4.34998326801479,-2.71319613932784,-0.194697857395747,-0.279493590930641,-0.117260451761213,-0.906277930872601,-1.41253522801429,-0.443626615646981,0,-0,-0,0.0654263669112655,0.0538232201828121,0.0850630623114504,0.395440680417818,0.295172730958913,0.467740796847788,0.155569139729355,0.0625509161582576,0.28151730344136,0.191878979494119,0.11295865038321,0.278665452463384,0.831529845236224,0.728445696840061,0.928844090752676,-0.696295116029068,-0.755887695271949,-0.622207441064035
bancal_river_zam22,8297.32022556016,42813.8243159844,57166.73,90944.3488562322,4.78820163636207,4.05330891455119,5.80913450686752,0.287803407934276,0.21256106981945,0.352274766400627,0.871678344800793,0.703255394570218,1.01591230163763,0.999997486384745,0.92826474595376,0.999999839167739,0.629035273560524,0.0899187048792033,1.01597980383977,0.108653762332937,0.0160516365583563,0.191282230053332,0.0151772833402458,0.00152951606145392,0.038614273299439,0,0,0,0.729058633414026,0.165017505438561,1.74713765862003,0.00930996985973306,0.00209255155163167,0.0221563987112054,0,0,0,0,0,0,0.744179117718078,0.217840333957268,1.72029889802441,0.0933269463304348,0.0426336425100472,0.202796994714998,0.297587624499032,0.114627948886511,0.481081833678076,0,0,0,0.515082327921624,0.239886103652907,1.0225180040026,0.834362391149838,0.563145944925279,1.25363188016553,0.00293025591797106,0.00137014129475802,0.00539580306328243,0,0,0,-7.77307306640631,-8.75731847860371,-6.81927521920163,-0.446182192305917,-0.74111322960156,-0.197148024954656,-0.196431795949587,-0.30178388491427,-0.0924668226570216,0,-0,-0,0.960791108340001,0.897072715417505,0.999998705451583,0.108482340386435,0.015136384680218,0.175338926079567,0.058869925865247,0.0135503107534087,0.141550043074294,0.287947043788677,0.121762574170978,0.458979870258126,0.379387754932086,0.253652320506794,0.579072420854312,-0.912953026626883,-0.986072019905339,-0.839157616103721
bucao_river_zam22,827.6984879485,850.627442912981,1024.09,476.828477138747,0.368192958872144,0.295119888138408,0.49654091929204,0.104038023082697,0.0777752842625721,0.138983782286505,0.299073962477526,0.229265420340064,0.387206658375162,0.999999983588137,0.999999974389251,0.999999993803991,0.403659965239459,0.313317503738922,0.497617370794003,0.351459369725055,0.276234437961079,0.435990877784106,0.0816428146768707,0.0352950144595435,0.135785936037838,0,0,0,0.767490392607051,0.399034900066107,1.10959360721544,0.047490065634002,0.024558851822631,0.0696925556485298,0,0,0,0,0,0,0.470296174561229,0.200908190540014,0.939616030365427,0.247657485189418,0.155925175260096,0.395566939006198,0.780622528247506,0.658670886406517,0.934398301090936,0,0,0,0.0933482454600019,0.0404558245753921,0.174315382092763,0.72240875049284,0.425079978721759,1.07317169846076,0.00240541692208046,0.000974662918972426,0.00457277465010968,0,0,0,-1.27408153852005,-1.47457839299935,-1.07421835793664,-0.553520318897446,-0.891124882602017,-0.242107459803173,-0.206796059953875,-0.292076837982938,-0.108148797013192,0,-0,-0,0.254579175853323,0.208784955140563,0.3384119021741,0.283472014559525,0.221332049031869,0.317049188788012,0.250356892299881,0.129648559435647,0.360817705158144,0.544824573672214,0.407153573141956,0.72489801151287,0.251702988270814,0.153292790713348,0.388822945650839,-0.655467761103621,-0.703675004637695,-0.596451331788631
maloma_river_zam22,280.789959578821,860.481382431599,304.87,91.9527261444729,0.214324665564984,0.159362791443153,0.292934131464255,0.0191423705263597,0.0143507757124418,0.0257489206414994,0.191285158840792,0.147995612391508,0.259158475224841,0.999999955567698,0.999999932074361,0.999999976493324,0.804768461036518,0.684117751009728,0.934319025759274,0.245723661000185,0.171923162545527,0.311160791806601,0.180979499859519,0.0865277337033861,0.287070733935782,0,0,0,0.89060773526999,0.46337990714606,1.43369555253635,0.0186787522889909,0.00944580550466641,0.0302934440196501,0,0,0,0,0,0,0.545179335922631,0.236189869163567,1.06350470129178,0.09718544095863,0.0559310025892832,0.159511708261,0.956948734991502,0.768866182868186,1.18994881643522,0,0,0,0.363812045368019,0.17053831037025,0.648378490430908,0.890602932753475,0.720017760358698,1.09153582345671,0.0126177479293709,0.00641347596178328,0.0190572765859085,0,0,0,-2.17641452005848,-2.52823051258639,-1.72983577144558,-0.308040956456313,-0.418540613452684,-0.150240683576312,-0.378067009809519,-0.602140677132856,-0.185280733890371,0,-0,-0,0.0924223146861694,0.0740598367544428,0.128326367333344,0.362960230114779,0.299797339496614,0.396777045125918,0.185552296602029,0.0959003226657788,0.296879891852948,0.372597213424937,0.272392831044827,0.516528593794603,0.606669029082253,0.487700087173658,0.755115747053369,-0.665380143521124,-0.718384367544522,-0.631684339064885
bulsa_river_us_zam23,447.302759618743,529.088664883769,290.439736514153,57.4078357261727,0.0837823147842502,0.0616753437742176,0.115189209839585,0.0200537752733149,0.0146928740447856,0.0265043969986688,0.129178254943453,0.101532359221667,0.172444145649278,0.999999935236298,0.999999910896536,0.99999996059832,0.468225704675407,0.382753304020644,0.541193542255461,0.353972706649706,0.286552047166021,0.413164185557359,0.175274890233464,0.0791290100160946,0.27919060552829,0,0,0,0.8469871278143,0.555376207601699,1.22188997780107,0.0458449469625615,0.0282288952866191,0.0636237937393893,0,0,0,0,0,0,0.286854136223824,0.13270328241306,0.679865356950052,0.14615567486702,0.0853091592192955,0.239405478074864,0.950204028474591,0.815758142454107,1.13307542435098,0,0,0,0.11416251836457,0.0518543530229579,0.19248247794433,0.724434284622683,0.56631826022685,0.933035047515775,0.00624307700757645,0.00329013787453901,0.00949239604801507,0,0,0,-1.01010962657215,-1.16388706299652,-0.744212876872,-0.330923582720446,-0.50613320164946,-0.165464407048989,-0.300817597745027,-0.443446813230453,-0.154320873502171,0,-0,-0,0.068010083916161,0.0547456796137187,0.0907977836513631,0.361223909499028,0.32070577752881,0.389585008234749,0.319040082682809,0.208918591859554,0.457971528616623,0.402154427854733,0.302386516672899,0.546250165664688,0.343048326563144,0.271421168125171,0.453946161672782,-0.562768033808807,-0.605366393592074,-0.499353572586004
camiling_river_ds_zam23,397.300264484256,665.788932318453,183.905999643938,82.6897582715144,0.136042878473089,0.107914019931841,0.178273865270307,0.0224624295348969,0.0165611676498774,0.0302633810007423,0.287585889793589,0.218321542140732,0.382462996630457,0.999999955656843,0.999999934331302,0.999999974404341,0.489700495666651,0.416979438772422,0.578318091293182,0.276702940792362,0.200143884558321,0.344818047526058,0.275918295009338,0.136491713396834,0.387623905652239,0,0,0,0.991062660953249,0.591796504286582,1.29639711026688,0.0375322545511174,0.0229170652525715,0.0498181394334523,0,0,0,0,0,0,0.203249786657668,0.0886523799669787,0.429730763682326,0.0680830742155422,0.0371797529616233,0.117746598803426,0.844548424607236,0.608025393045653,1.13892974963811,0,0,0,0.21416112395636,0.106245530456013,0.347714810870328,0.854258171163407,0.702978010496142,1.0214927627727,0.0142367513198231,0.00728962078875217,0.0222667804461945,0,0,0,-1.17529801097264,-1.38250406285819,-0.866049625279213,-0.288411236483322,-0.42316152807794,-0.144941308549287,-0.47393067740837,-0.76142989012524,-0.222407159476356,0,-0,-0,0.0968759590209961,0.0793389241168772,0.127872310551884,0.361843739522152,0.305963481438896,0.393114831815418,0.338153557791137,0.200768545659511,0.439418483088679,0.238424615162926,0.168372882267082,0.333850791543187,0.525910422915085,0.429843421999225,0.64652246255059,-0.602418967863502,-0.634063235590546,-0.548638456158678
malabobo_river_zam23,408.503418334248,525.529726393746,160.833184974186,57.8317772825995,0.0920272320816593,0.0690237646081845,0.12487881177411,0.0202922648282562,0.0147587591791234,0.0265041032529767,0.224284931935217,0.173431769332635,0.298702716663431,0.999999943105786,0.999999917192218,0.999999965824559,0.431895851556983,0.371949466032168,0.504760902835807,0.320580640755784,0.246326477173549,0.386550963201844,0.295234298328167,0.155912421353855,0.409115221885016,0,0,0,0.939815179173958,0.616157247107497,1.23717026573094,0.0480253032004039,0.0304726701640409,0.0599867232075587,0,0,0,0,0,0,0.196533078452746,0.0665219246394986,0.398039863049158,0.0824264527154896,0.0417715479229492,0.139970093919566,0.891040472554025,0.634462179343477,1.15736726056014,0,0,0,0.154628545105008,0.0711050207244246,0.236342938618057,0.788429306225689,0.637373326536083,0.96759411647429,0.0129313887374969,0.0068786757684553,0.0189302385395107,0,0,0,-0.930546167416655,-1.09173268365016,-0.681580677381214,-0.305338908445613,-0.446527184457363,-0.142693416908256,-0.411258953473571,-0.706280803356254,-0.213647940746545,0,-0,-0,0.0771652903721016,0.0629640970725438,0.100431170623709,0.367352318613601,0.325824464084723,0.394494746306936,0.375737981368395,0.244434494437308,0.492990434316768,0.25267006494036,0.169957837912944,0.370676855902,0.441854096062583,0.355932152889927,0.537068044591823,-0.558656470595669,-0.602675770202478,-0.506254004290086
bayaoas_river_zam23,573.606467388592,711.499691421518,186.612070500267,83.2803994020252,0.0980189450433648,0.0714132329004252,0.128434299994304,0.0215733094768839,0.0166415427457522,0.0284432138403937,0.289221430741949,0.220418779455201,0.385925766394244,0.999999942614847,0.999999923534788,0.999999963035339,0.417518286480742,0.33723573504626,0.481601272113125,0.310493350551962,0.230545081450494,0.385030594937222,0.327027723186822,0.1766209196506,0.450637765560429,0,0,0,0.904999481626314,0.648468908859545,1.20641644118622,0.0481999215516136,0.0333436428954016,0.0622747481289266,0,0,0,0,0,0,0.157249119499463,0.0668922040063224,0.356429215938793,0.0579552557247125,0.0343940029171479,0.128643022182286,0.865399291772692,0.626460239323391,1.17546247007772,0,0,0,0.150831425680507,0.0671309663209792,0.242149526004876,0.827039962958086,0.665149314924739,0.988674708383526,0.014786091140263,0.00823456302319947,0.0231077935706706,0,0,0,-0.845211232082518,-1.03876920259551,-0.627921095785551,-0.312292442749577,-0.447046107082952,-0.153380388556599,-0.569567671515826,-0.851556248268522,-0.288877787338232,0,-0,-0,0.0847625793454811,0.0672186002529223,0.111895528604251,0.358877518952786,0.314634342884511,0.399268630119696,0.376053435305548,0.268103603444534,0.501084999439598,0.221046414267397,0.136370283141182,0.335448470345167,0.457734583519842,0.371155990181417,0.571614840064977,-0.562890362684651,-0.607287341828958,-0.491199982440146
mapita_river_zam23,762.787564249713,797.449084550504,283.567740786897,78.9146193552026,0.0689203069265854,0.0527186783664175,0.0914331679142946,0.018683128941584,0.0136205551974351,0.0253624086506142,0.181762769524657,0.137498421199642,0.238773152761761,0.999999926220199,0.999999895166387,0.999999952703725,0.392924953515659,0.32489051082727,0.461905712238876,0.349249155329978,0.282061701364524,0.411886174884808,0.291960638037157,0.128923329766821,0.409744601153841,0,0,0,0.954722036878052,0.644133946199704,1.2097007657271,0.0582935284926921,0.0393999505889155,0.0747610909444236,0,0,0,0,0,0,0.193717412995284,0.071470938828412,0.381711055607983,0.095274804712025,0.0565873204517147,0.16949176649829,0.897210029207199,0.71297225520324,1.14944047891585,0,0,0,0.112029781252976,0.0603699605253002,0.179752780770062,0.73211312130628,0.591192169420183,0.906696311704865,0.00977717067639325,0.00424989829600297,0.0145771391186416,0,0,0,-0.785254406886154,-0.946811496364138,-0.615172958063243,-0.288826882760976,-0.453122078733881,-0.141187453696841,-0.397661735139285,-0.630892385536342,-0.224803521340848,0,-0,-0,0.0642212832440512,0.0513545778611534,0.0840317444401151,0.361095875290229,0.325695760560406,0.395313345173792,0.420755348427688,0.281647932974851,0.530940910255922,0.276280979277213,0.187644081437071,0.388855413167481,0.371058453885405,0.297039519499511,0.458309215626749,-0.533981456316665,-0.581625057373185,-0.460617968995098
dumoloc_river_zam23,658.041818454015,853.034355070973,256.115364073349,111.155614475503,0.113984029931819,0.0852938649169394,0.146169119071521,0.0243539753960072,0.0176327909654035,0.034077949315066,0.283297651400679,0.211813417094524,0.382572383774563,0.999999950542638,0.999999930880602,0.999999969489194,0.437604401665388,0.367918931853737,0.50819464525444,0.307615491383512,0.232497699260178,0.371329654189733,0.298350433096649,0.161099276767333,0.387399250651236,0,0,0,0.952109548652696,0.650283522575463,1.22377716113712,0.0471712304054767,0.0316717481651346,0.0608658814196938,0,0,0,0,0,0,0.173586506630659,0.0699781208298709,0.37155804426891,0.0743604073895057,0.0420186638520723,0.147104486404034,0.839876307309698,0.645539756870966,1.12080146837792,0,0,0,0.159485040456703,0.0739804717006849,0.25522599292173,0.807006580025382,0.631557355131387,1.01348470515301,0.0131450232921741,0.00675212405291409,0.0209543186421985,0,0,0,-0.953908873122699,-1.10571617822682,-0.700044156394603,-0.297044825738368,-0.448313795459343,-0.143526511289275,-0.470354507291527,-0.733957452701148,-0.245292825637364,0,-0,-0,0.093638563368813,0.0767620410317337,0.121373951912284,0.357350873327184,0.318318756521182,0.387876847110071,0.379903679032281,0.259216611777876,0.482506162481314,0.235856041390645,0.166514347818295,0.356028069758651,0.454887104780965,0.350454732899571,0.572366043582397,-0.572960957340578,-0.610578685761478,-0.511816058688373
pmb1_zam23,910.125255751285,1664.18432421313,163.503649635036,173.775985107043,0.128386743868447,0.0976771697371172,0.174928987725914,0.0196984489724553,0.0141430731273944,0.0262732865751896,0.671283807562587,0.515652767779493,0.906585119893804,0.999999944145976,0.999999914524336,0.999999966081486,0.433458797806745,0.295114383318088,0.535159585655147,0.211122913048326,0.120122074819219,0.311375709259655,0.480436503353353,0.265586382583882,0.742742176930381,0,0,0,1.212340028973,0.845284946646497,1.58137280394722,0.0417926696021166,0.0293826606011502,0.0558584435777137,0,0,0,0,0,0,0.0803749731976178,0.0296461226548289,0.177959784558785,0.0220071391487584,0.00962652600023694,0.0399049404798477,0.852984196911474,0.419660358315546,1.5765471272413,0,0,0,0.233539297294292,0.127085155159965,0.416263194052804,0.9448304492147,0.785667384131375,1.07885078276396,0.0449209569621827,0.0228112749765855,0.0742323966096764,0,0,0,-1.19466534484587,-1.43307730128146,-0.873511060110541,-0.251052513418706,-0.362769520852803,-0.130709330697067,-1.24973187016847,-1.97545056348366,-0.656934494447997,0,-0,-0,0.0961752238970457,0.0745991779646442,0.122174965071017,0.329407459981227,0.210557366653966,0.401595434686462,0.429649621800704,0.298258124051284,0.557189524225279,0.0989464226186582,0.0513120202079017,0.179302241454062,0.659035115376967,0.557628661983791,0.781283691964407,-0.638977966437427,-0.681196814164194,-0.573814078073194
pmb2_zam23,1005.18987973452,1797.73709113351,145.593733309596,166.110343271373,0.104141732323827,0.079989009861451,0.145779159592342,0.0166772746248631,0.0124648486338691,0.0234301386052527,0.756959084951975,0.581064550228193,0.98588387057875,0.999999933222479,0.999999900099004,0.999999965097431,0.449840964185315,0.257071820277594,0.552044569013266,0.210221222824273,0.116046064715976,0.30088725811766,0.559790103256778,0.277965499454602,0.932077982814039,0,0,0,1.15030250244845,0.810623779476155,1.5187601488658,0.0409022284198403,0.0296916271806344,0.0547718524587996,0,0,0,0,0,0,0.0738437607059317,0.0224932774523471,0.201737673901311,0.0229442191539063,0.00941427077159048,0.0513517031085352,1.10031544054921,0.485591137873083,1.831262486632,0,0,0,0.229512789419526,0.114835050101524,0.39827948962309,0.933897921717243,0.813564429065055,1.09674903456732,0.05476698918369,0.0304849285676697,0.0883140538285631,0,0,0,-1.132814999105,-1.3716500621745,-0.828070614700966,-0.259907858075376,-0.365425569963712,-0.135500663764128,-1.67075829892231,-2.59040488800745,-0.82430107428308,0,-0,-0,0.0839602184930033,0.0675096309997841,0.110831836938029,0.344873656645081,0.21474189233572,0.405016367046466,0.415938433119404,0.296898692383281,0.551600848700464,0.107836394125701,0.0438374742178442,0.185162525072912,0.665937163533523,0.551973036881381,0.784699651323539,-0.64573166721921,-0.685375373658473,-0.568558859553043
pmb3_zam23,745.047158041818,1839.66262085991,124.443653195656,158.111302287536,0.136598928290319,0.10866317697493,0.180553284046644,0.0151199244057919,0.0109959489230015,0.0208539832198673,0.813184704622898,0.617309515830051,1.07228721829862,0.999999927781043,0.999999892413403,0.999999961381761,0.467062779461856,0.259021519145714,0.649728450780023,0.156726935663972,0.0843668065240916,0.261638262229487,0.577476731102321,0.319218208356581,1.00606164370828,0,0,0,1.290715659798,0.768914092229817,1.75242644682288,0.0340313322403897,0.0193487241337767,0.0457327792350579,0,0,0,0,0,0,0.0695136839499864,0.0209828295900405,0.176421149097179,0.0142320685343836,0.0058541267424164,0.0340337987138541,0.895405869183695,0.357956653881255,1.70283436016228,0,0,0,0.357192263456005,0.193818846812901,0.548578928625072,0.965417829271964,0.834909606109639,1.09224084018016,0.0616875422708534,0.0280736691764965,0.10562054185396,0,0,0,-1.48458416227371,-1.80961353870392,-1.0197027636395,-0.211434231631257,-0.313510708657123,-0.116233588783374,-1.60499005396169,-2.61505248204191,-0.712664291681699,0,-0,-0,0.0852122734434807,0.0690578756456776,0.110220579304835,0.287187907248418,0.154965472700664,0.403204370348375,0.378720879061927,0.225640054965561,0.514038144226314,0.080450233745843,0.0313150342482909,0.155075068084602,0.768670333338972,0.656758598519204,0.87257874852202,-0.665105563142726,-0.701862420646159,-0.55469566860324
pmb4_zam23,1083.86147013324,1621.51820613043,143.777817340217,132.547034101486,0.0785666442476325,0.0591135124298546,0.107995257605189,0.0155182262598462,0.0109512378000834,0.0205542194179289,0.622087519424175,0.463841954196393,0.829437580556239,0.999999926655828,0.999999893018166,0.999999958452212,0.353583852198466,0.20500280819482,0.474300548897473,0.210824814692651,0.10760097751724,0.31556034712456,0.575963045973715,0.320684527703199,0.841338991044839,0,0,0,1.26180196844143,0.95117524047873,1.50507287150637,0.0531202823608009,0.0399949290444402,0.0656998250751832,0,0,0,0,0,0,0.0571608925437884,0.0187335802348321,0.136131067472669,0.0219963037237957,0.010735211018294,0.0466985850297874,0.858635516287029,0.436008229363429,1.71650711238453,0,0,0,0.212931745139425,0.106093466443287,0.327538049163439,0.935458065953531,0.751056357362892,1.09559635494578,0.0491686502130367,0.0263516579113351,0.0807523442105836,0,0,0,-1.00673888193016,-1.20185745431113,-0.752792110571696,-0.256500673900979,-0.378394587801964,-0.122017729338078,-1.27002073432754,-2.29126172038553,-0.582742293676205,0,-0,-0,0.0710779829770143,0.0561139119383613,0.0936912540653842,0.310697583771436,0.171645670819746,0.395583286258972,0.510674557170947,0.388676001828841,0.609277962943653,0.0865604685007346,0.0427883282979308,0.160020219218916,0.610707915796542,0.510090105563827,0.727360115118551,-0.617824264358432,-0.654391695952579,-0.531145479874712
sc7_zam23,49.7779330305903,1283.39847767949,153.071034359979,19.8000169238146,0.261149225468389,0.199677091318484,0.338286432895645,0.00273699767470537,0.00210587643464133,0.00364175039383249,0.0848879191391623,0.0637397920905357,0.110313701268156,0.999999716961652,0.999999531868017,0.999999872611255,5.71021883717816,4.43439307949789,7.00553090320112,0.215545403443782,0.137097515164267,0.285994179978657,0.443398531568252,0.163751713549092,0.731164765980718,0,0,0,2.27246030501575,0.354655347857328,5.2590213273556,0.00592678442880588,0.000827055311092657,0.0126676837429567,0,0,0,0,0,0,1.57263564107585,0.662084503631894,4.23615836462661,0.0416355903952498,0.0213050352331512,0.0728616402735033,1.28879774446499,0.857515443809613,1.83883437989517,0,0,0,2.85989731878592,1.27960890976482,4.66000016399184,0.895443757661605,0.800566651372401,0.997854964479463,0.0354450758480079,0.0186406422345729,0.0552253228239907,0,0,0,-15.2353515854917,-17.390099095168,-11.7370264993163,-0.171839718992972,-0.244440573461215,-0.0922844226312113,-0.935037731812608,-1.47990943469828,-0.387517699068764,0,-0,-0,0.0196926027380897,0.0161166834953709,0.025699527451078,0.438199107883304,0.327409131600339,0.519996853470941,0.0809799361769661,0.0125848945977664,0.186546843764646,0.240754273585122,0.153789278249116,0.377880248624987,0.908957932048032,0.789829269234306,0.977330480783248,-0.745897131948711,-0.851640064610055,-0.656891721926163
sc5_zam23,62.1787514347023,1501.09031063567,134.911874666192,27.709361690125,0.28255132679968,0.227048706521989,0.389389893628297,0.00344587116123069,0.00257279571026107,0.00458705059673221,0.13769608506755,0.101249526764907,0.178774767587132,0.999999743182315,0.999999620366519,0.999999848012743,5.65279339563981,4.31888368676479,6.80697143264438,0.227458601173206,0.165375523666098,0.300913595732466,0.585256144414163,0.268933413393655,0.886348548959342,0,0,0,3.122430848165,0.418485952595109,6.12502501633624,0.00839741486570343,0.00117199931157583,0.0161875097126591,0,0,0,0,0,0,1.15153912415577,0.380047589256419,2.80543893075416,0.0337436888139081,0.01355514333851,0.0588024408351896,1.20092631483704,0.719160997209683,2.16071961412811,0,0,0,2.63250646375394,1.22086390362308,4.44283174278952,0.876229714355933,0.807864291675619,0.957154364717591,0.049370844133301,0.0236022840131972,0.073326473550425,0,0,0,-14.4174735729023,-16.1678852704002,-11.6855144259142,-0.149622006516585,-0.249575500379058,-0.0819698653178186,-1.17830942356647,-1.94584471048045,-0.565172900299324,0,-0,-0,0.0247022004393681,0.0199704689433701,0.0321206912742549,0.467604031662799,0.3724366542573,0.563768582045508,0.121920830796744,0.0163588050219136,0.239739563459276,0.187895475237863,0.0998595248009221,0.318294867203086,0.905796528261033,0.811161412726521,0.982286324823039,-0.746684740762915,-0.856612374425547,-0.690752015297621
sc1_zam23,321.897300264484,1954.82411026538,4659.71158981663,107.734183284912,0.216962515493079,0.165550921465491,0.290514652196861,0.0103802218073478,0.00732361455235767,0.0133138125468331,0.0147554853283109,0.0112552336537666,0.0195753217956261,0.999999880494089,0.999999742764423,1.00035932999801,2.79839404563554,1.13843854565028,4.23653441467825,0.406489035473874,0.193502003569349,0.589598186459508,0.0477441752998273,0.0115044899076803,0.108063922099207,0,0,0,1.13662180148998,0.000149770404178758,3.79101742070865,0.0123498876515843,1.62142500952859e-06,0.0410937346592243,0,0,0,0,0,0,2.94841009139302,1.59800370740106,4.37119221731668,0.502477553722706,0.297542999761976,0.699749462424429,0.986368799426782,0.932184999846931,1.03938259266515,0,0,0,0.336117030459587,0.0563189087587743,0.847098856415237,0.504783784641955,0.185953065763162,0.908658335605042,0.000684278579860381,0.000132699527362325,0.00192639001312205,0,0,0,-8.30313817112657,-10.3230069894777,-5.55884420420942,-0.46045976941497,-0.906619380030531,-0.173091561758472,-0.0821299879335179,-0.127952959481048,-0.04406718285825,0,-0,-0,0.0226100303263476,0.0184839667637389,0.0301636925232978,0.286248905551771,0.123865561084849,0.437897737078406,0.0562475447567252,7.367515202109e-06,0.186917977579284,0.974042572180963,0.906806565735994,0.999998476694787,0.159427226667002,0.0581721973824172,0.294680057378412,-0.634334690840951,-0.750355275423518,-0.419721865588544
lawis_river_zam23,203.627925545187,839.41575807447,124.123197436354,775.26048571348,2.32150869266629,1.91364948976294,2.66512872106294,0.140815295675244,0.11428797853317,0.167016872950227,2.49146241651447,2.05106755414634,2.86601886131546,0.98619900153094,0.916945065723892,0.999999919642865,0.0884665240194717,4.46449782082433e-06,0.325025186801828,0.0199499608983221,9.63985538718975e-07,0.0774291188011385,0.0269961607658755,1.27989541232136e-06,0.116629486166143,0,0,0,0.986818161456762,0.32646366249465,1.90093525693608,0.0151326203418153,0.00509029879724815,0.0298032588168401,0,0,0,0,0,0,0.00427745972057573,4.75378190175211e-07,0.0709454079823958,0.000939345291521604,5.95928854468295e-08,0.0100158933525432,0.0314350406970925,1.09660318775522e-06,0.234904889015428,0,0,0,0.523513686640952,0.271105648864932,0.845523697829069,1.03197549667963,0.901878525219252,1.15476963118829,0.0341126493507892,0.0170596965822604,0.0501622455706462,0,0,0,-3.37121380428025,-3.88952526818912,-2.8615682708644,-0.247208963208345,-0.386598986519377,-0.131174817491236,-1.82147241348608,-2.13999276648383,-1.43587046698201,0,-0,-0,0.741761683581402,0.687376512533228,0.842293288641496,0.0367074048715443,1.72035807022809e-06,0.12860258672212,0.183318706214209,0.0610432456986202,0.3511575072907,0.00635128734006934,2.7698309705533e-07,0.0499822394280604,0.860779465198207,0.740974148500704,0.985983616092848,-0.984569427410868,-0.999999379423457,-0.92717361120456
masinloc_river_zam23,185.288687060233,643.200987451142,131.458073704825,745.364285109864,2.35088636406874,1.99626742331721,2.66924107763912,0.176130644782416,0.137217944160999,0.208293340036822,2.10952545466242,1.75690441699344,2.44077042554594,0.953856155136314,0.899308011566974,0.999999831324103,2.84556246279551e-05,2.31002758079521e-06,0.196446787675401,6.89323481804665e-06,6.42843027192158e-07,0.0487730330328108,5.18896296111766e-06,9.20786341732427e-07,0.0569025691532031,0,0,0,0.954150185771016,0.254137210562208,1.87490371451513,0.0174662164163938,0.00500243612896095,0.0333325831564574,0,0,0,0,0,0,5.34644976842795e-05,3.51110576662337e-07,0.0616539252333447,6.80924903028914e-06,5.95744456580858e-08,0.0112068201308269,0.000178086398339647,8.9354157649168e-07,0.184325839405008,0,0,0,0.466926709717071,0.219890711958737,0.776805211025673,1.04265618106622,0.890280575398682,1.17465249888759,0.0231796522636067,0.0103180910865695,0.0357055027810447,0,0,0,-3.13633335379107,-3.6120843728218,-2.66512878352885,-0.262620592387707,-0.411617479307395,-0.129684431535591,-1.35079794245175,-1.64494941603497,-1.04341196850269,0,-0,-0,0.841438278298273,0.782627607034227,0.932826235783216,1.00559461562324e-05,1.03548491422115e-06,0.0798910225999263,0.193936216982209,0.0525510781400588,0.383420544185113,3.91403532103194e-05,2.54615521795841e-07,0.053020306886405,0.806074462316235,0.671715635069982,0.925961054149096,-0.999995576449404,-0.999999324448012,-0.945006361621936
salasa_river_zam23,182.918309296871,501.254885825962,158.768025636461,85.0083208755253,0.298155656473259,0.237135921371386,0.394031826731552,0.031728228870986,0.0223255705226371,0.0416528253854304,0.359476448981875,0.271275304556498,0.463812307829292,0.999999970072776,0.999999955491278,0.999999983236625,0.682149280743553,0.581712236710396,0.777973639770891,0.23572832006459,0.162174466710261,0.307387843661839,0.204053265951379,0.0963394377505532,0.309744421108025,0,0,0,0.901040722533449,0.413632979616622,1.44407361474417,0.0213273262485241,0.0102182601785135,0.0336308439149008,0,0,0,0,0,0,0.393889772033479,0.153515666834561,0.788879340873107,0.0812071529804751,0.039060410220624,0.13425718115054,0.846355645958318,0.591469032202222,1.15162883040998,0,0,0,0.353343590122996,0.148071812931286,0.593780504318582,0.885650687657478,0.710766590150248,1.08266802042747,0.0136936532853306,0.00723910949251785,0.0207144578025083,0,0,0,-1.93746401879771,-2.24832533725458,-1.55067561149425,-0.282803245276716,-0.429300253390864,-0.133624742096021,-0.469894351516701,-0.730178078411785,-0.229844628547224,0,-0,-0,0.152247365578411,0.12419940839064,0.193147459917313,0.347003034511129,0.286349362769267,0.384437886542374,0.208023130125592,0.0957026099336548,0.335448361367581,0.304606704657372,0.202036470352712,0.427284650957568,0.603778276827645,0.482350213914824,0.745283055937944,-0.664910874967337,-0.713613492307046,-0.622812253960427
bagsit_river_zam23,126.079145665951,611.067681547007,119.814847783514,14.5482751812258,0.074931484578079,0.0581054441046459,0.100001826407006,0.00435376769714102,0.00325244025838888,0.00547405702192662,0.0779701594776106,0.0619703941619626,0.105276236492517,0.99999983970614,0.999999765239189,0.999999904477221,1.1494375535111,0.963697611974131,1.36631082779044,0.232437033049669,0.147661266925232,0.300548623782215,0.302633779140787,0.161114599381691,0.460674314516509,0,0,0,1.03807897947047,0.333729334286388,1.75180605715774,0.013121146677823,0.00461898892477033,0.0228393545249598,0,0,0,0,0,0,0.554681110702843,0.229119485578947,1.14045016118309,0.061189834765169,0.0319780230149175,0.112711906886817,1.05751711205901,0.825617965255058,1.47750059784378,0,0,0,0.563020141946826,0.286980492231897,1.00052312115257,0.919180396713586,0.776484475267647,1.0600001754037,0.0208869444004887,0.0110807655816633,0.0331471577116365,0,0,0,-2.87145625818973,-3.43074114192894,-2.1201066591136,-0.245912551953562,-0.340302768659933,-0.132046392757159,-0.540138770191494,-0.951626098570102,-0.232902100484878,0,-0,-0,0.0251984059193986,0.0202458201251991,0.0328600484059366,0.400645666364451,0.331754192097157,0.444352303846584,0.162281604816338,0.0528214630545824,0.275406241748448,0.29299685454703,0.19610101539696,0.422749696484901,0.754199561137583,0.626198938062888,0.882855260387154,-0.667528117497715,-0.723745618386769,-0.611561709240979
bucao_river_zam23,566.919506961425,759.473359391072,459.889620794018,3025.08673454997,NaN,NaN,NaN,NaN,NaN,NaN,NaN,NaN,NaN,NaN,NaN,NaN,NaN,NaN,NaN,NaN,NaN,NaN,NaN,NaN,NaN,NaN,NaN,NaN,NaN,NaN,NaN,NaN,NaN,NaN,NaN,NaN,NaN,NaN,NaN,NaN,NaN,NaN,NaN,NaN,NaN,NaN,NaN,NaN,NaN,NaN,NaN,NaN,NaN,NaN,NaN,NaN,NaN,NaN,NaN,NaN,NaN,NaN,NaN,NaN,NaN,NaN,NaN,NaN,NaN,NaN,NaN,NaN,NaN,NaN,NaN,NaN,NaN,NaN,NaN,NaN,NaN,NaN,NaN,NaN,NaN,NaN,NaN,NaN,NaN,NaN,NaN,NaN,NaN,NaN
maloma_river_zam23,214.681371325914,685.784817938696,233.078155599074,91.4337291625532,0.275482498195429,0.215332795012514,0.374824716593687,0.0251047898777885,0.0188344786586646,0.0341377194504526,0.258347251529344,0.19683280142803,0.349824711944671,0.99999996364291,0.999999948413464,0.999999980673159,0.800704117742139,0.643632114827152,0.934584576998523,0.235619561592079,0.165540686318088,0.302547360790455,0.173665132999814,0.0803500674727934,0.271223661200406,0,0,0,0.834801579951798,0.393944884849977,1.40310371858216,0.0177632185904673,0.00781876053246613,0.0286888660116413,0,0,0,0,0,0,0.549546802419942,0.20919657569298,1.07445964686602,0.0739771465708257,0.0429195108866844,0.148273254994653,0.91899855985568,0.675606531511274,1.17300425977737,0,0,0,0.438239897671082,0.182646829380622,0.674529740033762,0.911955785382029,0.712404931662426,1.10347943182093,0.0116021802591085,0.00527034137071851,0.0193994420887644,0,0,0,-2.30216975108407,-2.67728430532192,-1.78513988333763,-0.295287496966112,-0.430154174482541,-0.158462601624142,-0.368724244884152,-0.652558137033537,-0.189136042943414,0,-0,-0,0.120645207746614,0.0988233465510545,0.159744261838116,0.354131086981739,0.279272181840869,0.388484200755173,0.169998375538809,0.0800800283690296,0.285811787860554,0.349276253746149,0.244291795321692,0.502244578304207,0.631173758344223,0.501783822629218,0.774415799255804,-0.675054467126991,-0.727171208998512,-0.634160604746162
bulsa_river_us_zam24,354.231056439942,499.794309401358,215.753404379562,33.8842975206612,0.0613871849378075,0.0472213971089277,0.0805293631535076,0.0122547001947467,0.00915961499776435,0.0163993551583329,0.104954796859453,0.0785005759897207,0.140572601022755,0.999999903966437,0.999999856547495,0.999999941093641,0.508365742524153,0.427699100532102,0.599585499013813,0.331024138054799,0.263037661764326,0.394291044839142,0.234594733114841,0.107254191027648,0.33900875177178,0,0,0,0.881806442990914,0.517502483334919,1.20644754313269,0.03988666371994,0.023104713159112,0.0549063591046999,0,0,0,0,0,0,0.346152423782641,0.127086940975578,0.654389356765862,0.124205980779756,0.0696363789769517,0.198956418175574,0.973511693922983,0.783536771589767,1.17691627411374,0,0,0,0.149414864348618,0.083718714884783,0.244070415148857,0.77324320656736,0.611527885567967,0.935687848626887,0.00885097196082161,0.00420542938412864,0.0143086725805761,0,0,0,-1.08265885080096,-1.25318462054159,-0.818538629973941,-0.302625357902899,-0.459553001903214,-0.147899037631118,-0.334126717071123,-0.528185845595041,-0.162096039482866,0,-0,-0,0.0471673529340098,0.0378554975225413,0.0614869053372515,0.378108449241372,0.34645896225035,0.404807803237243,0.311922852337048,0.183380452670688,0.425852843636952,0.379692974525456,0.276972117539426,0.507200469355547,0.413307740118952,0.329724591310318,0.509906302691261,-0.576096618684092,-0.614277007259851,-0.510118513961337
camiling_river_us_zam24,351.698390388742,703.556740176918,138.434696528396,31.3852142272868,0.0590360761098419,0.0454884871893902,0.0750682720141417,0.00800246147050214,0.00613241017697603,0.0105215726168559,0.146472645448428,0.106679906704035,0.187931244340627,0.999999885448643,0.999999842175305,0.999999923803654,0.562549764096862,0.459186067571527,0.641581664885196,0.253938773437981,0.170667762162033,0.334050778221732,0.370493184623564,0.183591430910399,0.503715028111363,0,0,0,0.959877680357296,0.526161942033161,1.36423583746131,0.0312659576820714,0.0170302268575443,0.0449984932806255,0,0,0,0,0,0,0.216713838650763,0.0904711856677856,0.492489687026122,0.061534971729334,0.0321021145003185,0.105894188597801,1.0395060824745,0.756651589413557,1.44051751143748,0,0,0,0.244565693414125,0.117483627779883,0.38637912654221,0.864783942859651,0.73270279259806,1.00389903520259,0.0219278583475869,0.0119891950429066,0.0336421618588372,0,0,0,-1.21178847648473,-1.47202016430728,-0.879834141893775,-0.240102669600868,-0.345491599797539,-0.125309222308123,-0.615131516835505,-0.92577880911095,-0.291118507561729,0,-0,-0,0.0382491546444444,0.0310191670255847,0.0493539966572105,0.369157533792166,0.310876633314395,0.415188274267163,0.301254251275031,0.165291598810896,0.424944656800396,0.235523242182048,0.160935139047112,0.347124094164436,0.590609428738152,0.489228421854676,0.691745198412853,-0.589788902084675,-0.623591123402953,-0.514093229145382
camiling_river_ds_zam24,366.046583412346,738.68505286978,129.763981947659,42.0838857078385,0.077679353833549,0.0590595128786617,0.101885898935562,0.0105390610516672,0.00816424531128959,0.0146312999093661,0.207175999115719,0.153654595617792,0.28138091167834,0.999999911953334,0.999999874277406,0.999999946308392,0.560611795709966,0.466896456022663,0.657523048590112,0.263865784424924,0.194050514069915,0.322644028307065,0.378039503775105,0.201313786776172,0.549039401419926,0,0,0,0.973340583331334,0.631855715936718,1.36895554839921,0.0306666433319297,0.0191565910324552,0.0434720720886753,0,0,0,0,0,0,0.175242786953838,0.0775801808541455,0.440041993710181,0.048630645893591,0.0272851639904968,0.0949936008547501,0.987265923412965,0.691318949161173,1.41993529162147,0,0,0,0.268768280853989,0.118674751729702,0.433164548357643,0.865074686713553,0.73893752691025,0.99856856220814,0.0244632060391479,0.0130249946788,0.0391464431947905,0,0,0,-1.25909711758441,-1.50564428465517,-0.926895616262076,-0.250435253575554,-0.348301221094881,-0.131488406229705,-0.659585823857106,-1.07919670174781,-0.294365260529151,0,-0,-0,0.0513882276744581,0.0406507606458735,0.0680034349114493,0.380527844660499,0.31685343068285,0.415558346668429,0.306819084405573,0.20091259388024,0.433622363895961,0.202772361931121,0.130252990008494,0.313697979871074,0.597973897063168,0.509348660120442,0.715634435657023,-0.604170798095399,-0.63801851410059,-0.532096566086156
malabobo_river_zam24,438.948009880733,633.465657272166,103.022699626135,40.718697994528,0.0609003952841112,0.0468242906902153,0.0833497153657811,0.0119334003712839,0.00871321827853214,0.0162541059757452,0.261105783398404,0.199126506269752,0.362390862926763,0.999999912212432,0.999999874375773,0.999999943043584,0.428583396110352,0.346807436741477,0.504159162786408,0.27723883994106,0.196558083419788,0.353183643790786,0.427760073687882,0.287436455158043,0.622995942037135,0,0,0,1.04040849674343,0.709195610073571,1.33418497299257,0.0459175454784821,0.0311614718434522,0.0604355903104556,0,0,0,0,0,0,0.109333765626369,0.047826736011929,0.267257998950704,0.0440013259418452,0.0235991140700797,0.0795224422943103,0.908208295122884,0.619143721632894,1.38457450452328,0,0,0,0.190359004291161,0.0850457416915502,0.30341996033402,0.862934256669705,0.72489397221096,0.982366553419357,0.0256659030929417,0.0125124171114251,0.0402614948589666,0,0,0,-0.943085486627313,-1.10904025248206,-0.685791802520156,-0.252613427852016,-0.373641457394526,-0.135215479725073,-0.700386955772109,-1.17466067465902,-0.32811501015856,0,-0,-0,0.0536848413618284,0.041154815496027,0.0697354311189193,0.361704067521317,0.301988020562485,0.410053328418895,0.412395467193227,0.282584546680072,0.531595490399292,0.155833332285277,0.0994706646192159,0.254776046404948,0.530749328330696,0.443945723706213,0.630437271194119,-0.560468919759487,-0.61231663720519,-0.475402784174426
bayaoas_river_zam24,580.740684914417,911.325748611397,158.584183870393,42.656474769413,0.0481706739611798,0.0374377770691541,0.0638483749920963,0.00864009918610648,0.0064040026746364,0.0113425460735877,0.181452366116026,0.138119412900779,0.231751284847409,0.999999887132601,0.999999834950507,0.999999923210428,0.465981489884957,0.395907662547169,0.545408341683759,0.289529552783647,0.208971363940783,0.360693617807455,0.412589738017029,0.225092872558927,0.593470319346155,0,0,0,0.987718533495933,0.680057720588797,1.29237451510502,0.0408798581034741,0.0271640090217513,0.0527595252651691,0,0,0,0,0,0,0.149116993499404,0.0601115144500422,0.30775635501153,0.0527495288055725,0.0284744706161611,0.087887812133781,0.988863829223087,0.738433071519307,1.42715177526733,0,0,0,0.184963436122344,0.0779690437710753,0.31615729357985,0.8765519156408,0.722009428077223,1.00213264944729,0.0237976063512815,0.0118443865732057,0.0365826918941396,0,0,0,-0.94669082295269,-1.16238659458066,-0.684781155037358,-0.289765566667147,-0.384621532537352,-0.160035438194803,-0.666630053815294,-1.08119219569479,-0.341504905294267,0,-0,-0,0.0388578430095921,0.0310304949646092,0.0514171230773058,0.378662066025254,0.32342600166728,0.419175173200115,0.37157171546628,0.253772758502749,0.486145719718146,0.192030962611802,0.126080959262416,0.277116453233733,0.553200653718061,0.455846841573694,0.640744801901303,-0.563138286433119,-0.609923215766971,-0.473699086686012
mapita_river_zam24,764.961878337242,896.639106768155,214.909084635927,45.2768454009534,0.0373533459653376,0.0292569918746711,0.0511253073534814,0.00926148467131424,0.00682656275563222,0.0121723429061166,0.131044769879618,0.100803186692622,0.179396073988641,0.999999863188401,0.999999815804299,0.999999914924173,0.415826844590352,0.350738781496496,0.486118846926981,0.319744974734879,0.245798218377899,0.392901093884365,0.388915229299678,0.201473046032349,0.513427271597565,0,0,0,0.949821132741807,0.673704298438626,1.18245973165014,0.0519728074370579,0.0366167764753562,0.0649847378966357,0,0,0,0,0,0,0.160220545332763,0.0613684501582027,0.336804527531218,0.0731049698757786,0.041241960524391,0.118100253426662,0.950715974341075,0.722871046953167,1.23333238377741,0,0,0,0.134871624976701,0.0663926287901181,0.221644498354945,0.811906386109877,0.660468237705189,0.972982748301891,0.0159297649832296,0.0084164115000682,0.0259911764840314,0,0,0,-0.757786668333966,-0.950038949917933,-0.588671434444203,-0.278314586591497,-0.447429759304168,-0.141622368758963,-0.488624062779617,-0.783239324187863,-0.249611012962225,0,-0,-0,0.035309994498372,0.0285902259362608,0.0469241105681089,0.374016737040289,0.330156919640617,0.414363847699578,0.410421792059822,0.293400164726386,0.51282005695958,0.218714289950722,0.154458234583964,0.321289372476712,0.450184580269028,0.360434378566232,0.548817374014311,-0.523538222019087,-0.571157801360906,-0.455829021078721
dumoloc_river_zam24,711.815783222716,1003.11446204485,222.76675591953,66.0931373931684,0.0624572515894564,0.0481581908079214,0.080020772078001,0.0119901974890274,0.00953078388592709,0.0160528191127364,0.189208545725308,0.144425388098595,0.250894933184645,0.999999908992292,0.999999868989513,0.999999944000081,0.436076600621428,0.371401725115229,0.513338722446351,0.304260612055633,0.224518422278274,0.368076039826659,0.366893571637784,0.193718825216348,0.494155615228965,0,0,0,0.970430770291375,0.680644481448329,1.27370031717413,0.043695665145308,0.0297408822890699,0.0565257062209178,0,0,0,0,0,0,0.179497969523635,0.0636894438015617,0.375828344929512,0.0675428171124898,0.0366181585847937,0.119468270927144,0.930718276207068,0.698971865363622,1.32877300107189,0,0,0,0.1476563288427,0.0715713907855708,0.256027211619721,0.790400438256185,0.660596187837237,0.957731948715666,0.0173227852973134,0.00835836063276527,0.0274099710542038,0,0,0,-0.961125560510023,-1.1061984919926,-0.676987637813828,-0.242921741783411,-0.376656184392645,-0.131072340415068,-0.50272836085098,-0.944202897876946,-0.260105789920202,0,-0,-0,0.0503402762352189,0.0418500962402573,0.0639002973712507,0.368929058894943,0.326140842676457,0.403566958746857,0.378859053133174,0.26652979803979,0.496511146532906,0.22449279393805,0.14575338263205,0.329528115188796,0.471653595771338,0.394326955818122,0.57714800935615,-0.554252264928686,-0.595964631444682,-0.476606197236348
pmb4_zam24,742.551655022706,2440.94457477885,82.1171402884102,59.1007813161086,0.0526166498691687,0.0422825393324733,0.0719266803621277,0.00463688998863553,0.00321069182356279,0.0060207918770786,0.456826055147405,0.343595284004532,0.626842775285557,0.999999820623337,0.999999731615774,0.999999901636711,0.69533931358405,0.334390818303391,0.870858095897028,0.187322049930299,0.080921782613494,0.287898228194601,1.01256257930248,0.504312715278616,1.72961435419449,0,0,0,1.19050429231574,0.556409600396398,1.78878950807822,0.0228869531956908,0.0110497078984303,0.0358656876489057,0,0,0,0,0,0,0.0989010091140377,0.0319682675678292,0.253810812608617,0.0162760940258014,0.00655813399166857,0.0393707663001609,1.88394983665568,0.648506410308018,3.54984481436451,0,0,0,0.445037828349651,0.200764195216374,0.698839056567274,0.946108909963079,0.809798066663851,1.03344578996923,0.139576611416027,0.0690540812052366,0.215235774667171,0,0,0,-1.7083614394926,-2.15727113232849,-0.996612819173698,-0.158133972408885,-0.250331126529658,-0.0841737706139852,-2.93211955349124,-4.94166273455847,-1.107345794535,0,-0,-0,0.0274248343273163,0.0214903239320937,0.0365953640767209,0.358735898520827,0.164721172227984,0.45085708216574,0.287084157798027,0.135922458215799,0.435741711485842,0.0910922341030639,0.0330492097244604,0.179403579115648,0.809813510097928,0.689651658810784,0.913657759738896,-0.650437701769507,-0.687833143161918,-0.464528074130479
pmb34_zam24,660.064277159539,2255.80680600699,70.5599297133701,67.7150029616676,0.0661137188428874,0.0514843177291595,0.0875892279450473,0.00555159726167584,0.00401196795299599,0.00733236260887618,0.612387582167733,0.454258444348672,0.841400646874306,0.999999836716602,0.999999760227502,0.999999921005985,0.709067018468538,0.280056427894422,0.906453811005817,0.175265364760292,0.0726335385441027,0.275527003335016,1.11772486607207,0.509491382324997,1.83685420097222,0,0,0,1.11464852468756,0.629222369279044,1.82403595834648,0.0211781756750724,0.011597601327103,0.0339209573820168,0,0,0,0,0,0,0.072913823311798,0.0220687757697385,0.214805317521171,0.0127625071140892,0.00377672753958308,0.0361075813186948,1.54046656895561,0.480385428286414,3.3508761022832,0,0,0,0.447943106301632,0.248025334327745,0.760882425680428,0.963828854200509,0.833173179437797,1.04066070812356,0.145842683093203,0.0735828823944145,0.226541501284614,0,0,0,-1.71506636028444,-2.25267715906925,-1.01519320436719,-0.172872509380697,-0.251988281580762,-0.0835045060693676,-3.00617676726728,-5.19796438813404,-1.11294826497151,0,-0,-0,0.0329478755902521,0.0263294736633044,0.0432292504286213,0.342918369809987,0.140740393782057,0.44619372095955,0.262252638033076,0.147621358139776,0.432168264733664,0.0753326926113239,0.0240091682127799,0.165762499049309,0.847492568970576,0.723118222951104,0.935386507038176,-0.660494925654127,-0.705607027219319,-0.453624202921014
pmb3_zam24,615.610314636459,2219.37671754783,62.082275948015,75.8722816122754,0.0823947925090651,0.0616344889867064,0.10731870999067,0.0062137090474142,0.0044117698717641,0.00831175467415646,0.767335137301585,0.606078631714956,1.05374219392406,0.999999833161497,0.999999739046685,0.999999907686044,0.696481242220052,0.231105488074607,0.934254626344444,0.165212067494837,0.0464293152019305,0.270991488103491,1.02323241524408,0.447244929639966,2.1446147345494,0,0,0,1.25235365965519,0.571558705348802,1.83268195876062,0.0223305726360335,0.00976012523178222,0.0335744608126939,0,0,0,0,0,0,0.0671442496083633,0.0198581270874494,0.199948029991099,0.0117806568004712,0.00346348371018135,0.0339830924174521,1.51243309175191,0.452834893148749,3.73018875989411,0,0,0,0.473713820750681,0.227706369672251,0.776145400146977,0.97792596570907,0.86641748266361,1.04617069160311,0.160058042535001,0.0782663331943883,0.253691989687611,0,0,0,-1.82635686282215,-2.33484326551521,-0.955237946297946,-0.175307286245416,-0.252481897775735,-0.0921649274102508,-3.09843396673254,-6.1353893525421,-1.00034112917363,0,-0,-0,0.0386568840251976,0.0317823024105728,0.0498310230793042,0.327509552578722,0.0968023923028692,0.446504917917471,0.283106380982033,0.129937032634083,0.417850202753451,0.070219706525564,0.0205062832835246,0.157201909168767,0.874264587799828,0.765529206660938,0.952450286370976,-0.670531490452254,-0.71166981098202,-0.449088594845287
pmb2_zam24,939.366916013773,2255.91950092574,91.3540010681859,39.4099229966434,0.0273642406325434,0.0210704479648022,0.0370415945691058,0.00329376675444067,0.00247216893826708,0.00460391504543015,0.270073732960608,0.214565080542279,0.375407340237958,0.999999741746949,0.999999620341164,0.999999835577453,0.573453317390225,0.343303472509647,0.690829596542151,0.201802717482225,0.127175894915313,0.281414643271699,1.20797543309962,0.661462427725173,1.86485770302144,0,0,0,1.17567396136837,0.80869768763496,1.65007122530032,0.0315771847777506,0.0212522047862341,0.0443986175830866,0,0,0,0,0,0,0.0900679468144921,0.0332705096734599,0.214005399842478,0.0191817077855714,0.00865773936337442,0.0431448153965469,1.87086764341166,0.782220388036678,3.4906252872341,0,0,0,0.33465573930262,0.142055300674114,0.529999718384574,0.930829030819811,0.811980610206543,1.0450645031722,0.114778280429511,0.0598711584284931,0.171956245693323,0,0,0,-1.31496508981981,-1.6608293209894,-0.942860621724418,-0.20068713057323,-0.291248249168132,-0.103351758583716,-2.82646168010193,-4.53752316225932,-1.19697658497394,0,-0,-0,0.0180786772410146,0.0144884654780197,0.0234570742687825,0.369578721070987,0.22679551792035,0.430975821261802,0.355658789243729,0.246299175405425,0.5020030224557,0.107304510084396,0.0473978638146586,0.182269839542164,0.749146525710157,0.640285202781066,0.851064113349742,-0.623904692556192,-0.667841491233524,-0.5261648802714
pmb1_zam24,862.820953889915,2095.94404032092,105.500119601211,87.5750994274109,0.0666873866790772,0.0536996382508777,0.088501244466053,0.00786102971637288,0.00589889164272633,0.0100670616115939,0.545589260372098,0.383239121350406,0.700849329132334,0.999999885536634,0.999999830754906,0.999999931541104,0.522964530273269,0.318434195358734,0.66179616769379,0.202130787256332,0.102397932075042,0.297497440638993,0.782025950708368,0.46004550090159,1.28711170451581,0,0,0,1.22682132688578,0.70792011887799,1.68933050989837,0.0315850326453862,0.0188960801654742,0.0453283929254095,0,0,0,0,0,0,0.0819473838011266,0.0279011361624355,0.207193128405285,0.0204361752656304,0.00784007526636954,0.0432612613035195,1.36240449050645,0.624000942610742,2.59030049155875,0,0,0,0.335799935535942,0.140498311651424,0.541126151956225,0.933243419004912,0.787299873724061,1.06514363888291,0.0876653147839445,0.04205755078292,0.132208005162219,0,0,0,-1.34331751703674,-1.70037303431769,-0.974569915668429,-0.196525232914996,-0.293837793152062,-0.110104557225718,-2.0263506107493,-3.4466300840021,-0.929845793731117,0,-0,-0,0.0425429125506136,0.0347904637369221,0.0567525232055635,0.348449977912067,0.199416899085191,0.425441412422388,0.366685008354704,0.211520835036474,0.506036113056309,0.0966345294118853,0.0396475292790413,0.186373595918327,0.733328876719385,0.624317352788265,0.860541927532325,-0.634033893764567,-0.677259657964838,-0.537582723983247
sc6_zam24,57.3347336942961,1611.00328204073,94.2468201887128,83.5641553606183,0.931940519068108,0.748920521090438,1.25362702392072,0.00938500296848091,0.00697131189578132,0.0131782252548566,0.574657897736689,0.414222813433777,0.776015470872262,0.999999748537616,0.999997100851805,0.999999890096306,5.76479739425342,3.18436515983369,7.63649435103786,0.2008371642662,0.101253214619512,0.284392161105903,0.638247108824328,0.273253196779577,1.16738973662401,0,0,0,2.74907800041163,0.096859659821893,7.11915182100869,0.00646344618554672,0.000200653328863433,0.0166821460250691,0,0,0,0,0,0,0.661072344564145,0.134657161388201,1.77034131118149,0.0131949551866052,0.00387674750274131,0.0387020573917553,0.868828922620771,0.242774696383735,1.84037929435263,0,0,0,2.72859083788457,1.41771223223181,4.52555904077787,0.898219522081703,0.801738396935156,0.973120165646555,0.0738969651766138,0.0372569438666475,0.107154935106432,0,0,0,-16.1521024407044,-18.5723271185095,-10.2695509525245,-0.124747709841567,-0.200924144301973,-0.0710742361502013,-1.4433601856218,-2.66252988684899,-0.543393060164266,0,-0,-0,0.0711076111543759,0.0559835479937504,0.0939622892814626,0.44796784878764,0.247644123789514,0.556405194693167,0.0953139280686553,0.00336196538271786,0.24541400840102,0.0920334070832665,0.0276188095090252,0.200115961304293,0.947096250164128,0.844063721504719,0.999993351077902,-0.762123051241705,-0.841781013006808,-0.577994132387284
sc7_zam24,47.5247351165228,1713.47612096277,46.8096082606373,50.5204072998054,0.702524834603998,0.552550612071991,0.982919170093943,0.00559291965647037,0.00413297809151973,0.00743668334541406,0.721409924158967,0.542049793136434,0.983087291165721,0.999999624997525,0.999932921814904,0.999999840687364,8.15165876050034,4.35549795337735,10.4484325717928,0.21630803785581,0.106674322062518,0.301384187385125,1.40284472692949,0.476913081631571,2.49662550544586,0,0,0,4.27290980241875,0.393361112943371,10.2160896814278,0.0078377960038386,0.000661346756985246,0.0186690374966625,0,0,0,0,0,0,0.456775726147765,0.0661912575245183,1.69987875910618,0.00905988450221482,0.00127023191032389,0.0308347003577543,1.46039740395306,0.190212114980996,3.55315392384046,0,0,0,3.45564419873531,1.634617772126,5.76134346973543,0.874162897170145,0.798164639652756,0.955884091765553,0.153021419603977,0.0783898440341626,0.229721085556328,0,0,0,-20.6673252008503,-24.6599493379623,-16.1681810838757,-0.109029587571152,-0.204378178774904,-0.0527205727251897,-3.61105461765437,-5.85900184308181,-1.62901071726634,0,-0,-0,0.0437279514873328,0.0342503868628395,0.058920170351404,0.492067287390865,0.271433758294446,0.601599914116638,0.119678959200419,0.0110295517974127,0.28551397617423,0.0713841451336763,0.0102144738562079,0.16682798358196,0.965883053265103,0.877469705798342,0.999993472894061,-0.797767020042017,-0.897932256472215,-0.733996620256953
sc4_zam24,151.730738734468,1664.99738613454,91.1730796154531,81.2512340281499,0.350773452780272,0.277649966377825,0.463824181412504,0.00894739807231069,0.00683357597676968,0.0122489117706661,0.606180649900681,0.456072299515239,0.828112903151459,0.99999988198325,0.999999784788099,0.999999940535793,2.43904736412324,1.39924755445014,3.04049016718377,0.201018612866925,0.103450148060267,0.298680403291246,0.698131041532521,0.343125995396764,1.21326469632502,0,0,0,1.47966642657301,0.326365270895024,3.2541307121398,0.00851271499925471,0.00184046658600052,0.0187744208942217,0,0,0,0,0,0,0.240084200654796,0.0748487594799557,0.676030019735697,0.0130294459020034,0.00461424323634388,0.03069537272588,0.935895123292215,0.343300107596537,1.97794178633933,0,0,0,1.2143104082948,0.634021448292429,2.11700547659645,0.913289612538802,0.827793114853348,0.989788229939527,0.0773038345965216,0.0340323036320847,0.123394269970455,0,0,0,-6.09215399077379,-7.40388489004578,-3.95736246320685,-0.142464199047239,-0.235520677371148,-0.0847123119363651,-1.76462578993385,-3.02922190173635,-0.666238716200108,0,-0,-0,0.0649740629440923,0.0523603661435222,0.0855747967862401,0.43111605912083,0.250867211624078,0.540022688936137,0.126189159311073,0.0275636900334234,0.275697996653509,0.0856064336065353,0.0283733337105051,0.183225534122808,0.934816928530584,0.83890316474686,0.98583097294302,-0.74516715334432,-0.813528305144097,-0.609401793315766
sc1_zam24,766.612529068317,3831.25056161284,19847.717482642,10814.2301074662,8.4632057242965,6.57901434759157,10.3243780662347,0.466100367047393,0.361015631790445,0.629830399168772,0.387571461995256,0.294391268445203,0.503169157666688,0.999999778493288,0.999998505787864,1.00000706397036,0.856708297385255,0.000782730062634289,1.75640179590913,0.162484837095395,0.00019435498337516,0.316472190465629,0.00630429155772902,7.20307344969549e-06,0.0184691459815335,0,0,0,1.35219522244096,0.000439907963031716,4.65071424022701,0.0168481184772148,5.1437089088403e-06,0.0610389800811518,0,0,0,0,0,0,4.36554221402647,2.09641754131953,7.00974703245947,0.702174564092194,0.415022461799141,1.01031310905513,0.680239113353151,0.558932612272938,0.781656837380375,0,0,0,0.252842690931618,0.0362660800815943,0.879351791483215,0.505423474563903,0.103957910297017,1.42734614387106,0.000334819755734425,5.86521155620778e-05,0.00118054856696137,0,0,0,-17.1511825803078,-20.3198954136365,-14.8109934967001,-1.24112336994615,-2.04788208461754,-0.638685376098055,-0.094792098445501,-0.169993105847149,-0.0449029018481711,0,-0,-0,0.655335372882755,0.527802626657001,0.826544505069653,0.061712585614081,5.98191618314788e-05,0.124190399328483,0.0455407812569996,1.46081039170466e-05,0.155956711096893,0.838350208323243,0.693527904235413,0.97662078452357,0.0938279608001893,0.0187032558736049,0.265202235888258,-0.879789589215088,-0.967983988196407,-0.783862232811613
lawis_river_zam24,184.197318154599,946.524328738943,55.8769750044508,69.1619891123459,0.241502957813589,0.187063098135469,0.317363745036775,0.0130576230615503,0.010117870434277,0.0178864670347609,0.838053687481385,0.641341430332591,1.11934773484465,0.999999909254516,0.999999840160736,0.999999958363678,0.96614910887647,0.339054106661377,1.27193966765625,0.166912118826882,0.0588280380126208,0.267559719588759,0.555329944070821,0.210032521744307,1.14367579882352,0,0,0,1.06164939906728,0.373374999045574,2.22084758100622,0.013318821552608,0.00499682154591114,0.0268504846181477,0,0,0,0,0,0,0.123424637837885,0.0289928410532663,0.37899312444744,0.0123491148835522,0.00416909844796249,0.0354773178800561,0.901846576711512,0.277080274813438,1.82154421107935,0,0,0,0.705827800381061,0.371491878940108,1.11647591445646,0.948849094315452,0.855589516626513,1.02634784947325,0.0821397745556011,0.039459722343227,0.12210902368722,0,0,0,-2.81203557633294,-3.50204700380309,-1.61696955612027,-0.160500352850664,-0.244440105301539,-0.0928836384425597,-1.86484785039198,-2.86038423780494,-0.665414802307228,0,-0,-0,0.0877959303055509,0.0699311363278602,0.114092399184758,0.340889443881509,0.12190659845497,0.457253504599487,0.176577401636112,0.0609881907222248,0.366468855114696,0.0817640162982535,0.0237524006616729,0.185092967498067,0.893308022560039,0.787628204451784,0.969156438558945,-0.720504012160916,-0.768073893002935,-0.493274733232609
masinloc_river_zam24,200.963646539248,787.426848385106,67.6019344133879,43.8778100583872,0.142674787429911,0.112477289776405,0.188847403104531,0.00969319203970263,0.00728460427555828,0.0136073712114686,0.421764461262498,0.325896895319563,0.562275521657731,0.999999922754794,0.999999882223726,0.99999995836238,0.846471175129099,0.531639231729462,1.03020160298308,0.189518815105781,0.102646426427581,0.263725450232249,0.518165443150761,0.323719669320084,0.798909924907065,0,0,0,1.12427065567984,0.574513971037348,1.86511291440857,0.0186989549879148,0.00926088227597818,0.0307951606502991,0,0,0,0,0,0,0.15713119024688,0.0438896246181329,0.387568743815445,0.0226707972664189,0.00981525758821199,0.0491526618886049,0.999082428730115,0.50815209463005,1.66502799289492,0,0,0,0.473045136698169,0.223643963029518,0.836563758754603,0.947131015070369,0.816102025304056,1.04230686758871,0.049843353247262,0.0249984269435149,0.0793169860548232,0,0,0,-2.16826923257107,-2.60642227311711,-1.46251714087926,-0.179141622992733,-0.257338903255005,-0.111024605275517,-1.16799285000393,-1.92377540287913,-0.47427159103497,0,-0,-0,0.0617966236120233,0.0494117454088153,0.082205778766036,0.359259729916859,0.229504751800096,0.431764971997473,0.228103478048483,0.115938507071325,0.378360034494237,0.12552197090379,0.0620537444572005,0.220723414316386,0.803974110232903,0.695298306170519,0.903596182550499,-0.661121328585409,-0.698504684597198,-0.547709833494918
salasa_river_zam24,177.510167248865,583.642697387369,92.3492723873954,88.7710489944433,0.332651984509554,0.255497794060366,0.434939113708547,0.0289471646037815,0.0218332492629536,0.0382169541908883,0.638853921012944,0.494739224419941,0.83827472487959,0.999999961599846,0.999999941219008,0.999999979875709,0.716497467740653,0.44529068511006,0.857855997070818,0.197917283252836,0.098925449255944,0.277040102419793,0.257102530412708,0.148899714550624,0.417131611606325,0,0,0,1.10389209996757,0.544851321270882,1.75549784384216,0.0219361096115431,0.0102207219066271,0.0352741211589739,0,0,0,0,0,0,0.165335126255896,0.0640755408997128,0.434793272800499,0.0302656480798203,0.0137318742611023,0.0640882713465871,0.717326667283512,0.346242585330027,1.16829578616577,0,0,0,0.440860169372896,0.19974183929535,0.69567391294244,0.939092184072731,0.78840481313459,1.08481013958222,0.0304909615814942,0.014564798192005,0.0469103871607538,0,0,0,-2.09210700601507,-2.48642123250454,-1.56900270908385,-0.233733623676944,-0.324021087460426,-0.117046668571842,-0.730460158144542,-1.20551782424459,-0.348305472632042,0,-0,-0,0.157243980188079,0.126983552126416,0.213361086143281,0.334297214287202,0.20219372467405,0.405009764824167,0.243690682740297,0.1192681650488,0.390209045991365,0.142387044557768,0.072334327072254,0.260320803593683,0.745712801312784,0.616975192797257,0.854285577322053,-0.682484284918715,-0.728152360915541,-0.623620211156108
bagsit_river_zam24,119.556979090773,731.381572104505,41.6866201887128,25.0190392914563,0.133580679008359,0.101386966565967,0.174253926975787,0.00635499929806888,0.0046373886072159,0.00832085422254058,0.397242718199258,0.292044802413538,0.525474201392083,0.999999859157088,0.999999800851926,0.999999923646561,1.28400188496621,0.739697965923803,1.57930245703466,0.189523472265808,0.0954315222357754,0.289323825862801,0.679769368104796,0.363705779613993,1.15652337826926,0,0,0,1.3523816351006,0.441838456575363,2.55445140679618,0.0150076374338688,0.004444091038622,0.0266511357049444,0,0,0,0,0,0,0.195607332635615,0.0595619304821723,0.512246128332495,0.0188208497918279,0.00770583043901503,0.0439558777401323,1.24131622953029,0.571178517078537,2.32429716550393,0,0,0,0.766057304629297,0.41418125190595,1.16027302120025,0.915961141693813,0.79965955138399,1.001240495209,0.0807765094118034,0.0397863627706723,0.115451845554603,0,0,0,-3.39679791607707,-4.10333649607547,-2.21460353000488,-0.140504192673047,-0.219090158652066,-0.0790892903209597,-1.63091038959015,-2.90807617863842,-0.742279987042105,0,-0,-0,0.0404193163263992,0.032858903994375,0.0544902528578615,0.397028095695816,0.205657396842362,0.479836268357768,0.19463382361328,0.0627341130027067,0.362540908893535,0.114378795885424,0.0484944533213078,0.208740344446537,0.869514239699105,0.752165404574297,0.95186347252191,-0.69960729628551,-0.74315308709888,-0.540042931461271
bancal_river_zam24,181.31430872299,1360.3241147912,3452.21401637885,1436.98699686909,5.05513212007963,3.88367049253262,6.50850680575038,0.189521630202832,0.138419773107753,0.259450575599155,0.288889224546852,0.219858771723517,0.380254915676582,0.999999946088585,0.999999718009675,1.00000065091379,1.97059255600932,0.978716753440675,2.81803479703136,0.231200864454834,0.111311461283435,0.341378462894708,0.0228434293771985,0.00659288345137911,0.048104058118798,0,0,0,2.16131812409751,0.0737149002034249,4.21125651609949,0.01788232540126,0.000676896716073481,0.0360836705562685,0,0,0,0,0,0,3.692534097763,1.82868283332529,6.28870395549454,0.390567398939101,0.232616687722604,0.651126427771533,0.783031720867652,0.669806970337529,0.870958804279414,0,0,0,0.579255006542588,0.160328666649716,1.25658124922715,0.642615939406467,0.32942437870808,1.13565517043969,0.000955050427569713,0.000268148812069975,0.00215633387011752,0,0,0,-14.3044049131285,-16.300935050394,-11.9815619298073,-0.621333877042263,-1.04597268460001,-0.277729670469723,-0.122291260968702,-0.197092578742147,-0.0606471489468706,0,-0,-0,0.43404346384034,0.353371585113056,0.568881558217941,0.163905554330012,0.0768611848702384,0.227807590598351,0.0831600497011733,0.00286079039599575,0.162990415686633,0.832807563178471,0.714032842148183,0.963602761251444,0.201382356903264,0.10083671853227,0.364670117634293,-0.80666044555073,-0.889579967355071,-0.72185328465759
bucao_river_zam24,583.409234492739,1021.29682493314,447.286839594089,160.333399148168,0.185972305668307,0.137730952400091,0.250880996277451,0.0293337328168243,0.0222133909451229,0.0388886083168462,0.228649440709979,0.171747994139469,0.300116926346684,0.999999963360886,0.999999944761963,0.99999997888249,0.545321056431967,0.460752128941191,0.642165827833697,0.295723612107238,0.233649260440027,0.352105330605173,0.190641409017614,0.0818604678946909,0.286496223747247,0,0,0,0.880370831826701,0.467276408876965,1.20746289350735,0.03072263535816,0.0163743586233035,0.0442715231009581,0,0,0,0,0,0,0.409674857052294,0.16458309873055,0.792547819891326,0.118653550090629,0.06790183956626,0.196481967522525,0.881202765910744,0.713168362455658,1.08721042698476,0,0,0,0.194300430984288,0.0826490282112698,0.342597689208684,0.848421884553059,0.651940483798188,1.0475074151139,0.00865311307158192,0.00379873511313835,0.0143201547929807,0,0,0,-1.41543141279615,-1.59621218412581,-1.08253847428708,-0.340424373815671,-0.501259889043328,-0.16232146921309,-0.343727744117399,-0.516960906166948,-0.163450947142868,0,-0,-0,0.115441961206778,0.096348969286321,0.149610246672644,0.360968023726205,0.311381987050026,0.382730854031694,0.266188916976316,0.14110457692582,0.36644244284587,0.380556380733763,0.274508352155101,0.531220965510295,0.475413749675849,0.372745332096107,0.595152350857879,-0.628854421920858,-0.662839111947833,-0.586872177492099
dapya_river_zam24,142.880667024303,1051.26188068299,84.4093898522343,44.8311849490875,0.212272283623337,0.159962299852841,0.286613197570719,0.00793716021500823,0.00576398105259321,0.0109340043817691,0.33743196932159,0.260070469459551,0.443302300363057,0.999999892006933,0.999999838924356,0.999999941270113,1.61365423109642,1.08180731460467,1.949744004954,0.200621648090824,0.119982742220382,0.297577319104405,0.573015707515532,0.294735350077969,0.943794409266973,0,0,0,1.36641923048812,0.319008700324393,2.51169432890131,0.0121968884519121,0.0028535913165796,0.0217978182863433,0,0,0,0,0,0,0.271137492134616,0.0987803971852947,0.655778901911323,0.023041523057276,0.00977706895907587,0.0490539318126877,1.08696401275984,0.571012021365571,1.81173640401874,0,0,0,0.911300935513798,0.446214459406873,1.40874038714384,0.91953904650134,0.812200421012055,0.996260749138448,0.0544838953953074,0.0258498774649664,0.0843789602948978,0,0,0,-4.14367849816518,-4.80776538275115,-3.0942165460253,-0.162183040814303,-0.240389738874644,-0.0933004241888478,-1.28303563373577,-2.05669976275006,-0.526528099222935,0,-0,-0,0.0513934345748943,0.0420076750581819,0.0699957023185868,0.410087057101896,0.27136787878031,0.495267058379019,0.163696736042119,0.0379315972619704,0.298914089667692,0.136159997698178,0.0694548300170149,0.230442012006981,0.876556170541684,0.765487301637225,0.958117614050783,-0.706265006762749,-0.757837695856357,-0.615618631583128
maloma_river_zam24,235.756944807625,863.370475210862,286.660893359445,138.524243364454,0.385478993717402,0.293666279528833,0.529419624043793,0.0302528700489964,0.0216689536331655,0.0418655778922898,0.316940801302428,0.235254597093209,0.425804726033953,0.999999969948963,0.999999954902248,0.999999986867045,0.893333712270118,0.730395215526281,1.01558836711711,0.227828298537052,0.153023932289748,0.305482224504015,0.168424761249387,0.0764462758748424,0.286258019324533,0,0,0,0.923718151495288,0.407306056856471,1.41896577586195,0.0158591726987613,0.0068114299592898,0.0252966758063159,0,0,0,0,0,0,0.592115072047866,0.231595230028165,1.23394233034039,0.0854622699350983,0.0427881838700218,0.135780623724713,0.822619406270902,0.619305957160902,1.12121116629198,0,0,0,0.466256007098626,0.21894541950892,0.75778153764053,0.895822698362047,0.736856339737543,1.08977449258137,0.0130025503558342,0.00650842182813929,0.0211033337718375,0,0,0,-2.6621637655053,-3.10091369586729,-2.14336585805056,-0.294495737504008,-0.432809489404763,-0.147756161142625,-0.384049982177796,-0.651817990436618,-0.1805941966426,0,-0,-0,0.154018071866143,0.11607872532855,0.202465858781878,0.349892420371194,0.278010021043161,0.389499090197746,0.167160411223635,0.0739303146080383,0.256996808950134,0.340582847985829,0.235088725955242,0.497380892866372,0.642803869055374,0.522240426258867,0.786124166737848,-0.706521865935791,-0.759425250736229,-0.651244145005401
